-- MariaDB dump 10.19  Distrib 10.11.7-MariaDB, for debian-linux-gnu (x86_64)
--
-- Host: 10.56.240.6    Database: regional-fase2-si-backend
-- ------------------------------------------------------
-- Server version	8.0.26-google

/*!40101 SET @OLD_CHARACTER_SET_CLIENT=@@CHARACTER_SET_CLIENT */;
/*!40101 SET @OLD_CHARACTER_SET_RESULTS=@@CHARACTER_SET_RESULTS */;
/*!40101 SET @OLD_COLLATION_CONNECTION=@@COLLATION_CONNECTION */;
/*!40101 SET NAMES utf8mb4 */;
/*!40103 SET @OLD_TIME_ZONE=@@TIME_ZONE */;
/*!40103 SET TIME_ZONE='+00:00' */;
/*!40014 SET @OLD_UNIQUE_CHECKS=@@UNIQUE_CHECKS, UNIQUE_CHECKS=0 */;
/*!40014 SET @OLD_FOREIGN_KEY_CHECKS=@@FOREIGN_KEY_CHECKS, FOREIGN_KEY_CHECKS=0 */;
/*!40101 SET @OLD_SQL_MODE=@@SQL_MODE, SQL_MODE='NO_AUTO_VALUE_ON_ZERO' */;
/*!40111 SET @OLD_SQL_NOTES=@@SQL_NOTES, SQL_NOTES=0 */;

--
-- Table structure for table `SequelizeMeta`
--

DROP TABLE IF EXISTS `SequelizeMeta`;
/*!40101 SET @saved_cs_client     = @@character_set_client */;
/*!40101 SET character_set_client = utf8 */;
CREATE TABLE `SequelizeMeta` (
  `name` varchar(255) CHARACTER SET utf8 COLLATE utf8_unicode_ci NOT NULL,
  PRIMARY KEY (`name`),
  UNIQUE KEY `name` (`name`)
) ENGINE=InnoDB DEFAULT CHARSET=utf8mb3 COLLATE=utf8_unicode_ci;
/*!40101 SET character_set_client = @saved_cs_client */;

--
-- Dumping data for table `SequelizeMeta`
--

LOCK TABLES `SequelizeMeta` WRITE;
/*!40000 ALTER TABLE `SequelizeMeta` DISABLE KEYS */;
/*!40000 ALTER TABLE `SequelizeMeta` ENABLE KEYS */;
UNLOCK TABLES;

--
-- Table structure for table `action`
--

DROP TABLE IF EXISTS `action`;
/*!40101 SET @saved_cs_client     = @@character_set_client */;
/*!40101 SET character_set_client = utf8 */;
CREATE TABLE `action` (
  `action_id` int NOT NULL AUTO_INCREMENT,
  `name` varchar(255) NOT NULL,
  `date_creation` datetime NOT NULL DEFAULT CURRENT_TIMESTAMP,
  `date_modification` datetime NOT NULL DEFAULT CURRENT_TIMESTAMP,
  `date_delete` datetime DEFAULT NULL,
  PRIMARY KEY (`action_id`),
  UNIQUE KEY `name` (`name`)
) ENGINE=InnoDB AUTO_INCREMENT=2 DEFAULT CHARSET=utf8mb4 COLLATE=utf8mb4_0900_ai_ci;
/*!40101 SET character_set_client = @saved_cs_client */;

--
-- Dumping data for table `action`
--

LOCK TABLES `action` WRITE;
/*!40000 ALTER TABLE `action` DISABLE KEYS */;
INSERT INTO `action` VALUES
(1,'login','2024-03-26 21:02:06','2024-03-26 21:02:06',NULL);
/*!40000 ALTER TABLE `action` ENABLE KEYS */;
UNLOCK TABLES;

--
-- Table structure for table `action_log`
--

DROP TABLE IF EXISTS `action_log`;
/*!40101 SET @saved_cs_client     = @@character_set_client */;
/*!40101 SET character_set_client = utf8 */;
CREATE TABLE `action_log` (
  `actlog_id` int NOT NULL AUTO_INCREMENT,
  `user_id` char(36) DEFAULT NULL,
  `action_id` int NOT NULL,
  `date_creation` datetime NOT NULL DEFAULT CURRENT_TIMESTAMP,
  `date_modification` datetime NOT NULL DEFAULT CURRENT_TIMESTAMP,
  PRIMARY KEY (`actlog_id`),
  KEY `user_id` (`user_id`),
  KEY `action_id` (`action_id`),
  CONSTRAINT `action_log_ibfk_2` FOREIGN KEY (`action_id`) REFERENCES `action` (`action_id`),
  CONSTRAINT `fk_action_log_user` FOREIGN KEY (`user_id`) REFERENCES `user` (`user_id`)
) ENGINE=InnoDB AUTO_INCREMENT=4086 DEFAULT CHARSET=utf8mb4 COLLATE=utf8mb4_0900_ai_ci;
/*!40101 SET character_set_client = @saved_cs_client */;

--
-- Dumping data for table `action_log`
--

LOCK TABLES `action_log` WRITE;
/*!40000 ALTER TABLE `action_log` DISABLE KEYS */;
INSERT INTO `action_log` VALUES
(2,'cbadffd1-1c4b-11ef-9214-42010a8e0014',1,'2024-03-27 20:31:38','2024-03-27 20:31:38'),
(3,'cbae0bf0-1c4b-11ef-9214-42010a8e0014',1,'2024-03-27 20:33:17','2024-03-27 20:33:17'),
(4,'cbadffd1-1c4b-11ef-9214-42010a8e0014',1,'2024-04-02 16:33:47','2024-04-02 16:33:47'),
(5,'cbadffd1-1c4b-11ef-9214-42010a8e0014',1,'2024-04-02 16:37:26','2024-04-02 16:37:26'),
(6,'cbadffd1-1c4b-11ef-9214-42010a8e0014',1,'2024-04-02 16:38:21','2024-04-02 16:38:21'),
(7,'cbadffd1-1c4b-11ef-9214-42010a8e0014',1,'2024-04-02 17:28:24','2024-04-02 17:28:24'),
(8,'cbadffd1-1c4b-11ef-9214-42010a8e0014',1,'2024-04-05 13:10:44','2024-04-05 13:10:44'),
(9,'cbadffd1-1c4b-11ef-9214-42010a8e0014',1,'2024-04-05 13:15:11','2024-04-05 13:15:11'),
(10,'cbae0828-1c4b-11ef-9214-42010a8e0014',1,'2024-04-05 13:38:04','2024-04-05 13:38:04'),
(13,'cbae08ce-1c4b-11ef-9214-42010a8e0014',1,'2024-04-05 13:39:41','2024-04-05 13:39:41'),
(14,'cbadffd1-1c4b-11ef-9214-42010a8e0014',1,'2024-04-05 15:41:03','2024-04-05 15:41:03'),
(15,'cbadffd1-1c4b-11ef-9214-42010a8e0014',1,'2024-04-05 15:44:53','2024-04-05 15:44:53'),
(16,'cbadffd1-1c4b-11ef-9214-42010a8e0014',1,'2024-04-05 15:51:58','2024-04-05 15:51:58'),
(17,'cbadffd1-1c4b-11ef-9214-42010a8e0014',1,'2024-04-09 13:14:27','2024-04-09 13:14:27'),
(18,'cbae08ce-1c4b-11ef-9214-42010a8e0014',1,'2024-04-09 13:28:33','2024-04-09 13:28:33'),
(20,'cbadffd1-1c4b-11ef-9214-42010a8e0014',1,'2024-04-09 14:17:24','2024-04-09 14:17:24'),
(21,'cbadffd1-1c4b-11ef-9214-42010a8e0014',1,'2024-04-09 15:23:29','2024-04-09 15:23:29'),
(22,'cbadffd1-1c4b-11ef-9214-42010a8e0014',1,'2024-04-09 16:25:43','2024-04-09 16:25:43'),
(23,'cbadffd1-1c4b-11ef-9214-42010a8e0014',1,'2024-04-09 16:30:12','2024-04-09 16:30:12'),
(24,'cbadffd1-1c4b-11ef-9214-42010a8e0014',1,'2024-04-09 16:38:53','2024-04-09 16:38:53'),
(26,'cbadffd1-1c4b-11ef-9214-42010a8e0014',1,'2024-04-09 18:56:09','2024-04-09 18:56:09'),
(27,'cbadffd1-1c4b-11ef-9214-42010a8e0014',1,'2024-04-09 19:17:03','2024-04-09 19:17:03'),
(28,'cbadffd1-1c4b-11ef-9214-42010a8e0014',1,'2024-04-09 19:28:11','2024-04-09 19:28:11'),
(29,'cbadffd1-1c4b-11ef-9214-42010a8e0014',1,'2024-04-09 19:32:05','2024-04-09 19:32:05'),
(30,'cbadffd1-1c4b-11ef-9214-42010a8e0014',1,'2024-04-09 19:33:49','2024-04-09 19:33:49'),
(31,'cbae09a3-1c4b-11ef-9214-42010a8e0014',1,'2024-04-09 19:34:52','2024-04-09 19:34:52'),
(32,'cbae09a3-1c4b-11ef-9214-42010a8e0014',1,'2024-04-09 19:47:22','2024-04-09 19:47:22'),
(33,'cbadffd1-1c4b-11ef-9214-42010a8e0014',1,'2024-04-09 20:03:03','2024-04-09 20:03:03'),
(34,'cbadffd1-1c4b-11ef-9214-42010a8e0014',1,'2024-04-09 20:18:15','2024-04-09 20:18:15'),
(35,'cbadffd1-1c4b-11ef-9214-42010a8e0014',1,'2024-04-09 20:38:32','2024-04-09 20:38:32'),
(37,'cbadffd1-1c4b-11ef-9214-42010a8e0014',1,'2024-04-09 21:02:29','2024-04-09 21:02:29'),
(38,'cbae09a3-1c4b-11ef-9214-42010a8e0014',1,'2024-04-09 21:27:08','2024-04-09 21:27:08'),
(41,'cbadffd1-1c4b-11ef-9214-42010a8e0014',1,'2024-04-09 22:12:23','2024-04-09 22:12:23'),
(43,'cbae09a3-1c4b-11ef-9214-42010a8e0014',1,'2024-04-09 22:14:30','2024-04-09 22:14:30'),
(45,'cbadffd1-1c4b-11ef-9214-42010a8e0014',1,'2024-04-09 22:23:08','2024-04-09 22:23:08'),
(46,'cbadffd1-1c4b-11ef-9214-42010a8e0014',1,'2024-04-10 12:08:06','2024-04-10 12:08:06'),
(47,'cbadffd1-1c4b-11ef-9214-42010a8e0014',1,'2024-04-10 14:01:25','2024-04-10 14:01:25'),
(48,'cbadffd1-1c4b-11ef-9214-42010a8e0014',1,'2024-04-10 14:15:59','2024-04-10 14:15:59'),
(49,'cbadffd1-1c4b-11ef-9214-42010a8e0014',1,'2024-04-10 14:22:25','2024-04-10 14:22:25'),
(50,'cbadffd1-1c4b-11ef-9214-42010a8e0014',1,'2024-04-10 14:28:05','2024-04-10 14:28:05'),
(51,'cbadffd1-1c4b-11ef-9214-42010a8e0014',1,'2024-04-10 14:31:07','2024-04-10 14:31:07'),
(52,'cbadffd1-1c4b-11ef-9214-42010a8e0014',1,'2024-04-10 15:22:59','2024-04-10 15:22:59'),
(54,'cbadffd1-1c4b-11ef-9214-42010a8e0014',1,'2024-04-10 15:25:55','2024-04-10 15:25:55'),
(55,'cbadffd1-1c4b-11ef-9214-42010a8e0014',1,'2024-04-10 15:25:59','2024-04-10 15:25:59'),
(56,'cbae0828-1c4b-11ef-9214-42010a8e0014',1,'2024-04-10 15:33:23','2024-04-10 15:33:23'),
(57,'cbadffd1-1c4b-11ef-9214-42010a8e0014',1,'2024-04-10 15:35:06','2024-04-10 15:35:06'),
(59,'cbadffd1-1c4b-11ef-9214-42010a8e0014',1,'2024-04-10 18:36:00','2024-04-10 18:36:00'),
(61,'cbadffd1-1c4b-11ef-9214-42010a8e0014',1,'2024-04-10 18:41:31','2024-04-10 18:41:31'),
(63,'cbadffd1-1c4b-11ef-9214-42010a8e0014',1,'2024-04-10 18:43:14','2024-04-10 18:43:14'),
(66,'cbadffd1-1c4b-11ef-9214-42010a8e0014',1,'2024-04-10 18:53:07','2024-04-10 18:53:07'),
(67,'cbadffd1-1c4b-11ef-9214-42010a8e0014',1,'2024-04-10 18:54:55','2024-04-10 18:54:55'),
(68,'cbadffd1-1c4b-11ef-9214-42010a8e0014',1,'2024-04-10 19:46:33','2024-04-10 19:46:33'),
(70,'cbadffd1-1c4b-11ef-9214-42010a8e0014',1,'2024-04-10 20:35:10','2024-04-10 20:35:10'),
(72,'cbadffd1-1c4b-11ef-9214-42010a8e0014',1,'2024-04-10 20:43:24','2024-04-10 20:43:24'),
(73,'cbae09a3-1c4b-11ef-9214-42010a8e0014',1,'2024-04-10 21:46:41','2024-04-10 21:46:41'),
(74,'cbae0828-1c4b-11ef-9214-42010a8e0014',1,'2024-04-10 21:51:56','2024-04-10 21:51:56'),
(75,'cbae0828-1c4b-11ef-9214-42010a8e0014',1,'2024-04-10 21:52:36','2024-04-10 21:52:36'),
(77,'cbae08ce-1c4b-11ef-9214-42010a8e0014',1,'2024-04-10 21:58:47','2024-04-10 21:58:47'),
(78,'cbadffd1-1c4b-11ef-9214-42010a8e0014',1,'2024-04-11 11:25:11','2024-04-11 11:25:11'),
(79,'cbadffd1-1c4b-11ef-9214-42010a8e0014',1,'2024-04-11 14:47:46','2024-04-11 14:47:46'),
(80,'cbadffd1-1c4b-11ef-9214-42010a8e0014',1,'2024-04-11 15:26:06','2024-04-11 15:26:06'),
(81,'cbadffd1-1c4b-11ef-9214-42010a8e0014',1,'2024-04-11 15:45:49','2024-04-11 15:45:49'),
(83,'cbadffd1-1c4b-11ef-9214-42010a8e0014',1,'2024-04-11 15:59:42','2024-04-11 15:59:42'),
(85,'cbadffd1-1c4b-11ef-9214-42010a8e0014',1,'2024-04-11 16:01:06','2024-04-11 16:01:06'),
(87,'cbadffd1-1c4b-11ef-9214-42010a8e0014',1,'2024-04-11 16:02:36','2024-04-11 16:02:36'),
(89,'cbadffd1-1c4b-11ef-9214-42010a8e0014',1,'2024-04-11 16:12:41','2024-04-11 16:12:41'),
(91,'cbadffd1-1c4b-11ef-9214-42010a8e0014',1,'2024-04-11 16:15:34','2024-04-11 16:15:34'),
(93,'cbadffd1-1c4b-11ef-9214-42010a8e0014',1,'2024-04-11 16:33:39','2024-04-11 16:33:39'),
(94,'cbadffd1-1c4b-11ef-9214-42010a8e0014',1,'2024-04-11 17:01:19','2024-04-11 17:01:19'),
(96,'cbadffd1-1c4b-11ef-9214-42010a8e0014',1,'2024-04-11 17:14:11','2024-04-11 17:14:11'),
(98,'cbadffd1-1c4b-11ef-9214-42010a8e0014',1,'2024-04-11 17:15:56','2024-04-11 17:15:56'),
(100,'cbadffd1-1c4b-11ef-9214-42010a8e0014',1,'2024-04-11 19:14:44','2024-04-11 19:14:44'),
(102,'cbadffd1-1c4b-11ef-9214-42010a8e0014',1,'2024-04-11 19:20:06','2024-04-11 19:20:06'),
(103,'cbadffd1-1c4b-11ef-9214-42010a8e0014',1,'2024-04-11 19:41:51','2024-04-11 19:41:51'),
(104,'cbadffd1-1c4b-11ef-9214-42010a8e0014',1,'2024-04-11 19:43:04','2024-04-11 19:43:04'),
(105,'cbadffd1-1c4b-11ef-9214-42010a8e0014',1,'2024-04-11 20:33:30','2024-04-11 20:33:30'),
(107,'cbadffd1-1c4b-11ef-9214-42010a8e0014',1,'2024-04-11 20:37:27','2024-04-11 20:37:27'),
(108,'cbadffd1-1c4b-11ef-9214-42010a8e0014',1,'2024-04-11 20:40:30','2024-04-11 20:40:30'),
(109,'cbadffd1-1c4b-11ef-9214-42010a8e0014',1,'2024-04-11 20:44:16','2024-04-11 20:44:16'),
(112,'cbadffd1-1c4b-11ef-9214-42010a8e0014',1,'2024-04-11 21:04:08','2024-04-11 21:04:08'),
(114,'cbadffd1-1c4b-11ef-9214-42010a8e0014',1,'2024-04-11 21:18:14','2024-04-11 21:18:14'),
(115,'cbadffd1-1c4b-11ef-9214-42010a8e0014',1,'2024-04-11 23:14:55','2024-04-11 23:14:55'),
(116,'cbadffd1-1c4b-11ef-9214-42010a8e0014',1,'2024-04-11 23:18:11','2024-04-11 23:18:11'),
(118,'cbadffd1-1c4b-11ef-9214-42010a8e0014',1,'2024-04-12 01:20:02','2024-04-12 01:20:02'),
(120,'cbadffd1-1c4b-11ef-9214-42010a8e0014',1,'2024-04-12 01:23:25','2024-04-12 01:23:25'),
(123,'cbadffd1-1c4b-11ef-9214-42010a8e0014',1,'2024-04-12 02:09:08','2024-04-12 02:09:08'),
(125,'cbadffd1-1c4b-11ef-9214-42010a8e0014',1,'2024-04-12 02:10:15','2024-04-12 02:10:15'),
(126,'cbadffd1-1c4b-11ef-9214-42010a8e0014',1,'2024-04-12 02:25:55','2024-04-12 02:25:55'),
(128,'cbadffd1-1c4b-11ef-9214-42010a8e0014',1,'2024-04-12 11:26:55','2024-04-12 11:26:55'),
(130,'cbadffd1-1c4b-11ef-9214-42010a8e0014',1,'2024-04-12 11:58:45','2024-04-12 11:58:45'),
(132,'cbadffd1-1c4b-11ef-9214-42010a8e0014',1,'2024-04-12 12:08:06','2024-04-12 12:08:06'),
(134,'cbadffd1-1c4b-11ef-9214-42010a8e0014',1,'2024-04-12 12:29:00','2024-04-12 12:29:00'),
(135,'cbadffd1-1c4b-11ef-9214-42010a8e0014',1,'2024-04-12 14:09:39','2024-04-12 14:09:39'),
(136,'cbadffd1-1c4b-11ef-9214-42010a8e0014',1,'2024-04-12 14:51:31','2024-04-12 14:51:31'),
(137,'cbadffd1-1c4b-11ef-9214-42010a8e0014',1,'2024-04-12 14:52:48','2024-04-12 14:52:48'),
(138,'cbae0de3-1c4b-11ef-9214-42010a8e0014',1,'2024-04-12 14:53:59','2024-04-12 14:53:59'),
(139,'cbadffd1-1c4b-11ef-9214-42010a8e0014',1,'2024-04-12 15:01:07','2024-04-12 15:01:07'),
(140,'cbae0de3-1c4b-11ef-9214-42010a8e0014',1,'2024-04-12 15:05:53','2024-04-12 15:05:53'),
(141,'cbadffd1-1c4b-11ef-9214-42010a8e0014',1,'2024-04-12 15:28:40','2024-04-12 15:28:40'),
(142,'cbadffd1-1c4b-11ef-9214-42010a8e0014',1,'2024-04-12 15:29:59','2024-04-12 15:29:59'),
(143,'cbae0828-1c4b-11ef-9214-42010a8e0014',1,'2024-04-12 15:34:51','2024-04-12 15:34:51'),
(144,'cbae0de3-1c4b-11ef-9214-42010a8e0014',1,'2024-04-12 15:35:42','2024-04-12 15:35:42'),
(145,'cbae08ce-1c4b-11ef-9214-42010a8e0014',1,'2024-04-12 15:36:11','2024-04-12 15:36:11'),
(146,'cbadffd1-1c4b-11ef-9214-42010a8e0014',1,'2024-04-12 15:39:18','2024-04-12 15:39:18'),
(147,'cbae0de3-1c4b-11ef-9214-42010a8e0014',1,'2024-04-12 15:53:40','2024-04-12 15:53:40'),
(148,'cbadffd1-1c4b-11ef-9214-42010a8e0014',1,'2024-04-12 15:54:55','2024-04-12 15:54:55'),
(149,'cbadffd1-1c4b-11ef-9214-42010a8e0014',1,'2024-04-12 16:15:43','2024-04-12 16:15:43'),
(151,'cbadffd1-1c4b-11ef-9214-42010a8e0014',1,'2024-04-12 16:42:39','2024-04-12 16:42:39'),
(152,'cbadffd1-1c4b-11ef-9214-42010a8e0014',1,'2024-04-12 16:43:39','2024-04-12 16:43:39'),
(154,'cbadffd1-1c4b-11ef-9214-42010a8e0014',1,'2024-04-12 17:10:58','2024-04-12 17:10:58'),
(155,'cbadffd1-1c4b-11ef-9214-42010a8e0014',1,'2024-04-12 17:18:40','2024-04-12 17:18:40'),
(156,'cbadffd1-1c4b-11ef-9214-42010a8e0014',1,'2024-04-12 17:38:45','2024-04-12 17:38:45'),
(157,'cbae08ce-1c4b-11ef-9214-42010a8e0014',1,'2024-04-12 17:48:47','2024-04-12 17:48:47'),
(158,'cbae0828-1c4b-11ef-9214-42010a8e0014',1,'2024-04-12 17:50:11','2024-04-12 17:50:11'),
(159,'cbadffd1-1c4b-11ef-9214-42010a8e0014',1,'2024-04-12 18:07:05','2024-04-12 18:07:05'),
(160,'cbadffd1-1c4b-11ef-9214-42010a8e0014',1,'2024-04-12 18:30:01','2024-04-12 18:30:01'),
(161,'cbae0828-1c4b-11ef-9214-42010a8e0014',1,'2024-04-12 18:44:39','2024-04-12 18:44:39'),
(164,'cbadffd1-1c4b-11ef-9214-42010a8e0014',1,'2024-04-12 18:53:58','2024-04-12 18:53:58'),
(166,'cbadffd1-1c4b-11ef-9214-42010a8e0014',1,'2024-04-12 18:58:41','2024-04-12 18:58:41'),
(167,'cbadffd1-1c4b-11ef-9214-42010a8e0014',1,'2024-04-12 19:04:01','2024-04-12 19:04:01'),
(169,'cbadffd1-1c4b-11ef-9214-42010a8e0014',1,'2024-04-12 19:19:40','2024-04-12 19:19:40'),
(170,'cbadffd1-1c4b-11ef-9214-42010a8e0014',1,'2024-04-12 19:20:06','2024-04-12 19:20:06'),
(171,'cbadffd1-1c4b-11ef-9214-42010a8e0014',1,'2024-04-12 19:20:26','2024-04-12 19:20:26'),
(172,'cbae0828-1c4b-11ef-9214-42010a8e0014',1,'2024-04-12 19:26:38','2024-04-12 19:26:38'),
(173,'cbadffd1-1c4b-11ef-9214-42010a8e0014',1,'2024-04-12 20:06:49','2024-04-12 20:06:49'),
(174,'cbadffd1-1c4b-11ef-9214-42010a8e0014',1,'2024-04-12 20:15:39','2024-04-12 20:15:39'),
(175,'cbadffd1-1c4b-11ef-9214-42010a8e0014',1,'2024-04-12 20:41:06','2024-04-12 20:41:06'),
(176,'cbadffd1-1c4b-11ef-9214-42010a8e0014',1,'2024-04-12 21:00:55','2024-04-12 21:00:55'),
(177,'cbae0ef0-1c4b-11ef-9214-42010a8e0014',1,'2024-04-12 21:38:31','2024-04-12 21:38:31'),
(178,'cbae110b-1c4b-11ef-9214-42010a8e0014',1,'2024-04-12 21:40:03','2024-04-12 21:40:03'),
(179,'cbae118f-1c4b-11ef-9214-42010a8e0014',1,'2024-04-12 21:40:07','2024-04-12 21:40:07'),
(180,'cbae1323-1c4b-11ef-9214-42010a8e0014',1,'2024-04-12 21:41:10','2024-04-12 21:41:10'),
(181,'cbadffd1-1c4b-11ef-9214-42010a8e0014',1,'2024-04-15 11:56:02','2024-04-15 11:56:02'),
(182,'cbae0ef0-1c4b-11ef-9214-42010a8e0014',1,'2024-04-15 12:01:41','2024-04-15 12:01:41'),
(183,'cbae0ef0-1c4b-11ef-9214-42010a8e0014',1,'2024-04-15 12:02:00','2024-04-15 12:02:00'),
(184,'cbae118f-1c4b-11ef-9214-42010a8e0014',1,'2024-04-15 12:02:22','2024-04-15 12:02:22'),
(185,'cbadffd1-1c4b-11ef-9214-42010a8e0014',1,'2024-04-15 12:02:32','2024-04-15 12:02:32'),
(186,'cbae0ef0-1c4b-11ef-9214-42010a8e0014',1,'2024-04-15 12:11:05','2024-04-15 12:11:05'),
(187,'cbae0ef0-1c4b-11ef-9214-42010a8e0014',1,'2024-04-15 12:12:07','2024-04-15 12:12:07'),
(188,'cbadffd1-1c4b-11ef-9214-42010a8e0014',1,'2024-04-15 12:14:27','2024-04-15 12:14:27'),
(189,'cbae0ef0-1c4b-11ef-9214-42010a8e0014',1,'2024-04-15 12:15:08','2024-04-15 12:15:08'),
(190,'cbae0ef0-1c4b-11ef-9214-42010a8e0014',1,'2024-04-15 12:18:58','2024-04-15 12:18:58'),
(191,'cbae0ef0-1c4b-11ef-9214-42010a8e0014',1,'2024-04-15 12:25:51','2024-04-15 12:25:51'),
(192,'cbadffd1-1c4b-11ef-9214-42010a8e0014',1,'2024-04-15 12:28:00','2024-04-15 12:28:00'),
(193,'cbae0828-1c4b-11ef-9214-42010a8e0014',1,'2024-04-15 12:29:32','2024-04-15 12:29:32'),
(194,'cbae1323-1c4b-11ef-9214-42010a8e0014',1,'2024-04-15 12:35:52','2024-04-15 12:35:52'),
(195,'cbae0828-1c4b-11ef-9214-42010a8e0014',1,'2024-04-15 12:36:37','2024-04-15 12:36:37'),
(196,'cbae0ef0-1c4b-11ef-9214-42010a8e0014',1,'2024-04-15 12:41:10','2024-04-15 12:41:10'),
(197,'cbae0828-1c4b-11ef-9214-42010a8e0014',1,'2024-04-15 12:41:49','2024-04-15 12:41:49'),
(198,'cbae0828-1c4b-11ef-9214-42010a8e0014',1,'2024-04-15 12:44:09','2024-04-15 12:44:09'),
(199,'cbadffd1-1c4b-11ef-9214-42010a8e0014',1,'2024-04-15 12:51:24','2024-04-15 12:51:24'),
(200,'cbadffd1-1c4b-11ef-9214-42010a8e0014',1,'2024-04-15 12:53:13','2024-04-15 12:53:13'),
(201,'cbae0ef0-1c4b-11ef-9214-42010a8e0014',1,'2024-04-15 12:55:21','2024-04-15 12:55:21'),
(202,'cbadffd1-1c4b-11ef-9214-42010a8e0014',1,'2024-04-15 12:55:56','2024-04-15 12:55:56'),
(203,'cbae0ef0-1c4b-11ef-9214-42010a8e0014',1,'2024-04-15 13:05:11','2024-04-15 13:05:11'),
(204,'cbadffd1-1c4b-11ef-9214-42010a8e0014',1,'2024-04-15 13:22:45','2024-04-15 13:22:45'),
(205,'cbae0ef0-1c4b-11ef-9214-42010a8e0014',1,'2024-04-15 13:30:57','2024-04-15 13:30:57'),
(206,'cbadffd1-1c4b-11ef-9214-42010a8e0014',1,'2024-04-15 13:32:19','2024-04-15 13:32:19'),
(207,'cbae0ef0-1c4b-11ef-9214-42010a8e0014',1,'2024-04-15 14:25:19','2024-04-15 14:25:19'),
(208,'cbae0828-1c4b-11ef-9214-42010a8e0014',1,'2024-04-15 14:26:34','2024-04-15 14:26:34'),
(209,'cbadffd1-1c4b-11ef-9214-42010a8e0014',1,'2024-04-15 14:27:24','2024-04-15 14:27:24'),
(210,'cbadffd1-1c4b-11ef-9214-42010a8e0014',1,'2024-04-15 14:28:57','2024-04-15 14:28:57'),
(211,'cbae0828-1c4b-11ef-9214-42010a8e0014',1,'2024-04-15 14:30:26','2024-04-15 14:30:26'),
(212,'cbae0ef0-1c4b-11ef-9214-42010a8e0014',1,'2024-04-15 14:33:27','2024-04-15 14:33:27'),
(213,'cbae0ef0-1c4b-11ef-9214-42010a8e0014',1,'2024-04-15 14:33:39','2024-04-15 14:33:39'),
(214,'cbae0ef0-1c4b-11ef-9214-42010a8e0014',1,'2024-04-15 14:37:18','2024-04-15 14:37:18'),
(215,'cbae0ef0-1c4b-11ef-9214-42010a8e0014',1,'2024-04-15 14:40:56','2024-04-15 14:40:56'),
(216,'cbae0828-1c4b-11ef-9214-42010a8e0014',1,'2024-04-15 14:41:08','2024-04-15 14:41:08'),
(217,'cbae0828-1c4b-11ef-9214-42010a8e0014',1,'2024-04-15 14:46:00','2024-04-15 14:46:00'),
(218,'cbae0828-1c4b-11ef-9214-42010a8e0014',1,'2024-04-15 14:48:23','2024-04-15 14:48:23'),
(219,'cbae0ef0-1c4b-11ef-9214-42010a8e0014',1,'2024-04-15 14:49:00','2024-04-15 14:49:00'),
(220,'cbadffd1-1c4b-11ef-9214-42010a8e0014',1,'2024-04-15 14:49:39','2024-04-15 14:49:39'),
(221,'cbae1323-1c4b-11ef-9214-42010a8e0014',1,'2024-04-15 14:51:35','2024-04-15 14:51:35'),
(222,'cbadffd1-1c4b-11ef-9214-42010a8e0014',1,'2024-04-15 14:57:53','2024-04-15 14:57:53'),
(223,'cbadffd1-1c4b-11ef-9214-42010a8e0014',1,'2024-04-15 15:01:41','2024-04-15 15:01:41'),
(224,'cbadffd1-1c4b-11ef-9214-42010a8e0014',1,'2024-04-15 15:04:56','2024-04-15 15:04:56'),
(225,'cbadffd1-1c4b-11ef-9214-42010a8e0014',1,'2024-04-15 15:06:16','2024-04-15 15:06:16'),
(226,'cbae1323-1c4b-11ef-9214-42010a8e0014',1,'2024-04-15 15:07:26','2024-04-15 15:07:26'),
(227,'cbae1323-1c4b-11ef-9214-42010a8e0014',1,'2024-04-15 15:07:31','2024-04-15 15:07:31'),
(228,'cbadffd1-1c4b-11ef-9214-42010a8e0014',1,'2024-04-15 15:11:10','2024-04-15 15:11:10'),
(229,'cbae118f-1c4b-11ef-9214-42010a8e0014',1,'2024-04-15 15:11:57','2024-04-15 15:11:57'),
(230,'cbadffd1-1c4b-11ef-9214-42010a8e0014',1,'2024-04-15 15:12:24','2024-04-15 15:12:24'),
(231,'cbae1323-1c4b-11ef-9214-42010a8e0014',1,'2024-04-15 15:12:28','2024-04-15 15:12:28'),
(232,'cbae1323-1c4b-11ef-9214-42010a8e0014',1,'2024-04-15 15:12:40','2024-04-15 15:12:40'),
(233,'cbae0ef0-1c4b-11ef-9214-42010a8e0014',1,'2024-04-15 15:13:45','2024-04-15 15:13:45'),
(234,'cbadffd1-1c4b-11ef-9214-42010a8e0014',1,'2024-04-15 15:16:30','2024-04-15 15:16:30'),
(235,'cbae0ef0-1c4b-11ef-9214-42010a8e0014',1,'2024-04-15 15:18:50','2024-04-15 15:18:50'),
(236,'cbae0ef0-1c4b-11ef-9214-42010a8e0014',1,'2024-04-15 15:20:06','2024-04-15 15:20:06'),
(237,'cbae0ef0-1c4b-11ef-9214-42010a8e0014',1,'2024-04-15 15:22:28','2024-04-15 15:22:28'),
(238,'cbae0ef0-1c4b-11ef-9214-42010a8e0014',1,'2024-04-15 15:22:54','2024-04-15 15:22:54'),
(239,'cbae110b-1c4b-11ef-9214-42010a8e0014',1,'2024-04-15 15:23:09','2024-04-15 15:23:09'),
(240,'cbae118f-1c4b-11ef-9214-42010a8e0014',1,'2024-04-15 15:23:23','2024-04-15 15:23:23'),
(241,'cbae1323-1c4b-11ef-9214-42010a8e0014',1,'2024-04-15 15:23:35','2024-04-15 15:23:35'),
(242,'cbae1323-1c4b-11ef-9214-42010a8e0014',1,'2024-04-15 15:23:51','2024-04-15 15:23:51'),
(243,'cbae1323-1c4b-11ef-9214-42010a8e0014',1,'2024-04-15 15:24:38','2024-04-15 15:24:38'),
(244,'cbae1323-1c4b-11ef-9214-42010a8e0014',1,'2024-04-15 15:27:25','2024-04-15 15:27:25'),
(245,'cbadffd1-1c4b-11ef-9214-42010a8e0014',1,'2024-04-15 15:41:27','2024-04-15 15:41:27'),
(246,'cbae1323-1c4b-11ef-9214-42010a8e0014',1,'2024-04-15 15:51:33','2024-04-15 15:51:33'),
(247,'cbae1323-1c4b-11ef-9214-42010a8e0014',1,'2024-04-15 15:52:09','2024-04-15 15:52:09'),
(248,'cbae1323-1c4b-11ef-9214-42010a8e0014',1,'2024-04-15 15:53:05','2024-04-15 15:53:05'),
(249,'cbae1323-1c4b-11ef-9214-42010a8e0014',1,'2024-04-15 15:54:20','2024-04-15 15:54:20'),
(250,'cbae1323-1c4b-11ef-9214-42010a8e0014',1,'2024-04-15 15:55:27','2024-04-15 15:55:27'),
(251,'cbae1323-1c4b-11ef-9214-42010a8e0014',1,'2024-04-15 15:59:06','2024-04-15 15:59:06'),
(252,'cbae1323-1c4b-11ef-9214-42010a8e0014',1,'2024-04-15 15:59:40','2024-04-15 15:59:40'),
(253,'cbae1323-1c4b-11ef-9214-42010a8e0014',1,'2024-04-15 15:59:45','2024-04-15 15:59:45'),
(254,'cbae1323-1c4b-11ef-9214-42010a8e0014',1,'2024-04-15 16:02:38','2024-04-15 16:02:38'),
(255,'cbae1323-1c4b-11ef-9214-42010a8e0014',1,'2024-04-15 16:03:06','2024-04-15 16:03:06'),
(256,'cbae1323-1c4b-11ef-9214-42010a8e0014',1,'2024-04-15 16:03:20','2024-04-15 16:03:20'),
(257,'cbae1323-1c4b-11ef-9214-42010a8e0014',1,'2024-04-15 16:03:54','2024-04-15 16:03:54'),
(258,'cbae1323-1c4b-11ef-9214-42010a8e0014',1,'2024-04-15 16:29:17','2024-04-15 16:29:17'),
(259,'cbae1323-1c4b-11ef-9214-42010a8e0014',1,'2024-04-15 16:29:23','2024-04-15 16:29:23'),
(260,'cbae1323-1c4b-11ef-9214-42010a8e0014',1,'2024-04-15 16:29:55','2024-04-15 16:29:55'),
(261,'cbae1323-1c4b-11ef-9214-42010a8e0014',1,'2024-04-15 16:30:10','2024-04-15 16:30:10'),
(262,'cbadffd1-1c4b-11ef-9214-42010a8e0014',1,'2024-04-15 16:33:15','2024-04-15 16:33:15'),
(263,'cbae1323-1c4b-11ef-9214-42010a8e0014',1,'2024-04-15 16:38:16','2024-04-15 16:38:16'),
(264,'cbae1323-1c4b-11ef-9214-42010a8e0014',1,'2024-04-15 16:44:36','2024-04-15 16:44:36'),
(265,'cbae1323-1c4b-11ef-9214-42010a8e0014',1,'2024-04-15 16:44:48','2024-04-15 16:44:48'),
(266,'cbae1323-1c4b-11ef-9214-42010a8e0014',1,'2024-04-15 16:44:56','2024-04-15 16:44:56'),
(267,'cbae1323-1c4b-11ef-9214-42010a8e0014',1,'2024-04-15 16:47:18','2024-04-15 16:47:18'),
(268,'cbae1323-1c4b-11ef-9214-42010a8e0014',1,'2024-04-15 17:07:31','2024-04-15 17:07:31'),
(269,'cbadffd1-1c4b-11ef-9214-42010a8e0014',1,'2024-04-15 18:31:47','2024-04-15 18:31:47'),
(270,'cbadffd1-1c4b-11ef-9214-42010a8e0014',1,'2024-04-15 18:55:56','2024-04-15 18:55:56'),
(271,'cbae0ef0-1c4b-11ef-9214-42010a8e0014',1,'2024-04-15 20:01:05','2024-04-15 20:01:05'),
(272,'cbae0ef0-1c4b-11ef-9214-42010a8e0014',1,'2024-04-15 20:06:11','2024-04-15 20:06:11'),
(273,'cbae1323-1c4b-11ef-9214-42010a8e0014',1,'2024-04-15 20:06:24','2024-04-15 20:06:24'),
(274,'cbae1323-1c4b-11ef-9214-42010a8e0014',1,'2024-04-15 20:06:29','2024-04-15 20:06:29'),
(275,'cbae1323-1c4b-11ef-9214-42010a8e0014',1,'2024-04-15 20:08:33','2024-04-15 20:08:33'),
(276,'cbae1323-1c4b-11ef-9214-42010a8e0014',1,'2024-04-15 20:09:19','2024-04-15 20:09:19'),
(277,'cbae1323-1c4b-11ef-9214-42010a8e0014',1,'2024-04-15 20:11:36','2024-04-15 20:11:36'),
(278,'cbae1323-1c4b-11ef-9214-42010a8e0014',1,'2024-04-15 20:15:30','2024-04-15 20:15:30'),
(279,'cbae1323-1c4b-11ef-9214-42010a8e0014',1,'2024-04-15 20:16:26','2024-04-15 20:16:26'),
(280,'cbadffd1-1c4b-11ef-9214-42010a8e0014',1,'2024-04-15 20:18:48','2024-04-15 20:18:48'),
(281,'cbadffd1-1c4b-11ef-9214-42010a8e0014',1,'2024-04-15 20:19:22','2024-04-15 20:19:22'),
(282,'cbadffd1-1c4b-11ef-9214-42010a8e0014',1,'2024-04-15 20:20:28','2024-04-15 20:20:28'),
(283,'cbae0ef0-1c4b-11ef-9214-42010a8e0014',1,'2024-04-15 20:47:41','2024-04-15 20:47:41'),
(284,'cbae1323-1c4b-11ef-9214-42010a8e0014',1,'2024-04-15 20:49:17','2024-04-15 20:49:17'),
(285,'cbae0828-1c4b-11ef-9214-42010a8e0014',1,'2024-04-15 20:50:39','2024-04-15 20:50:39'),
(286,'cbae0828-1c4b-11ef-9214-42010a8e0014',1,'2024-04-15 20:55:55','2024-04-15 20:55:55'),
(287,'cbae0828-1c4b-11ef-9214-42010a8e0014',1,'2024-04-15 21:06:14','2024-04-15 21:06:14'),
(288,'cbadffd1-1c4b-11ef-9214-42010a8e0014',1,'2024-04-15 21:08:16','2024-04-15 21:08:16'),
(289,'cbae0828-1c4b-11ef-9214-42010a8e0014',1,'2024-04-15 21:18:18','2024-04-15 21:18:18'),
(290,'cbae1323-1c4b-11ef-9214-42010a8e0014',1,'2024-04-15 21:21:54','2024-04-15 21:21:54'),
(291,'cbadffd1-1c4b-11ef-9214-42010a8e0014',1,'2024-04-15 21:22:51','2024-04-15 21:22:51'),
(292,'cbae0828-1c4b-11ef-9214-42010a8e0014',1,'2024-04-15 21:54:02','2024-04-15 21:54:02'),
(293,'cbadffd1-1c4b-11ef-9214-42010a8e0014',1,'2024-04-15 22:15:24','2024-04-15 22:15:24'),
(294,'cbadffd1-1c4b-11ef-9214-42010a8e0014',1,'2024-04-15 23:12:40','2024-04-15 23:12:40'),
(296,'cbae0ef0-1c4b-11ef-9214-42010a8e0014',1,'2024-04-16 00:19:04','2024-04-16 00:19:04'),
(297,'cbadffd1-1c4b-11ef-9214-42010a8e0014',1,'2024-04-16 00:24:42','2024-04-16 00:24:42'),
(298,'cbae0ef0-1c4b-11ef-9214-42010a8e0014',1,'2024-04-16 00:28:21','2024-04-16 00:28:21'),
(299,'cbadffd1-1c4b-11ef-9214-42010a8e0014',1,'2024-04-16 00:42:36','2024-04-16 00:42:36'),
(300,'cbae0ef0-1c4b-11ef-9214-42010a8e0014',1,'2024-04-16 01:34:07','2024-04-16 01:34:07'),
(301,'cbadffd1-1c4b-11ef-9214-42010a8e0014',1,'2024-04-16 01:38:18','2024-04-16 01:38:18'),
(302,'cbae0ef0-1c4b-11ef-9214-42010a8e0014',1,'2024-04-16 01:42:36','2024-04-16 01:42:36'),
(303,'cbae0828-1c4b-11ef-9214-42010a8e0014',1,'2024-04-16 01:46:08','2024-04-16 01:46:08'),
(304,'cbae1323-1c4b-11ef-9214-42010a8e0014',1,'2024-04-16 01:47:58','2024-04-16 01:47:58'),
(305,'cbae1323-1c4b-11ef-9214-42010a8e0014',1,'2024-04-16 01:48:14','2024-04-16 01:48:14'),
(306,'cbae0ef0-1c4b-11ef-9214-42010a8e0014',1,'2024-04-16 02:00:51','2024-04-16 02:00:51'),
(307,'cbadffd1-1c4b-11ef-9214-42010a8e0014',1,'2024-04-16 02:03:23','2024-04-16 02:03:23'),
(308,'cbadffd1-1c4b-11ef-9214-42010a8e0014',1,'2024-04-16 02:04:28','2024-04-16 02:04:28'),
(309,'cbae0828-1c4b-11ef-9214-42010a8e0014',1,'2024-04-16 02:08:42','2024-04-16 02:08:42'),
(310,'cbadffd1-1c4b-11ef-9214-42010a8e0014',1,'2024-04-16 02:11:12','2024-04-16 02:11:12'),
(311,'cbadffd1-1c4b-11ef-9214-42010a8e0014',1,'2024-04-16 02:15:58','2024-04-16 02:15:58'),
(312,'cbadffd1-1c4b-11ef-9214-42010a8e0014',1,'2024-04-16 02:18:10','2024-04-16 02:18:10'),
(313,'cbadffd1-1c4b-11ef-9214-42010a8e0014',1,'2024-04-16 11:30:05','2024-04-16 11:30:05'),
(314,'cbadffd1-1c4b-11ef-9214-42010a8e0014',1,'2024-04-16 11:36:02','2024-04-16 11:36:02'),
(315,'cbae0ef0-1c4b-11ef-9214-42010a8e0014',1,'2024-04-16 12:00:42','2024-04-16 12:00:42'),
(316,'cbadffd1-1c4b-11ef-9214-42010a8e0014',1,'2024-04-16 12:03:48','2024-04-16 12:03:48'),
(317,'cbae0ef0-1c4b-11ef-9214-42010a8e0014',1,'2024-04-16 12:04:45','2024-04-16 12:04:45'),
(318,'cbae0828-1c4b-11ef-9214-42010a8e0014',1,'2024-04-16 12:14:25','2024-04-16 12:14:25'),
(319,'cbadffd1-1c4b-11ef-9214-42010a8e0014',1,'2024-04-16 12:15:23','2024-04-16 12:15:23'),
(320,'cbae0ef0-1c4b-11ef-9214-42010a8e0014',1,'2024-04-16 12:17:57','2024-04-16 12:17:57'),
(321,'cbae0ef0-1c4b-11ef-9214-42010a8e0014',1,'2024-04-16 12:23:18','2024-04-16 12:23:18'),
(322,'cbadffd1-1c4b-11ef-9214-42010a8e0014',1,'2024-04-16 12:24:11','2024-04-16 12:24:11'),
(323,'cbae1323-1c4b-11ef-9214-42010a8e0014',1,'2024-04-16 12:28:47','2024-04-16 12:28:47'),
(324,'cbae1323-1c4b-11ef-9214-42010a8e0014',1,'2024-04-16 12:29:01','2024-04-16 12:29:01'),
(325,'cbae1323-1c4b-11ef-9214-42010a8e0014',1,'2024-04-16 12:29:08','2024-04-16 12:29:08'),
(326,'cbae1323-1c4b-11ef-9214-42010a8e0014',1,'2024-04-16 12:29:09','2024-04-16 12:29:09'),
(327,'cbae1323-1c4b-11ef-9214-42010a8e0014',1,'2024-04-16 12:29:09','2024-04-16 12:29:09'),
(328,'cbae1323-1c4b-11ef-9214-42010a8e0014',1,'2024-04-16 12:29:09','2024-04-16 12:29:09'),
(329,'cbae0828-1c4b-11ef-9214-42010a8e0014',1,'2024-04-16 12:29:21','2024-04-16 12:29:21'),
(330,'cbae118f-1c4b-11ef-9214-42010a8e0014',1,'2024-04-16 12:36:42','2024-04-16 12:36:42'),
(331,'cbadffd1-1c4b-11ef-9214-42010a8e0014',1,'2024-04-16 12:47:28','2024-04-16 12:47:28'),
(332,'cbae0ef0-1c4b-11ef-9214-42010a8e0014',1,'2024-04-16 12:53:25','2024-04-16 12:53:25'),
(333,'cbadffd1-1c4b-11ef-9214-42010a8e0014',1,'2024-04-16 13:15:59','2024-04-16 13:15:59'),
(334,'cbadffd1-1c4b-11ef-9214-42010a8e0014',1,'2024-04-16 13:21:23','2024-04-16 13:21:23'),
(335,'cbadffd1-1c4b-11ef-9214-42010a8e0014',1,'2024-04-16 13:22:05','2024-04-16 13:22:05'),
(336,'cbae1323-1c4b-11ef-9214-42010a8e0014',1,'2024-04-16 13:22:37','2024-04-16 13:22:37'),
(337,'cbae0ef0-1c4b-11ef-9214-42010a8e0014',1,'2024-04-16 13:31:39','2024-04-16 13:31:39'),
(338,'cbae0ef0-1c4b-11ef-9214-42010a8e0014',1,'2024-04-16 13:33:46','2024-04-16 13:33:46'),
(339,'cbadffd1-1c4b-11ef-9214-42010a8e0014',1,'2024-04-16 13:34:54','2024-04-16 13:34:54'),
(340,'cbadffd1-1c4b-11ef-9214-42010a8e0014',1,'2024-04-16 13:36:36','2024-04-16 13:36:36'),
(341,'cbae0828-1c4b-11ef-9214-42010a8e0014',1,'2024-04-16 13:43:35','2024-04-16 13:43:35'),
(342,'cbae0828-1c4b-11ef-9214-42010a8e0014',1,'2024-04-16 13:44:12','2024-04-16 13:44:12'),
(343,'cbadffd1-1c4b-11ef-9214-42010a8e0014',1,'2024-04-16 13:44:52','2024-04-16 13:44:52'),
(344,'cbae0ef0-1c4b-11ef-9214-42010a8e0014',1,'2024-04-16 13:50:28','2024-04-16 13:50:28'),
(345,'cbae0ef0-1c4b-11ef-9214-42010a8e0014',1,'2024-04-16 14:01:57','2024-04-16 14:01:57'),
(346,'cbae175d-1c4b-11ef-9214-42010a8e0014',1,'2024-04-16 14:03:10','2024-04-16 14:03:10'),
(347,'cbae0828-1c4b-11ef-9214-42010a8e0014',1,'2024-04-16 14:03:36','2024-04-16 14:03:36'),
(348,'cbadffd1-1c4b-11ef-9214-42010a8e0014',1,'2024-04-16 14:07:05','2024-04-16 14:07:05'),
(349,'cbae0ef0-1c4b-11ef-9214-42010a8e0014',1,'2024-04-16 14:30:21','2024-04-16 14:30:21'),
(350,'cbadffd1-1c4b-11ef-9214-42010a8e0014',1,'2024-04-16 15:05:12','2024-04-16 15:05:12'),
(351,'cbadffd1-1c4b-11ef-9214-42010a8e0014',1,'2024-04-16 15:13:27','2024-04-16 15:13:27'),
(352,'cbae118f-1c4b-11ef-9214-42010a8e0014',1,'2024-04-16 15:56:52','2024-04-16 15:56:52'),
(353,'cbae118f-1c4b-11ef-9214-42010a8e0014',1,'2024-04-16 15:58:18','2024-04-16 15:58:18'),
(354,'cbadffd1-1c4b-11ef-9214-42010a8e0014',1,'2024-04-16 15:59:00','2024-04-16 15:59:00'),
(355,'cbadffd1-1c4b-11ef-9214-42010a8e0014',1,'2024-04-16 16:00:29','2024-04-16 16:00:29'),
(356,'cbadffd1-1c4b-11ef-9214-42010a8e0014',1,'2024-04-16 16:00:44','2024-04-16 16:00:44'),
(357,'cbae118f-1c4b-11ef-9214-42010a8e0014',1,'2024-04-16 16:02:33','2024-04-16 16:02:33'),
(358,'cbae118f-1c4b-11ef-9214-42010a8e0014',1,'2024-04-16 16:06:10','2024-04-16 16:06:10'),
(359,'cbae0ef0-1c4b-11ef-9214-42010a8e0014',1,'2024-04-16 16:06:45','2024-04-16 16:06:45'),
(360,'cbae0ef0-1c4b-11ef-9214-42010a8e0014',1,'2024-04-16 16:11:35','2024-04-16 16:11:35'),
(361,'cbae0ef0-1c4b-11ef-9214-42010a8e0014',1,'2024-04-16 16:13:39','2024-04-16 16:13:39'),
(362,'cbae0ef0-1c4b-11ef-9214-42010a8e0014',1,'2024-04-16 16:14:11','2024-04-16 16:14:11'),
(363,'cbae118f-1c4b-11ef-9214-42010a8e0014',1,'2024-04-16 16:14:33','2024-04-16 16:14:33'),
(364,'cbae0ef0-1c4b-11ef-9214-42010a8e0014',1,'2024-04-16 16:15:19','2024-04-16 16:15:19'),
(365,'cbae118f-1c4b-11ef-9214-42010a8e0014',1,'2024-04-16 16:17:00','2024-04-16 16:17:00'),
(366,'cbae118f-1c4b-11ef-9214-42010a8e0014',1,'2024-04-16 16:18:28','2024-04-16 16:18:28'),
(367,'cbae0ef0-1c4b-11ef-9214-42010a8e0014',1,'2024-04-16 16:19:02','2024-04-16 16:19:02'),
(368,'cbae0ef0-1c4b-11ef-9214-42010a8e0014',1,'2024-04-16 16:19:38','2024-04-16 16:19:38'),
(369,'cbae0ef0-1c4b-11ef-9214-42010a8e0014',1,'2024-04-16 16:24:38','2024-04-16 16:24:38'),
(370,'cbae0ef0-1c4b-11ef-9214-42010a8e0014',1,'2024-04-16 16:26:05','2024-04-16 16:26:05'),
(371,'cbae0ef0-1c4b-11ef-9214-42010a8e0014',1,'2024-04-16 16:27:30','2024-04-16 16:27:30'),
(372,'cbae0ef0-1c4b-11ef-9214-42010a8e0014',1,'2024-04-16 16:28:20','2024-04-16 16:28:20'),
(373,'cbae0ef0-1c4b-11ef-9214-42010a8e0014',1,'2024-04-16 16:28:47','2024-04-16 16:28:47'),
(374,'cbae118f-1c4b-11ef-9214-42010a8e0014',1,'2024-04-16 16:52:13','2024-04-16 16:52:13'),
(375,'cbae118f-1c4b-11ef-9214-42010a8e0014',1,'2024-04-16 16:57:28','2024-04-16 16:57:28'),
(376,'cbae118f-1c4b-11ef-9214-42010a8e0014',1,'2024-04-16 16:58:56','2024-04-16 16:58:56'),
(377,'cbadffd1-1c4b-11ef-9214-42010a8e0014',1,'2024-04-16 16:59:38','2024-04-16 16:59:38'),
(378,'cbae118f-1c4b-11ef-9214-42010a8e0014',1,'2024-04-16 17:01:07','2024-04-16 17:01:07'),
(379,'cbae0ef0-1c4b-11ef-9214-42010a8e0014',1,'2024-04-16 17:03:35','2024-04-16 17:03:35'),
(380,'cbae110b-1c4b-11ef-9214-42010a8e0014',1,'2024-04-16 17:04:08','2024-04-16 17:04:08'),
(381,'cbae110b-1c4b-11ef-9214-42010a8e0014',1,'2024-04-16 17:16:50','2024-04-16 17:16:50'),
(382,'cbae110b-1c4b-11ef-9214-42010a8e0014',1,'2024-04-16 17:42:02','2024-04-16 17:42:02'),
(383,'cbae118f-1c4b-11ef-9214-42010a8e0014',1,'2024-04-16 17:50:32','2024-04-16 17:50:32'),
(384,'cbadffd1-1c4b-11ef-9214-42010a8e0014',1,'2024-04-16 18:20:26','2024-04-16 18:20:26'),
(385,'cbae0ef0-1c4b-11ef-9214-42010a8e0014',1,'2024-04-16 18:44:39','2024-04-16 18:44:39'),
(386,'cbae118f-1c4b-11ef-9214-42010a8e0014',1,'2024-04-16 18:49:22','2024-04-16 18:49:22'),
(387,'cbae110b-1c4b-11ef-9214-42010a8e0014',1,'2024-04-16 18:53:04','2024-04-16 18:53:04'),
(388,'cbadffd1-1c4b-11ef-9214-42010a8e0014',1,'2024-04-16 18:53:39','2024-04-16 18:53:39'),
(389,'cbae0828-1c4b-11ef-9214-42010a8e0014',1,'2024-04-16 18:54:29','2024-04-16 18:54:29'),
(390,'cbadffd1-1c4b-11ef-9214-42010a8e0014',1,'2024-04-16 18:55:00','2024-04-16 18:55:00'),
(391,'cbae0828-1c4b-11ef-9214-42010a8e0014',1,'2024-04-16 18:57:02','2024-04-16 18:57:02'),
(392,'cbadffd1-1c4b-11ef-9214-42010a8e0014',1,'2024-04-16 18:59:14','2024-04-16 18:59:14'),
(393,'cbae110b-1c4b-11ef-9214-42010a8e0014',1,'2024-04-16 19:19:38','2024-04-16 19:19:38'),
(394,'cbae110b-1c4b-11ef-9214-42010a8e0014',1,'2024-04-16 19:23:33','2024-04-16 19:23:33'),
(395,'cbadffd1-1c4b-11ef-9214-42010a8e0014',1,'2024-04-16 19:23:58','2024-04-16 19:23:58'),
(396,'cbae1323-1c4b-11ef-9214-42010a8e0014',1,'2024-04-16 19:24:07','2024-04-16 19:24:07'),
(397,'cbae08ce-1c4b-11ef-9214-42010a8e0014',1,'2024-04-16 19:27:59','2024-04-16 19:27:59'),
(398,'cbae1323-1c4b-11ef-9214-42010a8e0014',1,'2024-04-16 19:29:47','2024-04-16 19:29:47'),
(399,'cbae1323-1c4b-11ef-9214-42010a8e0014',1,'2024-04-16 19:31:16','2024-04-16 19:31:16'),
(400,'cbae0ef0-1c4b-11ef-9214-42010a8e0014',1,'2024-04-16 19:34:42','2024-04-16 19:34:42'),
(401,'cbae1323-1c4b-11ef-9214-42010a8e0014',1,'2024-04-16 19:34:58','2024-04-16 19:34:58'),
(402,'cbae2dd9-1c4b-11ef-9214-42010a8e0014',1,'2024-04-16 19:35:58','2024-04-16 19:35:58'),
(403,'cbadffd1-1c4b-11ef-9214-42010a8e0014',1,'2024-04-16 19:41:32','2024-04-16 19:41:32'),
(404,'cbadffd1-1c4b-11ef-9214-42010a8e0014',1,'2024-04-16 19:43:39','2024-04-16 19:43:39'),
(405,'cbae0ef0-1c4b-11ef-9214-42010a8e0014',1,'2024-04-16 19:46:16','2024-04-16 19:46:16'),
(406,'cbae0ef0-1c4b-11ef-9214-42010a8e0014',1,'2024-04-16 19:48:13','2024-04-16 19:48:13'),
(407,'cbae0ef0-1c4b-11ef-9214-42010a8e0014',1,'2024-04-16 19:48:18','2024-04-16 19:48:18'),
(408,'cbadffd1-1c4b-11ef-9214-42010a8e0014',1,'2024-04-16 20:13:39','2024-04-16 20:13:39'),
(409,'cbae0ef0-1c4b-11ef-9214-42010a8e0014',1,'2024-04-16 20:14:19','2024-04-16 20:14:19'),
(410,'cbae0828-1c4b-11ef-9214-42010a8e0014',1,'2024-04-16 20:16:07','2024-04-16 20:16:07'),
(411,'cbadffd1-1c4b-11ef-9214-42010a8e0014',1,'2024-04-16 20:17:42','2024-04-16 20:17:42'),
(412,'cbae0ef0-1c4b-11ef-9214-42010a8e0014',1,'2024-04-16 20:18:04','2024-04-16 20:18:04'),
(413,'cbadffd1-1c4b-11ef-9214-42010a8e0014',1,'2024-04-16 20:19:45','2024-04-16 20:19:45'),
(414,'cbae0ef0-1c4b-11ef-9214-42010a8e0014',1,'2024-04-16 20:22:07','2024-04-16 20:22:07'),
(415,'cbae0ef0-1c4b-11ef-9214-42010a8e0014',1,'2024-04-16 20:22:09','2024-04-16 20:22:09'),
(416,'cbadffd1-1c4b-11ef-9214-42010a8e0014',1,'2024-04-16 20:24:00','2024-04-16 20:24:00'),
(417,'cbae0ef0-1c4b-11ef-9214-42010a8e0014',1,'2024-04-16 20:25:08','2024-04-16 20:25:08'),
(418,'cbadffd1-1c4b-11ef-9214-42010a8e0014',1,'2024-04-16 20:26:50','2024-04-16 20:26:50'),
(419,'cbadffd1-1c4b-11ef-9214-42010a8e0014',1,'2024-04-16 20:31:42','2024-04-16 20:31:42'),
(420,'cbadffd1-1c4b-11ef-9214-42010a8e0014',1,'2024-04-16 20:31:48','2024-04-16 20:31:48'),
(421,'cbadffd1-1c4b-11ef-9214-42010a8e0014',1,'2024-04-16 20:45:15','2024-04-16 20:45:15'),
(422,'cbadffd1-1c4b-11ef-9214-42010a8e0014',1,'2024-04-16 20:46:38','2024-04-16 20:46:38'),
(423,'cbadffd1-1c4b-11ef-9214-42010a8e0014',1,'2024-04-16 20:54:01','2024-04-16 20:54:01'),
(424,'cbae110b-1c4b-11ef-9214-42010a8e0014',1,'2024-04-16 20:54:56','2024-04-16 20:54:56'),
(425,'cbae1323-1c4b-11ef-9214-42010a8e0014',1,'2024-04-16 20:55:25','2024-04-16 20:55:25'),
(426,'cbae0828-1c4b-11ef-9214-42010a8e0014',1,'2024-04-16 20:55:55','2024-04-16 20:55:55'),
(427,'cbae0828-1c4b-11ef-9214-42010a8e0014',1,'2024-04-16 20:56:13','2024-04-16 20:56:13'),
(428,'cbae0828-1c4b-11ef-9214-42010a8e0014',1,'2024-04-16 20:56:31','2024-04-16 20:56:31'),
(429,'cbadffd1-1c4b-11ef-9214-42010a8e0014',1,'2024-04-16 20:56:44','2024-04-16 20:56:44'),
(430,'cbae110b-1c4b-11ef-9214-42010a8e0014',1,'2024-04-16 20:57:50','2024-04-16 20:57:50'),
(431,'cbadffd1-1c4b-11ef-9214-42010a8e0014',1,'2024-04-16 20:58:42','2024-04-16 20:58:42'),
(432,'cbae1323-1c4b-11ef-9214-42010a8e0014',1,'2024-04-16 20:59:48','2024-04-16 20:59:48'),
(433,'cbae0828-1c4b-11ef-9214-42010a8e0014',1,'2024-04-16 21:00:27','2024-04-16 21:00:27'),
(434,'cbae0828-1c4b-11ef-9214-42010a8e0014',1,'2024-04-16 21:00:36','2024-04-16 21:00:36'),
(435,'cbae0828-1c4b-11ef-9214-42010a8e0014',1,'2024-04-16 21:01:02','2024-04-16 21:01:02'),
(436,'cbae0828-1c4b-11ef-9214-42010a8e0014',1,'2024-04-16 21:01:06','2024-04-16 21:01:06'),
(437,'cbae0828-1c4b-11ef-9214-42010a8e0014',1,'2024-04-16 21:02:31','2024-04-16 21:02:31'),
(438,'cbae0828-1c4b-11ef-9214-42010a8e0014',1,'2024-04-16 21:05:34','2024-04-16 21:05:34'),
(439,'cbae0828-1c4b-11ef-9214-42010a8e0014',1,'2024-04-16 21:06:05','2024-04-16 21:06:05'),
(440,'cbae0828-1c4b-11ef-9214-42010a8e0014',1,'2024-04-16 21:07:20','2024-04-16 21:07:20'),
(441,'cbae0828-1c4b-11ef-9214-42010a8e0014',1,'2024-04-16 21:07:47','2024-04-16 21:07:47'),
(442,'cbadffd1-1c4b-11ef-9214-42010a8e0014',1,'2024-04-16 21:11:28','2024-04-16 21:11:28'),
(443,'cbadffd1-1c4b-11ef-9214-42010a8e0014',1,'2024-04-16 21:12:47','2024-04-16 21:12:47'),
(444,'cbae175d-1c4b-11ef-9214-42010a8e0014',1,'2024-04-16 21:13:39','2024-04-16 21:13:39'),
(445,'cbae0828-1c4b-11ef-9214-42010a8e0014',1,'2024-04-16 21:14:41','2024-04-16 21:14:41'),
(446,'cbae0828-1c4b-11ef-9214-42010a8e0014',1,'2024-04-16 21:15:24','2024-04-16 21:15:24'),
(447,'cbae0828-1c4b-11ef-9214-42010a8e0014',1,'2024-04-16 21:17:49','2024-04-16 21:17:49'),
(448,'cbae0828-1c4b-11ef-9214-42010a8e0014',1,'2024-04-16 21:19:03','2024-04-16 21:19:03'),
(449,'cbadffd1-1c4b-11ef-9214-42010a8e0014',1,'2024-04-16 21:19:41','2024-04-16 21:19:41'),
(450,'cbae0828-1c4b-11ef-9214-42010a8e0014',1,'2024-04-16 21:21:06','2024-04-16 21:21:06'),
(451,'cbae0828-1c4b-11ef-9214-42010a8e0014',1,'2024-04-16 21:25:26','2024-04-16 21:25:26'),
(452,'cbadffd1-1c4b-11ef-9214-42010a8e0014',1,'2024-04-16 21:26:28','2024-04-16 21:26:28'),
(453,'cbae0ef0-1c4b-11ef-9214-42010a8e0014',1,'2024-04-16 21:27:36','2024-04-16 21:27:36'),
(454,'cbae110b-1c4b-11ef-9214-42010a8e0014',1,'2024-04-16 21:27:55','2024-04-16 21:27:55'),
(455,'cbadffd1-1c4b-11ef-9214-42010a8e0014',1,'2024-04-16 21:28:23','2024-04-16 21:28:23'),
(456,'cbae0828-1c4b-11ef-9214-42010a8e0014',1,'2024-04-16 21:28:40','2024-04-16 21:28:40'),
(457,'cbadffd1-1c4b-11ef-9214-42010a8e0014',1,'2024-04-16 21:31:40','2024-04-16 21:31:40'),
(458,'cbae110b-1c4b-11ef-9214-42010a8e0014',1,'2024-04-16 21:38:23','2024-04-16 21:38:23'),
(459,'cbae1323-1c4b-11ef-9214-42010a8e0014',1,'2024-04-16 21:40:27','2024-04-16 21:40:27'),
(460,'cbae0828-1c4b-11ef-9214-42010a8e0014',1,'2024-04-16 21:45:42','2024-04-16 21:45:42'),
(461,'cbadffd1-1c4b-11ef-9214-42010a8e0014',1,'2024-04-16 21:48:56','2024-04-16 21:48:56'),
(462,'cbae110b-1c4b-11ef-9214-42010a8e0014',1,'2024-04-16 21:50:28','2024-04-16 21:50:28'),
(463,'cbae0828-1c4b-11ef-9214-42010a8e0014',1,'2024-04-16 21:52:56','2024-04-16 21:52:56'),
(464,'cbadffd1-1c4b-11ef-9214-42010a8e0014',1,'2024-04-16 21:58:05','2024-04-16 21:58:05'),
(465,'cbadffd1-1c4b-11ef-9214-42010a8e0014',1,'2024-04-16 22:01:38','2024-04-16 22:01:38'),
(466,'cbae1323-1c4b-11ef-9214-42010a8e0014',1,'2024-04-16 22:02:04','2024-04-16 22:02:04'),
(467,'cbadffd1-1c4b-11ef-9214-42010a8e0014',1,'2024-04-16 22:03:05','2024-04-16 22:03:05'),
(468,'cbadffd1-1c4b-11ef-9214-42010a8e0014',1,'2024-04-16 22:20:58','2024-04-16 22:20:58'),
(469,'cbadffd1-1c4b-11ef-9214-42010a8e0014',1,'2024-04-16 22:21:01','2024-04-16 22:21:01'),
(470,'cbadffd1-1c4b-11ef-9214-42010a8e0014',1,'2024-04-16 22:30:57','2024-04-16 22:30:57'),
(471,'cbae0ef0-1c4b-11ef-9214-42010a8e0014',1,'2024-04-16 22:31:46','2024-04-16 22:31:46'),
(472,'cbae22fb-1c4b-11ef-9214-42010a8e0014',1,'2024-04-16 22:34:02','2024-04-16 22:34:02'),
(473,'cbae110b-1c4b-11ef-9214-42010a8e0014',1,'2024-04-16 22:34:47','2024-04-16 22:34:47'),
(474,'cbae08ce-1c4b-11ef-9214-42010a8e0014',1,'2024-04-16 22:35:48','2024-04-16 22:35:48'),
(475,'cbae110b-1c4b-11ef-9214-42010a8e0014',1,'2024-04-16 22:36:36','2024-04-16 22:36:36'),
(476,'cbae1323-1c4b-11ef-9214-42010a8e0014',1,'2024-04-16 22:37:05','2024-04-16 22:37:05'),
(477,'cbae0828-1c4b-11ef-9214-42010a8e0014',1,'2024-04-16 22:38:12','2024-04-16 22:38:12'),
(478,'cbadffd1-1c4b-11ef-9214-42010a8e0014',1,'2024-04-16 22:39:49','2024-04-16 22:39:49'),
(479,'cbae110b-1c4b-11ef-9214-42010a8e0014',1,'2024-04-16 23:59:45','2024-04-16 23:59:45'),
(480,'cbae110b-1c4b-11ef-9214-42010a8e0014',1,'2024-04-16 23:59:46','2024-04-16 23:59:46'),
(481,'cbae110b-1c4b-11ef-9214-42010a8e0014',1,'2024-04-17 00:04:54','2024-04-17 00:04:54'),
(482,'cbae110b-1c4b-11ef-9214-42010a8e0014',1,'2024-04-17 00:09:08','2024-04-17 00:09:08'),
(483,'cbadffd1-1c4b-11ef-9214-42010a8e0014',1,'2024-04-17 00:10:51','2024-04-17 00:10:51'),
(484,'cbadffd1-1c4b-11ef-9214-42010a8e0014',1,'2024-04-17 00:14:53','2024-04-17 00:14:53'),
(485,'cbadffd1-1c4b-11ef-9214-42010a8e0014',1,'2024-04-17 00:14:55','2024-04-17 00:14:55'),
(486,'cbadffd1-1c4b-11ef-9214-42010a8e0014',1,'2024-04-17 00:19:39','2024-04-17 00:19:39'),
(487,'cbae110b-1c4b-11ef-9214-42010a8e0014',1,'2024-04-17 00:21:29','2024-04-17 00:21:29'),
(488,'cbae08ce-1c4b-11ef-9214-42010a8e0014',1,'2024-04-17 00:22:34','2024-04-17 00:22:34'),
(489,'cbadffd1-1c4b-11ef-9214-42010a8e0014',1,'2024-04-17 12:16:11','2024-04-17 12:16:11'),
(490,'cbae0ef0-1c4b-11ef-9214-42010a8e0014',1,'2024-04-17 12:18:47','2024-04-17 12:18:47'),
(491,'cbae118f-1c4b-11ef-9214-42010a8e0014',1,'2024-04-17 12:20:05','2024-04-17 12:20:05'),
(492,'cbae118f-1c4b-11ef-9214-42010a8e0014',1,'2024-04-17 12:21:02','2024-04-17 12:21:02'),
(493,'cbae110b-1c4b-11ef-9214-42010a8e0014',1,'2024-04-17 12:21:50','2024-04-17 12:21:50'),
(494,'cbadffd1-1c4b-11ef-9214-42010a8e0014',1,'2024-04-17 13:20:19','2024-04-17 13:20:19'),
(495,'cbadffd1-1c4b-11ef-9214-42010a8e0014',1,'2024-04-17 13:22:59','2024-04-17 13:22:59'),
(496,'cbadffd1-1c4b-11ef-9214-42010a8e0014',1,'2024-04-17 13:27:24','2024-04-17 13:27:24'),
(497,'cbae110b-1c4b-11ef-9214-42010a8e0014',1,'2024-04-17 13:28:08','2024-04-17 13:28:08'),
(498,'cbadffd1-1c4b-11ef-9214-42010a8e0014',1,'2024-04-17 13:28:27','2024-04-17 13:28:27'),
(499,'cbae1323-1c4b-11ef-9214-42010a8e0014',1,'2024-04-17 13:29:17','2024-04-17 13:29:17'),
(500,'cbae0828-1c4b-11ef-9214-42010a8e0014',1,'2024-04-17 13:31:09','2024-04-17 13:31:09'),
(501,'cbadffd1-1c4b-11ef-9214-42010a8e0014',1,'2024-04-17 13:35:31','2024-04-17 13:35:31'),
(502,'cbadffd1-1c4b-11ef-9214-42010a8e0014',1,'2024-04-17 13:36:28','2024-04-17 13:36:28'),
(503,'cbae110b-1c4b-11ef-9214-42010a8e0014',1,'2024-04-17 13:44:01','2024-04-17 13:44:01'),
(504,'cbae0828-1c4b-11ef-9214-42010a8e0014',1,'2024-04-17 13:47:00','2024-04-17 13:47:00'),
(505,'cbadffd1-1c4b-11ef-9214-42010a8e0014',1,'2024-04-17 13:47:18','2024-04-17 13:47:18'),
(506,'cbae110b-1c4b-11ef-9214-42010a8e0014',1,'2024-04-17 13:47:52','2024-04-17 13:47:52'),
(507,'cbae110b-1c4b-11ef-9214-42010a8e0014',1,'2024-04-17 13:48:13','2024-04-17 13:48:13'),
(508,'cbae1323-1c4b-11ef-9214-42010a8e0014',1,'2024-04-17 13:49:32','2024-04-17 13:49:32'),
(509,'cbae110b-1c4b-11ef-9214-42010a8e0014',1,'2024-04-17 13:50:10','2024-04-17 13:50:10'),
(510,'cbadffd1-1c4b-11ef-9214-42010a8e0014',1,'2024-04-17 13:54:12','2024-04-17 13:54:12'),
(511,'cbadffd1-1c4b-11ef-9214-42010a8e0014',1,'2024-04-17 13:57:07','2024-04-17 13:57:07'),
(512,'cbadffd1-1c4b-11ef-9214-42010a8e0014',1,'2024-04-17 14:00:23','2024-04-17 14:00:23'),
(513,'cbae110b-1c4b-11ef-9214-42010a8e0014',1,'2024-04-17 14:01:53','2024-04-17 14:01:53'),
(514,'cbae110b-1c4b-11ef-9214-42010a8e0014',1,'2024-04-17 14:02:31','2024-04-17 14:02:31'),
(515,'cbae1323-1c4b-11ef-9214-42010a8e0014',1,'2024-04-17 14:03:11','2024-04-17 14:03:11'),
(516,'cbadffd1-1c4b-11ef-9214-42010a8e0014',1,'2024-04-17 14:03:34','2024-04-17 14:03:34'),
(517,'cbae0828-1c4b-11ef-9214-42010a8e0014',1,'2024-04-17 14:10:04','2024-04-17 14:10:04'),
(518,'cbadffd1-1c4b-11ef-9214-42010a8e0014',1,'2024-04-17 14:10:44','2024-04-17 14:10:44'),
(519,'cbadffd1-1c4b-11ef-9214-42010a8e0014',1,'2024-04-17 14:11:23','2024-04-17 14:11:23'),
(520,'cbadffd1-1c4b-11ef-9214-42010a8e0014',1,'2024-04-17 14:12:02','2024-04-17 14:12:02'),
(521,'cbae110b-1c4b-11ef-9214-42010a8e0014',1,'2024-04-17 14:14:35','2024-04-17 14:14:35'),
(522,'cbae110b-1c4b-11ef-9214-42010a8e0014',1,'2024-04-17 14:15:18','2024-04-17 14:15:18'),
(523,'cbadffd1-1c4b-11ef-9214-42010a8e0014',1,'2024-04-17 14:15:20','2024-04-17 14:15:20'),
(524,'cbae1323-1c4b-11ef-9214-42010a8e0014',1,'2024-04-17 14:16:38','2024-04-17 14:16:38'),
(525,'cbae1323-1c4b-11ef-9214-42010a8e0014',1,'2024-04-17 14:19:21','2024-04-17 14:19:21'),
(526,'cbadffd1-1c4b-11ef-9214-42010a8e0014',1,'2024-04-17 14:20:27','2024-04-17 14:20:27'),
(527,'cbadffd1-1c4b-11ef-9214-42010a8e0014',1,'2024-04-17 14:20:53','2024-04-17 14:20:53'),
(528,'cbae110b-1c4b-11ef-9214-42010a8e0014',1,'2024-04-17 14:20:59','2024-04-17 14:20:59'),
(529,'cbadffd1-1c4b-11ef-9214-42010a8e0014',1,'2024-04-17 14:21:23','2024-04-17 14:21:23'),
(530,'cbae110b-1c4b-11ef-9214-42010a8e0014',1,'2024-04-17 14:21:20','2024-04-17 14:21:20'),
(531,'cbae1323-1c4b-11ef-9214-42010a8e0014',1,'2024-04-17 14:21:31','2024-04-17 14:21:31'),
(532,'cbae2b96-1c4b-11ef-9214-42010a8e0014',1,'2024-04-17 14:22:19','2024-04-17 14:22:19'),
(533,'cbae0828-1c4b-11ef-9214-42010a8e0014',1,'2024-04-17 14:22:39','2024-04-17 14:22:39'),
(534,'cbae1323-1c4b-11ef-9214-42010a8e0014',1,'2024-04-17 14:23:33','2024-04-17 14:23:33'),
(535,'cbae2b96-1c4b-11ef-9214-42010a8e0014',1,'2024-04-17 14:24:09','2024-04-17 14:24:09'),
(536,'cbae1323-1c4b-11ef-9214-42010a8e0014',1,'2024-04-17 14:24:27','2024-04-17 14:24:27'),
(537,'cbadffd1-1c4b-11ef-9214-42010a8e0014',1,'2024-04-17 14:33:54','2024-04-17 14:33:54'),
(538,'cbadffd1-1c4b-11ef-9214-42010a8e0014',1,'2024-04-17 14:34:57','2024-04-17 14:34:57'),
(539,'cbae110b-1c4b-11ef-9214-42010a8e0014',1,'2024-04-17 14:35:40','2024-04-17 14:35:40'),
(540,'cbae1323-1c4b-11ef-9214-42010a8e0014',1,'2024-04-17 14:36:51','2024-04-17 14:36:51'),
(541,'cbae0828-1c4b-11ef-9214-42010a8e0014',1,'2024-04-17 14:37:29','2024-04-17 14:37:29'),
(542,'cbadffd1-1c4b-11ef-9214-42010a8e0014',1,'2024-04-17 15:31:36','2024-04-17 15:31:36'),
(543,'cbae1323-1c4b-11ef-9214-42010a8e0014',1,'2024-04-17 15:33:28','2024-04-17 15:33:28'),
(544,'cbadffd1-1c4b-11ef-9214-42010a8e0014',1,'2024-04-17 15:45:28','2024-04-17 15:45:28'),
(545,'cbae110b-1c4b-11ef-9214-42010a8e0014',1,'2024-04-17 15:47:04','2024-04-17 15:47:04'),
(546,'cbae1323-1c4b-11ef-9214-42010a8e0014',1,'2024-04-17 15:50:55','2024-04-17 15:50:55'),
(547,'cbae2b96-1c4b-11ef-9214-42010a8e0014',1,'2024-04-17 15:52:42','2024-04-17 15:52:42'),
(548,'cbae1323-1c4b-11ef-9214-42010a8e0014',1,'2024-04-17 16:17:33','2024-04-17 16:17:33'),
(549,'cbae2b96-1c4b-11ef-9214-42010a8e0014',1,'2024-04-17 16:21:26','2024-04-17 16:21:26'),
(550,'cbae1323-1c4b-11ef-9214-42010a8e0014',1,'2024-04-17 16:21:43','2024-04-17 16:21:43'),
(551,'cbae0828-1c4b-11ef-9214-42010a8e0014',1,'2024-04-17 16:23:34','2024-04-17 16:23:34'),
(552,'cbadffd1-1c4b-11ef-9214-42010a8e0014',1,'2024-04-17 16:34:02','2024-04-17 16:34:02'),
(553,'cbadffd1-1c4b-11ef-9214-42010a8e0014',1,'2024-04-17 16:46:35','2024-04-17 16:46:35'),
(554,'cbadffd1-1c4b-11ef-9214-42010a8e0014',1,'2024-04-17 16:51:45','2024-04-17 16:51:45'),
(555,'cbae0828-1c4b-11ef-9214-42010a8e0014',1,'2024-04-17 19:57:58','2024-04-17 19:57:58'),
(556,'cbadffd1-1c4b-11ef-9214-42010a8e0014',1,'2024-04-17 20:08:49','2024-04-17 20:08:49'),
(557,'cbae38c8-1c4b-11ef-9214-42010a8e0014',1,'2024-04-17 20:09:30','2024-04-17 20:09:30'),
(558,'cbadffd1-1c4b-11ef-9214-42010a8e0014',1,'2024-04-17 20:54:49','2024-04-17 20:54:49'),
(559,'cbae1323-1c4b-11ef-9214-42010a8e0014',1,'2024-04-17 21:12:16','2024-04-17 21:12:16'),
(560,'cbae1323-1c4b-11ef-9214-42010a8e0014',1,'2024-04-17 21:17:49','2024-04-17 21:17:49'),
(561,'cbae110b-1c4b-11ef-9214-42010a8e0014',1,'2024-04-18 13:30:59','2024-04-18 13:30:59'),
(562,'cbae1323-1c4b-11ef-9214-42010a8e0014',1,'2024-04-18 14:01:12','2024-04-18 14:01:12'),
(563,'cbae110b-1c4b-11ef-9214-42010a8e0014',1,'2024-04-18 14:01:25','2024-04-18 14:01:25'),
(564,'cbae1323-1c4b-11ef-9214-42010a8e0014',1,'2024-04-18 14:06:33','2024-04-18 14:06:33'),
(565,'cbadffd1-1c4b-11ef-9214-42010a8e0014',1,'2024-04-18 14:12:25','2024-04-18 14:12:25'),
(566,'cbadffd1-1c4b-11ef-9214-42010a8e0014',1,'2024-04-18 14:12:28','2024-04-18 14:12:28'),
(567,'cbae1323-1c4b-11ef-9214-42010a8e0014',1,'2024-04-18 14:20:55','2024-04-18 14:20:55'),
(568,'cbadffd1-1c4b-11ef-9214-42010a8e0014',1,'2024-04-18 14:21:19','2024-04-18 14:21:19'),
(569,'cbadffd1-1c4b-11ef-9214-42010a8e0014',1,'2024-04-18 14:21:32','2024-04-18 14:21:32'),
(570,'cbadffd1-1c4b-11ef-9214-42010a8e0014',1,'2024-04-18 14:27:30','2024-04-18 14:27:30'),
(571,'cbadffd1-1c4b-11ef-9214-42010a8e0014',1,'2024-04-18 14:50:54','2024-04-18 14:50:54'),
(572,'cbae110b-1c4b-11ef-9214-42010a8e0014',1,'2024-04-18 14:52:28','2024-04-18 14:52:28'),
(573,'cbadffd1-1c4b-11ef-9214-42010a8e0014',1,'2024-04-18 15:00:09','2024-04-18 15:00:09'),
(574,'cbae1323-1c4b-11ef-9214-42010a8e0014',1,'2024-04-18 15:00:45','2024-04-18 15:00:45'),
(575,'cbae2b96-1c4b-11ef-9214-42010a8e0014',1,'2024-04-18 15:01:16','2024-04-18 15:01:16'),
(576,'cbae1323-1c4b-11ef-9214-42010a8e0014',1,'2024-04-18 15:17:17','2024-04-18 15:17:17'),
(577,'cbae110b-1c4b-11ef-9214-42010a8e0014',1,'2024-04-18 15:33:23','2024-04-18 15:33:23'),
(578,'cbae0828-1c4b-11ef-9214-42010a8e0014',1,'2024-04-18 15:34:22','2024-04-18 15:34:22'),
(579,'cbae0ef0-1c4b-11ef-9214-42010a8e0014',1,'2024-04-18 15:34:50','2024-04-18 15:34:50'),
(580,'cbadffd1-1c4b-11ef-9214-42010a8e0014',1,'2024-04-18 15:36:45','2024-04-18 15:36:45'),
(581,'cbae0828-1c4b-11ef-9214-42010a8e0014',1,'2024-04-18 15:39:58','2024-04-18 15:39:58'),
(582,'cbadffd1-1c4b-11ef-9214-42010a8e0014',1,'2024-04-18 15:57:53','2024-04-18 15:57:53'),
(583,'cbae110b-1c4b-11ef-9214-42010a8e0014',1,'2024-04-18 16:01:06','2024-04-18 16:01:06'),
(584,'cbae2b96-1c4b-11ef-9214-42010a8e0014',1,'2024-04-18 16:02:30','2024-04-18 16:02:30'),
(585,'cbadffd1-1c4b-11ef-9214-42010a8e0014',1,'2024-04-18 16:30:11','2024-04-18 16:30:11'),
(586,'cbadffd1-1c4b-11ef-9214-42010a8e0014',1,'2024-04-18 16:33:37','2024-04-18 16:33:37'),
(587,'cbae0828-1c4b-11ef-9214-42010a8e0014',1,'2024-04-18 16:33:40','2024-04-18 16:33:40'),
(588,'cbae1323-1c4b-11ef-9214-42010a8e0014',1,'2024-04-18 16:34:13','2024-04-18 16:34:13'),
(589,'cbadffd1-1c4b-11ef-9214-42010a8e0014',1,'2024-04-18 16:40:22','2024-04-18 16:40:22'),
(590,'cbadffd1-1c4b-11ef-9214-42010a8e0014',1,'2024-04-18 16:54:03','2024-04-18 16:54:03'),
(591,'cbae110b-1c4b-11ef-9214-42010a8e0014',1,'2024-04-18 16:55:29','2024-04-18 16:55:29'),
(592,'cbae468f-1c4b-11ef-9214-42010a8e0014',1,'2024-04-18 18:12:40','2024-04-18 18:12:40'),
(593,'cbadffd1-1c4b-11ef-9214-42010a8e0014',1,'2024-04-18 18:15:12','2024-04-18 18:15:12'),
(594,'cbae118f-1c4b-11ef-9214-42010a8e0014',1,'2024-04-18 18:42:48','2024-04-18 18:42:48'),
(595,'cbadffd1-1c4b-11ef-9214-42010a8e0014',1,'2024-04-18 18:44:43','2024-04-18 18:44:43'),
(596,'cbae110b-1c4b-11ef-9214-42010a8e0014',1,'2024-04-18 19:23:00','2024-04-18 19:23:00'),
(597,'cbadffd1-1c4b-11ef-9214-42010a8e0014',1,'2024-04-18 19:30:35','2024-04-18 19:30:35'),
(598,'cbae110b-1c4b-11ef-9214-42010a8e0014',1,'2024-04-18 19:30:45','2024-04-18 19:30:45'),
(599,'cbadffd1-1c4b-11ef-9214-42010a8e0014',1,'2024-04-18 19:32:14','2024-04-18 19:32:14'),
(600,'cbae09a3-1c4b-11ef-9214-42010a8e0014',1,'2024-04-18 19:32:49','2024-04-18 19:32:49'),
(601,'cbae0828-1c4b-11ef-9214-42010a8e0014',1,'2024-04-18 19:32:59','2024-04-18 19:32:59'),
(602,'cbae1323-1c4b-11ef-9214-42010a8e0014',1,'2024-04-18 19:33:15','2024-04-18 19:33:15'),
(603,'cbae08ce-1c4b-11ef-9214-42010a8e0014',1,'2024-04-18 19:38:26','2024-04-18 19:38:26'),
(604,'cbae110b-1c4b-11ef-9214-42010a8e0014',1,'2024-04-18 19:44:17','2024-04-18 19:44:17'),
(605,'cbae0ef0-1c4b-11ef-9214-42010a8e0014',1,'2024-04-18 20:07:02','2024-04-18 20:07:02'),
(606,'cbae118f-1c4b-11ef-9214-42010a8e0014',1,'2024-04-18 20:07:13','2024-04-18 20:07:13'),
(607,'cbadffd1-1c4b-11ef-9214-42010a8e0014',1,'2024-04-18 20:08:09','2024-04-18 20:08:09'),
(608,'cbadffd1-1c4b-11ef-9214-42010a8e0014',1,'2024-04-18 20:16:10','2024-04-18 20:16:10'),
(609,'cbadffd1-1c4b-11ef-9214-42010a8e0014',1,'2024-04-18 20:17:44','2024-04-18 20:17:44'),
(610,'cbadffd1-1c4b-11ef-9214-42010a8e0014',1,'2024-04-18 20:19:53','2024-04-18 20:19:53'),
(611,'cbadffd1-1c4b-11ef-9214-42010a8e0014',1,'2024-04-18 20:20:00','2024-04-18 20:20:00'),
(612,'cbadffd1-1c4b-11ef-9214-42010a8e0014',1,'2024-04-18 20:23:37','2024-04-18 20:23:37'),
(613,'cbadffd1-1c4b-11ef-9214-42010a8e0014',1,'2024-04-18 20:35:32','2024-04-18 20:35:32'),
(614,'cbadffd1-1c4b-11ef-9214-42010a8e0014',1,'2024-04-18 20:35:40','2024-04-18 20:35:40'),
(615,'cbae0ef0-1c4b-11ef-9214-42010a8e0014',1,'2024-04-18 20:36:04','2024-04-18 20:36:04'),
(616,'cbae488e-1c4b-11ef-9214-42010a8e0014',1,'2024-04-18 20:40:32','2024-04-18 20:40:32'),
(617,'cbae118f-1c4b-11ef-9214-42010a8e0014',1,'2024-04-18 20:40:55','2024-04-18 20:40:55'),
(618,'cbadffd1-1c4b-11ef-9214-42010a8e0014',1,'2024-04-18 20:42:12','2024-04-18 20:42:12'),
(619,'cbae110b-1c4b-11ef-9214-42010a8e0014',1,'2024-04-18 20:47:51','2024-04-18 20:47:51'),
(620,'cbadffd1-1c4b-11ef-9214-42010a8e0014',1,'2024-04-18 20:48:08','2024-04-18 20:48:08'),
(621,'cbae0ef0-1c4b-11ef-9214-42010a8e0014',1,'2024-04-18 20:48:47','2024-04-18 20:48:47'),
(622,'cbae118f-1c4b-11ef-9214-42010a8e0014',1,'2024-04-18 20:49:11','2024-04-18 20:49:11'),
(623,'cbadffd1-1c4b-11ef-9214-42010a8e0014',1,'2024-04-19 13:34:43','2024-04-19 13:34:43'),
(624,'cbadffd1-1c4b-11ef-9214-42010a8e0014',1,'2024-04-19 13:53:16','2024-04-19 13:53:16'),
(625,'cbadffd1-1c4b-11ef-9214-42010a8e0014',1,'2024-04-19 13:53:20','2024-04-19 13:53:20'),
(626,'cbadffd1-1c4b-11ef-9214-42010a8e0014',1,'2024-04-19 14:11:01','2024-04-19 14:11:01'),
(627,'cbadffd1-1c4b-11ef-9214-42010a8e0014',1,'2024-04-19 20:25:42','2024-04-19 20:25:42'),
(628,'cbadffd1-1c4b-11ef-9214-42010a8e0014',1,'2024-04-22 13:57:49','2024-04-22 13:57:49'),
(629,'cbadffd1-1c4b-11ef-9214-42010a8e0014',1,'2024-04-22 14:40:10','2024-04-22 14:40:10'),
(630,'cbadffd1-1c4b-11ef-9214-42010a8e0014',1,'2024-04-22 15:19:28','2024-04-22 15:19:28'),
(631,'cbadffd1-1c4b-11ef-9214-42010a8e0014',1,'2024-04-22 15:28:32','2024-04-22 15:28:32'),
(632,'cbadffd1-1c4b-11ef-9214-42010a8e0014',1,'2024-04-22 16:45:20','2024-04-22 16:45:20'),
(633,'cbadffd1-1c4b-11ef-9214-42010a8e0014',1,'2024-04-22 17:32:40','2024-04-22 17:32:40'),
(634,'cbadffd1-1c4b-11ef-9214-42010a8e0014',1,'2024-04-22 17:33:29','2024-04-22 17:33:29'),
(635,'cbadffd1-1c4b-11ef-9214-42010a8e0014',1,'2024-04-22 18:19:49','2024-04-22 18:19:49'),
(636,'cbae0828-1c4b-11ef-9214-42010a8e0014',1,'2024-04-22 18:38:16','2024-04-22 18:38:16'),
(637,'cbadffd1-1c4b-11ef-9214-42010a8e0014',1,'2024-04-22 18:38:43','2024-04-22 18:38:43'),
(638,'cbadffd1-1c4b-11ef-9214-42010a8e0014',1,'2024-04-22 18:49:32','2024-04-22 18:49:32'),
(639,'cbadffd1-1c4b-11ef-9214-42010a8e0014',1,'2024-04-22 18:50:35','2024-04-22 18:50:35'),
(640,'cbadffd1-1c4b-11ef-9214-42010a8e0014',1,'2024-04-23 12:30:38','2024-04-23 12:30:38'),
(641,'cbadffd1-1c4b-11ef-9214-42010a8e0014',1,'2024-04-23 12:37:41','2024-04-23 12:37:41'),
(642,'cbadffd1-1c4b-11ef-9214-42010a8e0014',1,'2024-04-23 12:40:26','2024-04-23 12:40:26'),
(643,'cbadffd1-1c4b-11ef-9214-42010a8e0014',1,'2024-04-23 13:31:31','2024-04-23 13:31:31'),
(644,'cbadffd1-1c4b-11ef-9214-42010a8e0014',1,'2024-04-23 14:05:25','2024-04-23 14:05:25'),
(645,'cbadffd1-1c4b-11ef-9214-42010a8e0014',1,'2024-04-23 14:09:07','2024-04-23 14:09:07'),
(646,'cbae498d-1c4b-11ef-9214-42010a8e0014',1,'2024-04-23 14:11:49','2024-04-23 14:11:49'),
(647,'cbae118f-1c4b-11ef-9214-42010a8e0014',1,'2024-04-23 14:12:10','2024-04-23 14:12:10'),
(648,'cbadffd1-1c4b-11ef-9214-42010a8e0014',1,'2024-04-23 14:19:19','2024-04-23 14:19:19'),
(649,'cbadffd1-1c4b-11ef-9214-42010a8e0014',1,'2024-04-23 14:22:35','2024-04-23 14:22:35'),
(650,'cbadffd1-1c4b-11ef-9214-42010a8e0014',1,'2024-04-23 14:22:44','2024-04-23 14:22:44'),
(651,'cbadffd1-1c4b-11ef-9214-42010a8e0014',1,'2024-04-23 14:23:05','2024-04-23 14:23:05'),
(652,'cbadffd1-1c4b-11ef-9214-42010a8e0014',1,'2024-04-23 14:23:40','2024-04-23 14:23:40'),
(653,'cbadffd1-1c4b-11ef-9214-42010a8e0014',1,'2024-04-23 14:25:47','2024-04-23 14:25:47'),
(654,'cbae2040-1c4b-11ef-9214-42010a8e0014',1,'2024-04-23 14:30:17','2024-04-23 14:30:17'),
(655,'cbae118f-1c4b-11ef-9214-42010a8e0014',1,'2024-04-23 14:30:29','2024-04-23 14:30:29'),
(656,'cbae118f-1c4b-11ef-9214-42010a8e0014',1,'2024-04-23 14:31:10','2024-04-23 14:31:10'),
(657,'cbadffd1-1c4b-11ef-9214-42010a8e0014',1,'2024-04-23 14:38:50','2024-04-23 14:38:50'),
(658,'cbadffd1-1c4b-11ef-9214-42010a8e0014',1,'2024-04-23 14:44:48','2024-04-23 14:44:48'),
(659,'cbae0ef0-1c4b-11ef-9214-42010a8e0014',1,'2024-04-23 15:42:19','2024-04-23 15:42:19'),
(660,'cbadffd1-1c4b-11ef-9214-42010a8e0014',1,'2024-04-23 16:02:34','2024-04-23 16:02:34'),
(661,'cbadffd1-1c4b-11ef-9214-42010a8e0014',1,'2024-04-23 16:03:12','2024-04-23 16:03:12'),
(662,'cbae0ef0-1c4b-11ef-9214-42010a8e0014',1,'2024-04-23 18:33:15','2024-04-23 18:33:15'),
(663,'cbae0828-1c4b-11ef-9214-42010a8e0014',1,'2024-04-23 18:33:59','2024-04-23 18:33:59'),
(664,'cbae0ef0-1c4b-11ef-9214-42010a8e0014',1,'2024-04-23 18:53:20','2024-04-23 18:53:20'),
(665,'cbadffd1-1c4b-11ef-9214-42010a8e0014',1,'2024-04-23 18:55:08','2024-04-23 18:55:08'),
(666,'cbae0ef0-1c4b-11ef-9214-42010a8e0014',1,'2024-04-23 20:09:44','2024-04-23 20:09:44'),
(667,'cbae0828-1c4b-11ef-9214-42010a8e0014',1,'2024-04-23 20:10:16','2024-04-23 20:10:16'),
(668,'cbadffd1-1c4b-11ef-9214-42010a8e0014',1,'2024-04-23 20:18:26','2024-04-23 20:18:26'),
(669,'cbae2b96-1c4b-11ef-9214-42010a8e0014',1,'2024-04-23 20:23:37','2024-04-23 20:23:37'),
(670,'cbadffd1-1c4b-11ef-9214-42010a8e0014',1,'2024-04-23 20:57:22','2024-04-23 20:57:22'),
(671,'cbadffd1-1c4b-11ef-9214-42010a8e0014',1,'2024-04-23 20:59:45','2024-04-23 20:59:45'),
(672,'cbae0828-1c4b-11ef-9214-42010a8e0014',1,'2024-04-24 13:19:07','2024-04-24 13:19:07'),
(673,'cbadffd1-1c4b-11ef-9214-42010a8e0014',1,'2024-04-24 13:35:03','2024-04-24 13:35:03'),
(674,'cbadffd1-1c4b-11ef-9214-42010a8e0014',1,'2024-04-24 13:36:42','2024-04-24 13:36:42'),
(675,'cbadffd1-1c4b-11ef-9214-42010a8e0014',1,'2024-04-24 14:03:06','2024-04-24 14:03:06'),
(676,'cbadffd1-1c4b-11ef-9214-42010a8e0014',1,'2024-04-24 14:11:37','2024-04-24 14:11:37'),
(677,'cbadffd1-1c4b-11ef-9214-42010a8e0014',1,'2024-04-24 14:13:12','2024-04-24 14:13:12'),
(678,'cbadffd1-1c4b-11ef-9214-42010a8e0014',1,'2024-04-24 14:13:40','2024-04-24 14:13:40'),
(679,'cbadffd1-1c4b-11ef-9214-42010a8e0014',1,'2024-04-24 14:14:19','2024-04-24 14:14:19'),
(680,'cbadffd1-1c4b-11ef-9214-42010a8e0014',1,'2024-04-24 14:15:36','2024-04-24 14:15:36'),
(681,'cbadffd1-1c4b-11ef-9214-42010a8e0014',1,'2024-04-24 15:39:11','2024-04-24 15:39:11'),
(682,'cbadffd1-1c4b-11ef-9214-42010a8e0014',1,'2024-04-24 16:29:46','2024-04-24 16:29:46'),
(683,'cbadffd1-1c4b-11ef-9214-42010a8e0014',1,'2024-04-24 18:39:45','2024-04-24 18:39:45'),
(684,'cbae0828-1c4b-11ef-9214-42010a8e0014',1,'2024-04-24 19:45:16','2024-04-24 19:45:16'),
(685,'cbadffd1-1c4b-11ef-9214-42010a8e0014',1,'2024-04-25 12:32:59','2024-04-25 12:32:59'),
(686,'cbadffd1-1c4b-11ef-9214-42010a8e0014',1,'2024-04-25 13:15:27','2024-04-25 13:15:27'),
(687,'cbadffd1-1c4b-11ef-9214-42010a8e0014',1,'2024-04-25 13:20:53','2024-04-25 13:20:53'),
(688,'cbadffd1-1c4b-11ef-9214-42010a8e0014',1,'2024-04-25 13:26:00','2024-04-25 13:26:00'),
(689,'cbae0ef0-1c4b-11ef-9214-42010a8e0014',1,'2024-04-25 16:36:03','2024-04-25 16:36:03'),
(690,'cbae175d-1c4b-11ef-9214-42010a8e0014',1,'2024-04-25 16:36:58','2024-04-25 16:36:58'),
(691,'cbadffd1-1c4b-11ef-9214-42010a8e0014',1,'2024-04-25 16:40:26','2024-04-25 16:40:26'),
(692,'cbae0ef0-1c4b-11ef-9214-42010a8e0014',1,'2024-04-25 16:45:45','2024-04-25 16:45:45'),
(693,'cbae1f8a-1c4b-11ef-9214-42010a8e0014',1,'2024-04-25 16:46:54','2024-04-25 16:46:54'),
(694,'cbae0ef0-1c4b-11ef-9214-42010a8e0014',1,'2024-04-25 16:47:19','2024-04-25 16:47:19'),
(695,'cbadffd1-1c4b-11ef-9214-42010a8e0014',1,'2024-04-25 18:12:02','2024-04-25 18:12:02'),
(696,'cbae0ef0-1c4b-11ef-9214-42010a8e0014',1,'2024-04-25 18:14:43','2024-04-25 18:14:43'),
(697,'cbae22fb-1c4b-11ef-9214-42010a8e0014',1,'2024-04-25 18:16:00','2024-04-25 18:16:00'),
(698,'cbae0828-1c4b-11ef-9214-42010a8e0014',1,'2024-04-25 18:16:59','2024-04-25 18:16:59'),
(699,'cbae0828-1c4b-11ef-9214-42010a8e0014',1,'2024-04-25 18:17:32','2024-04-25 18:17:32'),
(700,'cbae1323-1c4b-11ef-9214-42010a8e0014',1,'2024-04-25 18:17:55','2024-04-25 18:17:55'),
(701,'cbadffd1-1c4b-11ef-9214-42010a8e0014',1,'2024-04-25 18:18:39','2024-04-25 18:18:39'),
(702,'cbadffd1-1c4b-11ef-9214-42010a8e0014',1,'2024-04-25 18:22:49','2024-04-25 18:22:49'),
(703,'cbae0ef0-1c4b-11ef-9214-42010a8e0014',1,'2024-04-25 18:26:15','2024-04-25 18:26:15'),
(704,'cbae0828-1c4b-11ef-9214-42010a8e0014',1,'2024-04-25 18:26:40','2024-04-25 18:26:40'),
(705,'cbae22fb-1c4b-11ef-9214-42010a8e0014',1,'2024-04-25 18:27:13','2024-04-25 18:27:13'),
(706,'cbae0828-1c4b-11ef-9214-42010a8e0014',1,'2024-04-25 18:29:03','2024-04-25 18:29:03'),
(707,'cbae0828-1c4b-11ef-9214-42010a8e0014',1,'2024-04-25 18:32:21','2024-04-25 18:32:21'),
(708,'cbadffd1-1c4b-11ef-9214-42010a8e0014',1,'2024-04-25 18:34:27','2024-04-25 18:34:27'),
(709,'cbae08ce-1c4b-11ef-9214-42010a8e0014',1,'2024-04-25 18:36:00','2024-04-25 18:36:00'),
(710,'cbadffd1-1c4b-11ef-9214-42010a8e0014',1,'2024-04-25 18:39:21','2024-04-25 18:39:21'),
(711,'cbae0ef0-1c4b-11ef-9214-42010a8e0014',1,'2024-04-25 18:41:44','2024-04-25 18:41:44'),
(712,'cbae22fb-1c4b-11ef-9214-42010a8e0014',1,'2024-04-25 18:42:31','2024-04-25 18:42:31'),
(713,'cbae175d-1c4b-11ef-9214-42010a8e0014',1,'2024-04-25 18:43:16','2024-04-25 18:43:16'),
(714,'cbadffd1-1c4b-11ef-9214-42010a8e0014',1,'2024-04-25 18:45:05','2024-04-25 18:45:05'),
(715,'cbae0ef0-1c4b-11ef-9214-42010a8e0014',1,'2024-04-25 18:47:23','2024-04-25 18:47:23'),
(716,'cbae22fb-1c4b-11ef-9214-42010a8e0014',1,'2024-04-25 18:48:20','2024-04-25 18:48:20'),
(717,'cbae0828-1c4b-11ef-9214-42010a8e0014',1,'2024-04-25 18:49:09','2024-04-25 18:49:09'),
(718,'cbadffd1-1c4b-11ef-9214-42010a8e0014',1,'2024-04-25 18:51:25','2024-04-25 18:51:25'),
(719,'cbadffd1-1c4b-11ef-9214-42010a8e0014',1,'2024-04-25 18:54:02','2024-04-25 18:54:02'),
(720,'cbadffd1-1c4b-11ef-9214-42010a8e0014',1,'2024-04-25 19:00:53','2024-04-25 19:00:53'),
(721,'cbadffd1-1c4b-11ef-9214-42010a8e0014',1,'2024-04-25 19:00:57','2024-04-25 19:00:57'),
(722,'cbae0828-1c4b-11ef-9214-42010a8e0014',1,'2024-04-25 19:01:28','2024-04-25 19:01:28'),
(723,'cbadffd1-1c4b-11ef-9214-42010a8e0014',1,'2024-04-25 19:04:20','2024-04-25 19:04:20'),
(724,'cbadffd1-1c4b-11ef-9214-42010a8e0014',1,'2024-04-25 19:07:06','2024-04-25 19:07:06'),
(725,'cbae0ef0-1c4b-11ef-9214-42010a8e0014',1,'2024-04-25 19:10:33','2024-04-25 19:10:33'),
(726,'cbae22fb-1c4b-11ef-9214-42010a8e0014',1,'2024-04-25 19:11:48','2024-04-25 19:11:48'),
(727,'cbae22fb-1c4b-11ef-9214-42010a8e0014',1,'2024-04-25 19:16:34','2024-04-25 19:16:34'),
(728,'cbadffd1-1c4b-11ef-9214-42010a8e0014',1,'2024-04-25 19:20:20','2024-04-25 19:20:20'),
(729,'cbae0ef0-1c4b-11ef-9214-42010a8e0014',1,'2024-04-25 19:22:56','2024-04-25 19:22:56'),
(730,'cbae22fb-1c4b-11ef-9214-42010a8e0014',1,'2024-04-25 19:24:15','2024-04-25 19:24:15'),
(731,'cbae0828-1c4b-11ef-9214-42010a8e0014',1,'2024-04-25 19:25:00','2024-04-25 19:25:00'),
(732,'cbadffd1-1c4b-11ef-9214-42010a8e0014',1,'2024-04-25 19:58:41','2024-04-25 19:58:41'),
(733,'cbadffd1-1c4b-11ef-9214-42010a8e0014',1,'2024-04-25 20:28:44','2024-04-25 20:28:44'),
(734,'cbae0828-1c4b-11ef-9214-42010a8e0014',1,'2024-04-25 20:34:15','2024-04-25 20:34:15'),
(735,'cbae09a3-1c4b-11ef-9214-42010a8e0014',1,'2024-04-25 20:34:48','2024-04-25 20:34:48'),
(736,'cbadffd1-1c4b-11ef-9214-42010a8e0014',1,'2024-04-25 21:03:29','2024-04-25 21:03:29'),
(737,'cbadffd1-1c4b-11ef-9214-42010a8e0014',1,'2024-04-25 21:04:41','2024-04-25 21:04:41'),
(738,'cbae0ef0-1c4b-11ef-9214-42010a8e0014',1,'2024-04-25 21:06:58','2024-04-25 21:06:58'),
(739,'cbae22fb-1c4b-11ef-9214-42010a8e0014',1,'2024-04-25 21:07:46','2024-04-25 21:07:46'),
(740,'cbae0828-1c4b-11ef-9214-42010a8e0014',1,'2024-04-25 21:08:16','2024-04-25 21:08:16'),
(741,'cbadffd1-1c4b-11ef-9214-42010a8e0014',1,'2024-04-25 21:09:36','2024-04-25 21:09:36'),
(742,'cbae0828-1c4b-11ef-9214-42010a8e0014',1,'2024-04-25 21:10:34','2024-04-25 21:10:34'),
(743,'cbadffd1-1c4b-11ef-9214-42010a8e0014',1,'2024-04-25 21:13:12','2024-04-25 21:13:12'),
(744,'cbadffd1-1c4b-11ef-9214-42010a8e0014',1,'2024-04-25 21:13:44','2024-04-25 21:13:44'),
(745,'cbadffd1-1c4b-11ef-9214-42010a8e0014',1,'2024-04-25 21:22:55','2024-04-25 21:22:55'),
(746,'cbadffd1-1c4b-11ef-9214-42010a8e0014',1,'2024-04-26 12:41:01','2024-04-26 12:41:01'),
(747,'cbae0ef0-1c4b-11ef-9214-42010a8e0014',1,'2024-04-26 12:44:53','2024-04-26 12:44:53'),
(748,'cbae22fb-1c4b-11ef-9214-42010a8e0014',1,'2024-04-26 12:46:27','2024-04-26 12:46:27'),
(749,'cbae0828-1c4b-11ef-9214-42010a8e0014',1,'2024-04-26 12:47:28','2024-04-26 12:47:28'),
(750,'cbadffd1-1c4b-11ef-9214-42010a8e0014',1,'2024-04-26 12:48:32','2024-04-26 12:48:32'),
(751,'cbae0828-1c4b-11ef-9214-42010a8e0014',1,'2024-04-26 12:49:12','2024-04-26 12:49:12'),
(752,'cbadffd1-1c4b-11ef-9214-42010a8e0014',1,'2024-04-26 12:50:50','2024-04-26 12:50:50'),
(753,'cbae0ef0-1c4b-11ef-9214-42010a8e0014',1,'2024-04-26 12:53:58','2024-04-26 12:53:58'),
(754,'cbadffd1-1c4b-11ef-9214-42010a8e0014',1,'2024-04-26 12:57:41','2024-04-26 12:57:41'),
(755,'cbae0ef0-1c4b-11ef-9214-42010a8e0014',1,'2024-04-26 13:00:43','2024-04-26 13:00:43'),
(756,'cbae22fb-1c4b-11ef-9214-42010a8e0014',1,'2024-04-26 13:01:41','2024-04-26 13:01:41'),
(757,'cbae175d-1c4b-11ef-9214-42010a8e0014',1,'2024-04-26 13:02:46','2024-04-26 13:02:46'),
(758,'cbadffd1-1c4b-11ef-9214-42010a8e0014',1,'2024-04-26 14:10:54','2024-04-26 14:10:54'),
(759,'cbadffd1-1c4b-11ef-9214-42010a8e0014',1,'2024-04-26 14:17:45','2024-04-26 14:17:45'),
(760,'cbae0ef0-1c4b-11ef-9214-42010a8e0014',1,'2024-04-26 14:20:30','2024-04-26 14:20:30'),
(761,'cbae22fb-1c4b-11ef-9214-42010a8e0014',1,'2024-04-26 14:21:25','2024-04-26 14:21:25'),
(762,'cbae0828-1c4b-11ef-9214-42010a8e0014',1,'2024-04-26 14:23:04','2024-04-26 14:23:04'),
(763,'cbae1b6e-1c4b-11ef-9214-42010a8e0014',1,'2024-04-26 14:24:02','2024-04-26 14:24:02'),
(764,'cbadffd1-1c4b-11ef-9214-42010a8e0014',1,'2024-04-26 14:35:38','2024-04-26 14:35:38'),
(765,'cbae09a3-1c4b-11ef-9214-42010a8e0014',1,'2024-04-26 14:54:44','2024-04-26 14:54:44'),
(766,'cbadffd1-1c4b-11ef-9214-42010a8e0014',1,'2024-04-26 16:02:41','2024-04-26 16:02:41'),
(767,'cbae0828-1c4b-11ef-9214-42010a8e0014',1,'2024-04-26 16:33:24','2024-04-26 16:33:24'),
(768,'cbadffd1-1c4b-11ef-9214-42010a8e0014',1,'2024-04-26 16:35:25','2024-04-26 16:35:25'),
(769,'cbadffd1-1c4b-11ef-9214-42010a8e0014',1,'2024-04-26 20:23:13','2024-04-26 20:23:13'),
(770,'cbadffd1-1c4b-11ef-9214-42010a8e0014',1,'2024-04-26 20:26:45','2024-04-26 20:26:45'),
(771,'cbae073a-1c4b-11ef-9214-42010a8e0014',1,'2024-04-26 20:38:45','2024-04-26 20:38:45'),
(772,'cbae073a-1c4b-11ef-9214-42010a8e0014',1,'2024-04-26 20:39:39','2024-04-26 20:39:39'),
(773,'cbae073a-1c4b-11ef-9214-42010a8e0014',1,'2024-04-26 20:53:06','2024-04-26 20:53:06'),
(774,'cbadffd1-1c4b-11ef-9214-42010a8e0014',1,'2024-04-27 14:32:24','2024-04-27 14:32:24'),
(775,'cbadffd1-1c4b-11ef-9214-42010a8e0014',1,'2024-04-27 16:43:33','2024-04-27 16:43:33'),
(776,'cbadffd1-1c4b-11ef-9214-42010a8e0014',1,'2024-04-27 17:12:23','2024-04-27 17:12:23'),
(777,'cbadffd1-1c4b-11ef-9214-42010a8e0014',1,'2024-04-29 12:00:25','2024-04-29 12:00:25'),
(778,'cbae0828-1c4b-11ef-9214-42010a8e0014',1,'2024-04-29 15:02:20','2024-04-29 15:02:20'),
(779,'cbae0828-1c4b-11ef-9214-42010a8e0014',1,'2024-04-29 15:02:22','2024-04-29 15:02:22'),
(780,'cbadffd1-1c4b-11ef-9214-42010a8e0014',1,'2024-04-29 15:19:16','2024-04-29 15:19:16'),
(781,'cbadffd1-1c4b-11ef-9214-42010a8e0014',1,'2024-04-29 15:29:30','2024-04-29 15:29:30'),
(782,'cbae0828-1c4b-11ef-9214-42010a8e0014',1,'2024-04-29 15:38:59','2024-04-29 15:38:59'),
(783,'cbae0828-1c4b-11ef-9214-42010a8e0014',1,'2024-04-29 15:49:23','2024-04-29 15:49:23'),
(784,'cbae0828-1c4b-11ef-9214-42010a8e0014',1,'2024-04-29 16:02:10','2024-04-29 16:02:10'),
(785,'cbae0828-1c4b-11ef-9214-42010a8e0014',1,'2024-04-29 16:18:28','2024-04-29 16:18:28'),
(786,'cbae073a-1c4b-11ef-9214-42010a8e0014',1,'2024-04-29 17:09:01','2024-04-29 17:09:01'),
(787,'cbae073a-1c4b-11ef-9214-42010a8e0014',1,'2024-04-29 17:29:00','2024-04-29 17:29:00'),
(788,'cbae073a-1c4b-11ef-9214-42010a8e0014',1,'2024-04-29 17:29:06','2024-04-29 17:29:06'),
(789,'cbadffd1-1c4b-11ef-9214-42010a8e0014',1,'2024-04-29 18:14:01','2024-04-29 18:14:01'),
(790,'cbae0828-1c4b-11ef-9214-42010a8e0014',1,'2024-04-29 18:24:00','2024-04-29 18:24:00'),
(791,'cbadffd1-1c4b-11ef-9214-42010a8e0014',1,'2024-04-29 18:33:40','2024-04-29 18:33:40'),
(792,'cbae0828-1c4b-11ef-9214-42010a8e0014',1,'2024-04-29 18:35:51','2024-04-29 18:35:51'),
(793,'cbadffd1-1c4b-11ef-9214-42010a8e0014',1,'2024-04-29 18:43:49','2024-04-29 18:43:49'),
(794,'cbae0828-1c4b-11ef-9214-42010a8e0014',1,'2024-04-29 18:45:09','2024-04-29 18:45:09'),
(795,'cbadffd1-1c4b-11ef-9214-42010a8e0014',1,'2024-04-29 18:45:52','2024-04-29 18:45:52'),
(796,'cbae0828-1c4b-11ef-9214-42010a8e0014',1,'2024-04-29 18:46:14','2024-04-29 18:46:14'),
(797,'cbae0ef0-1c4b-11ef-9214-42010a8e0014',1,'2024-04-29 18:48:31','2024-04-29 18:48:31'),
(798,'cbadffd1-1c4b-11ef-9214-42010a8e0014',1,'2024-04-29 18:51:57','2024-04-29 18:51:57'),
(799,'cbae08ce-1c4b-11ef-9214-42010a8e0014',1,'2024-04-29 18:52:20','2024-04-29 18:52:20'),
(800,'cbae0ef0-1c4b-11ef-9214-42010a8e0014',1,'2024-04-29 18:54:07','2024-04-29 18:54:07'),
(801,'cbadffd1-1c4b-11ef-9214-42010a8e0014',1,'2024-04-29 19:02:10','2024-04-29 19:02:10'),
(802,'cbae0ef0-1c4b-11ef-9214-42010a8e0014',1,'2024-04-29 19:05:33','2024-04-29 19:05:33'),
(803,'cbadffd1-1c4b-11ef-9214-42010a8e0014',1,'2024-04-29 19:29:06','2024-04-29 19:29:06'),
(804,'cbae0ef0-1c4b-11ef-9214-42010a8e0014',1,'2024-04-29 19:47:13','2024-04-29 19:47:13'),
(805,'cbae073a-1c4b-11ef-9214-42010a8e0014',1,'2024-04-29 19:48:13','2024-04-29 19:48:13'),
(806,'cbae073a-1c4b-11ef-9214-42010a8e0014',1,'2024-04-29 19:49:45','2024-04-29 19:49:45'),
(807,'cbae110b-1c4b-11ef-9214-42010a8e0014',1,'2024-04-29 19:51:14','2024-04-29 19:51:14'),
(808,'cbae0ef0-1c4b-11ef-9214-42010a8e0014',1,'2024-04-29 19:52:03','2024-04-29 19:52:03'),
(809,'cbae073a-1c4b-11ef-9214-42010a8e0014',1,'2024-04-29 19:53:11','2024-04-29 19:53:11'),
(810,'cbae110b-1c4b-11ef-9214-42010a8e0014',1,'2024-04-29 19:54:25','2024-04-29 19:54:25'),
(811,'cbae073a-1c4b-11ef-9214-42010a8e0014',1,'2024-04-29 19:55:38','2024-04-29 19:55:38'),
(812,'cbadffd1-1c4b-11ef-9214-42010a8e0014',1,'2024-04-29 20:00:46','2024-04-29 20:00:46'),
(813,'cbae073a-1c4b-11ef-9214-42010a8e0014',1,'2024-04-29 20:03:05','2024-04-29 20:03:05'),
(814,'cbae1323-1c4b-11ef-9214-42010a8e0014',1,'2024-04-29 20:05:09','2024-04-29 20:05:09'),
(815,'cbadffd1-1c4b-11ef-9214-42010a8e0014',1,'2024-04-29 20:06:07','2024-04-29 20:06:07'),
(816,'cbae0828-1c4b-11ef-9214-42010a8e0014',1,'2024-04-29 20:12:00','2024-04-29 20:12:00'),
(817,'cbae0ef0-1c4b-11ef-9214-42010a8e0014',1,'2024-04-29 20:13:41','2024-04-29 20:13:41'),
(818,'cbae073a-1c4b-11ef-9214-42010a8e0014',1,'2024-04-29 20:14:17','2024-04-29 20:14:17'),
(819,'cbadffd1-1c4b-11ef-9214-42010a8e0014',1,'2024-04-29 20:21:30','2024-04-29 20:21:30'),
(820,'cbae0ef0-1c4b-11ef-9214-42010a8e0014',1,'2024-04-29 20:23:08','2024-04-29 20:23:08'),
(821,'cbae073a-1c4b-11ef-9214-42010a8e0014',1,'2024-04-29 20:23:46','2024-04-29 20:23:46'),
(822,'cbadffd1-1c4b-11ef-9214-42010a8e0014',1,'2024-04-29 20:26:00','2024-04-29 20:26:00'),
(823,'cbae0ef0-1c4b-11ef-9214-42010a8e0014',1,'2024-04-29 20:26:44','2024-04-29 20:26:44'),
(824,'cbadffd1-1c4b-11ef-9214-42010a8e0014',1,'2024-04-29 20:28:06','2024-04-29 20:28:06'),
(825,'cbae0ef0-1c4b-11ef-9214-42010a8e0014',1,'2024-04-29 20:29:16','2024-04-29 20:29:16'),
(826,'cbae073a-1c4b-11ef-9214-42010a8e0014',1,'2024-04-29 20:31:06','2024-04-29 20:31:06'),
(827,'cbadffd1-1c4b-11ef-9214-42010a8e0014',1,'2024-04-29 20:36:34','2024-04-29 20:36:34'),
(828,'cbae0ef0-1c4b-11ef-9214-42010a8e0014',1,'2024-04-29 20:38:55','2024-04-29 20:38:55'),
(829,'cbadffd1-1c4b-11ef-9214-42010a8e0014',1,'2024-04-29 20:42:32','2024-04-29 20:42:32'),
(830,'cbae073a-1c4b-11ef-9214-42010a8e0014',1,'2024-04-29 20:42:38','2024-04-29 20:42:38'),
(831,'cbae0ef0-1c4b-11ef-9214-42010a8e0014',1,'2024-04-29 20:43:46','2024-04-29 20:43:46'),
(832,'cbae0ef0-1c4b-11ef-9214-42010a8e0014',1,'2024-04-29 20:53:14','2024-04-29 20:53:14'),
(833,'cbae110b-1c4b-11ef-9214-42010a8e0014',1,'2024-04-29 20:53:41','2024-04-29 20:53:41'),
(834,'cbae0ef0-1c4b-11ef-9214-42010a8e0014',1,'2024-04-29 20:54:05','2024-04-29 20:54:05'),
(835,'cbae110b-1c4b-11ef-9214-42010a8e0014',1,'2024-04-29 21:01:30','2024-04-29 21:01:30'),
(836,'cbae073a-1c4b-11ef-9214-42010a8e0014',1,'2024-04-29 21:09:12','2024-04-29 21:09:12'),
(837,'cbae073a-1c4b-11ef-9214-42010a8e0014',1,'2024-04-29 21:10:04','2024-04-29 21:10:04'),
(838,'cbae073a-1c4b-11ef-9214-42010a8e0014',1,'2024-04-29 21:14:58','2024-04-29 21:14:58'),
(839,'cbae073a-1c4b-11ef-9214-42010a8e0014',1,'2024-04-29 21:16:40','2024-04-29 21:16:40'),
(840,'cbae073a-1c4b-11ef-9214-42010a8e0014',1,'2024-04-29 21:17:49','2024-04-29 21:17:49'),
(841,'cbae073a-1c4b-11ef-9214-42010a8e0014',1,'2024-04-29 21:21:45','2024-04-29 21:21:45'),
(842,'cbae073a-1c4b-11ef-9214-42010a8e0014',1,'2024-04-29 21:24:07','2024-04-29 21:24:07'),
(843,'cbae073a-1c4b-11ef-9214-42010a8e0014',1,'2024-04-29 21:25:36','2024-04-29 21:25:36'),
(844,'cbae110b-1c4b-11ef-9214-42010a8e0014',1,'2024-04-29 21:29:00','2024-04-29 21:29:00'),
(845,'cbae073a-1c4b-11ef-9214-42010a8e0014',1,'2024-04-29 21:34:03','2024-04-29 21:34:03'),
(846,'cbae073a-1c4b-11ef-9214-42010a8e0014',1,'2024-04-29 21:39:41','2024-04-29 21:39:41'),
(847,'cbae073a-1c4b-11ef-9214-42010a8e0014',1,'2024-04-29 21:45:05','2024-04-29 21:45:05'),
(848,'cbae073a-1c4b-11ef-9214-42010a8e0014',1,'2024-04-29 21:46:17','2024-04-29 21:46:17'),
(849,'cbae073a-1c4b-11ef-9214-42010a8e0014',1,'2024-04-29 21:50:38','2024-04-29 21:50:38'),
(850,'cbae073a-1c4b-11ef-9214-42010a8e0014',1,'2024-04-29 22:04:10','2024-04-29 22:04:10'),
(851,'cbae073a-1c4b-11ef-9214-42010a8e0014',1,'2024-04-29 22:08:00','2024-04-29 22:08:00'),
(852,'cbae073a-1c4b-11ef-9214-42010a8e0014',1,'2024-04-29 22:36:56','2024-04-29 22:36:56'),
(853,'cbadffd1-1c4b-11ef-9214-42010a8e0014',1,'2024-04-29 22:38:17','2024-04-29 22:38:17'),
(854,'cbae0828-1c4b-11ef-9214-42010a8e0014',1,'2024-04-29 22:38:57','2024-04-29 22:38:57'),
(855,'cbae08ce-1c4b-11ef-9214-42010a8e0014',1,'2024-04-29 22:40:05','2024-04-29 22:40:05'),
(856,'cbae073a-1c4b-11ef-9214-42010a8e0014',1,'2024-04-29 22:41:36','2024-04-29 22:41:36'),
(857,'cbae073a-1c4b-11ef-9214-42010a8e0014',1,'2024-04-29 22:43:27','2024-04-29 22:43:27'),
(858,'cbae073a-1c4b-11ef-9214-42010a8e0014',1,'2024-04-29 22:44:49','2024-04-29 22:44:49'),
(859,'cbae073a-1c4b-11ef-9214-42010a8e0014',1,'2024-04-29 22:45:35','2024-04-29 22:45:35'),
(860,'cbae073a-1c4b-11ef-9214-42010a8e0014',1,'2024-04-29 22:48:42','2024-04-29 22:48:42'),
(861,'cbae110b-1c4b-11ef-9214-42010a8e0014',1,'2024-04-29 22:52:41','2024-04-29 22:52:41'),
(862,'cbae0828-1c4b-11ef-9214-42010a8e0014',1,'2024-04-29 22:54:28','2024-04-29 22:54:28'),
(863,'cbae110b-1c4b-11ef-9214-42010a8e0014',1,'2024-04-29 22:55:16','2024-04-29 22:55:16'),
(864,'cbae08ce-1c4b-11ef-9214-42010a8e0014',1,'2024-04-29 22:55:51','2024-04-29 22:55:51'),
(865,'cbae110b-1c4b-11ef-9214-42010a8e0014',1,'2024-04-29 22:57:54','2024-04-29 22:57:54'),
(866,'cbae110b-1c4b-11ef-9214-42010a8e0014',1,'2024-04-29 22:59:55','2024-04-29 22:59:55'),
(867,'cbae08ce-1c4b-11ef-9214-42010a8e0014',1,'2024-04-29 23:03:28','2024-04-29 23:03:28'),
(868,'cbadffd1-1c4b-11ef-9214-42010a8e0014',1,'2024-04-29 23:08:48','2024-04-29 23:08:48'),
(869,'cbae0828-1c4b-11ef-9214-42010a8e0014',1,'2024-04-29 23:09:11','2024-04-29 23:09:11'),
(870,'cbae0828-1c4b-11ef-9214-42010a8e0014',1,'2024-04-29 23:10:57','2024-04-29 23:10:57'),
(871,'cbae110b-1c4b-11ef-9214-42010a8e0014',1,'2024-04-29 23:11:57','2024-04-29 23:11:57'),
(872,'cbae08ce-1c4b-11ef-9214-42010a8e0014',1,'2024-04-29 23:13:40','2024-04-29 23:13:40'),
(873,'cbae0ef0-1c4b-11ef-9214-42010a8e0014',1,'2024-04-29 23:14:57','2024-04-29 23:14:57'),
(874,'cbae08ce-1c4b-11ef-9214-42010a8e0014',1,'2024-04-29 23:47:08','2024-04-29 23:47:08'),
(875,'cbae0828-1c4b-11ef-9214-42010a8e0014',1,'2024-04-29 23:50:35','2024-04-29 23:50:35'),
(876,'cbadffd1-1c4b-11ef-9214-42010a8e0014',1,'2024-04-29 23:51:03','2024-04-29 23:51:03'),
(877,'cbae110b-1c4b-11ef-9214-42010a8e0014',1,'2024-04-29 23:51:27','2024-04-29 23:51:27'),
(878,'cbae0828-1c4b-11ef-9214-42010a8e0014',1,'2024-04-29 23:53:03','2024-04-29 23:53:03'),
(879,'cbae110b-1c4b-11ef-9214-42010a8e0014',1,'2024-04-29 23:55:11','2024-04-29 23:55:11'),
(880,'cbae08ce-1c4b-11ef-9214-42010a8e0014',1,'2024-04-29 23:57:53','2024-04-29 23:57:53'),
(881,'cbae110b-1c4b-11ef-9214-42010a8e0014',1,'2024-04-30 00:00:28','2024-04-30 00:00:28'),
(882,'cbae08ce-1c4b-11ef-9214-42010a8e0014',1,'2024-04-30 00:01:19','2024-04-30 00:01:19'),
(883,'cbae110b-1c4b-11ef-9214-42010a8e0014',1,'2024-04-30 00:07:26','2024-04-30 00:07:26'),
(884,'cbadffd1-1c4b-11ef-9214-42010a8e0014',1,'2024-04-30 00:11:09','2024-04-30 00:11:09'),
(885,'cbae08ce-1c4b-11ef-9214-42010a8e0014',1,'2024-04-30 00:11:34','2024-04-30 00:11:34'),
(886,'cbae110b-1c4b-11ef-9214-42010a8e0014',1,'2024-04-30 00:15:25','2024-04-30 00:15:25'),
(887,'cbae08ce-1c4b-11ef-9214-42010a8e0014',1,'2024-04-30 00:18:43','2024-04-30 00:18:43'),
(888,'cbae110b-1c4b-11ef-9214-42010a8e0014',1,'2024-04-30 00:19:57','2024-04-30 00:19:57'),
(889,'cbae08ce-1c4b-11ef-9214-42010a8e0014',1,'2024-04-30 00:21:37','2024-04-30 00:21:37'),
(890,'cbae110b-1c4b-11ef-9214-42010a8e0014',1,'2024-04-30 00:22:24','2024-04-30 00:22:24'),
(891,'cbae08ce-1c4b-11ef-9214-42010a8e0014',1,'2024-04-30 00:23:16','2024-04-30 00:23:16'),
(892,'cbadffd1-1c4b-11ef-9214-42010a8e0014',1,'2024-04-30 01:21:47','2024-04-30 01:21:47'),
(893,'cbae110b-1c4b-11ef-9214-42010a8e0014',1,'2024-04-30 01:44:17','2024-04-30 01:44:17'),
(894,'cbae08ce-1c4b-11ef-9214-42010a8e0014',1,'2024-04-30 01:44:46','2024-04-30 01:44:46'),
(895,'cbae110b-1c4b-11ef-9214-42010a8e0014',1,'2024-04-30 01:45:58','2024-04-30 01:45:58'),
(896,'cbadffd1-1c4b-11ef-9214-42010a8e0014',1,'2024-04-30 01:56:12','2024-04-30 01:56:12'),
(897,'cbae0828-1c4b-11ef-9214-42010a8e0014',1,'2024-04-30 11:34:10','2024-04-30 11:34:10'),
(898,'cbadffd1-1c4b-11ef-9214-42010a8e0014',1,'2024-04-30 11:55:48','2024-04-30 11:55:48'),
(899,'cbae0828-1c4b-11ef-9214-42010a8e0014',1,'2024-04-30 11:58:48','2024-04-30 11:58:48'),
(900,'cbae110b-1c4b-11ef-9214-42010a8e0014',1,'2024-04-30 12:01:51','2024-04-30 12:01:51'),
(901,'cbae0828-1c4b-11ef-9214-42010a8e0014',1,'2024-04-30 12:05:57','2024-04-30 12:05:57'),
(902,'cbae110b-1c4b-11ef-9214-42010a8e0014',1,'2024-04-30 12:10:54','2024-04-30 12:10:54'),
(903,'cbae08ce-1c4b-11ef-9214-42010a8e0014',1,'2024-04-30 12:11:56','2024-04-30 12:11:56'),
(904,'cbadffd1-1c4b-11ef-9214-42010a8e0014',1,'2024-04-30 12:15:40','2024-04-30 12:15:40'),
(905,'cbae110b-1c4b-11ef-9214-42010a8e0014',1,'2024-04-30 12:15:59','2024-04-30 12:15:59'),
(906,'cbae08ce-1c4b-11ef-9214-42010a8e0014',1,'2024-04-30 12:17:20','2024-04-30 12:17:20'),
(907,'cbae110b-1c4b-11ef-9214-42010a8e0014',1,'2024-04-30 12:18:48','2024-04-30 12:18:48'),
(908,'cbae08ce-1c4b-11ef-9214-42010a8e0014',1,'2024-04-30 12:21:38','2024-04-30 12:21:38'),
(909,'cbae110b-1c4b-11ef-9214-42010a8e0014',1,'2024-04-30 12:40:26','2024-04-30 12:40:26'),
(910,'cbae08ce-1c4b-11ef-9214-42010a8e0014',1,'2024-04-30 12:41:40','2024-04-30 12:41:40'),
(911,'cbae110b-1c4b-11ef-9214-42010a8e0014',1,'2024-04-30 12:42:55','2024-04-30 12:42:55'),
(912,'cbae08ce-1c4b-11ef-9214-42010a8e0014',1,'2024-04-30 12:43:41','2024-04-30 12:43:41'),
(913,'cbadffd1-1c4b-11ef-9214-42010a8e0014',1,'2024-04-30 13:00:19','2024-04-30 13:00:19'),
(914,'cbae0828-1c4b-11ef-9214-42010a8e0014',1,'2024-04-30 13:13:38','2024-04-30 13:13:38'),
(915,'cbadffd1-1c4b-11ef-9214-42010a8e0014',1,'2024-04-30 13:14:18','2024-04-30 13:14:18'),
(916,'cbadffd1-1c4b-11ef-9214-42010a8e0014',1,'2024-04-30 13:26:15','2024-04-30 13:26:15'),
(917,'cbae0828-1c4b-11ef-9214-42010a8e0014',1,'2024-04-30 13:31:18','2024-04-30 13:31:18'),
(918,'cbae1323-1c4b-11ef-9214-42010a8e0014',1,'2024-04-30 13:37:12','2024-04-30 13:37:12'),
(919,'cbae1323-1c4b-11ef-9214-42010a8e0014',1,'2024-04-30 13:37:58','2024-04-30 13:37:58'),
(920,'cbae0828-1c4b-11ef-9214-42010a8e0014',1,'2024-04-30 13:40:46','2024-04-30 13:40:46'),
(921,'cbae110b-1c4b-11ef-9214-42010a8e0014',1,'2024-04-30 13:41:16','2024-04-30 13:41:16'),
(922,'cbadffd1-1c4b-11ef-9214-42010a8e0014',1,'2024-04-30 13:45:38','2024-04-30 13:45:38'),
(923,'cbae073a-1c4b-11ef-9214-42010a8e0014',1,'2024-04-30 13:52:46','2024-04-30 13:52:46'),
(924,'cbae110b-1c4b-11ef-9214-42010a8e0014',1,'2024-04-30 13:56:13','2024-04-30 13:56:13'),
(925,'cbae0828-1c4b-11ef-9214-42010a8e0014',1,'2024-04-30 13:56:57','2024-04-30 13:56:57'),
(926,'cbae1323-1c4b-11ef-9214-42010a8e0014',1,'2024-04-30 13:57:38','2024-04-30 13:57:38'),
(927,'cbae08ce-1c4b-11ef-9214-42010a8e0014',1,'2024-04-30 13:58:53','2024-04-30 13:58:53'),
(928,'cbae1323-1c4b-11ef-9214-42010a8e0014',1,'2024-04-30 13:59:18','2024-04-30 13:59:18'),
(929,'cbadffd1-1c4b-11ef-9214-42010a8e0014',1,'2024-04-30 14:04:42','2024-04-30 14:04:42'),
(930,'cbae110b-1c4b-11ef-9214-42010a8e0014',1,'2024-04-30 14:05:48','2024-04-30 14:05:48'),
(931,'cbadffd1-1c4b-11ef-9214-42010a8e0014',1,'2024-04-30 14:07:23','2024-04-30 14:07:23'),
(932,'cbadffd1-1c4b-11ef-9214-42010a8e0014',1,'2024-04-30 14:10:28','2024-04-30 14:10:28'),
(933,'cbadffd1-1c4b-11ef-9214-42010a8e0014',1,'2024-04-30 14:15:19','2024-04-30 14:15:19'),
(934,'cbadffd1-1c4b-11ef-9214-42010a8e0014',1,'2024-04-30 14:17:16','2024-04-30 14:17:16'),
(935,'cbadffd1-1c4b-11ef-9214-42010a8e0014',1,'2024-04-30 14:21:30','2024-04-30 14:21:30'),
(936,'cbae073a-1c4b-11ef-9214-42010a8e0014',1,'2024-04-30 14:22:51','2024-04-30 14:22:51'),
(937,'cbae073a-1c4b-11ef-9214-42010a8e0014',1,'2024-04-30 14:26:29','2024-04-30 14:26:29'),
(938,'cbae073a-1c4b-11ef-9214-42010a8e0014',1,'2024-04-30 14:27:19','2024-04-30 14:27:19'),
(939,'cbae073a-1c4b-11ef-9214-42010a8e0014',1,'2024-04-30 14:37:00','2024-04-30 14:37:00'),
(940,'cbae073a-1c4b-11ef-9214-42010a8e0014',1,'2024-04-30 14:37:55','2024-04-30 14:37:55'),
(941,'cbae073a-1c4b-11ef-9214-42010a8e0014',1,'2024-04-30 14:41:35','2024-04-30 14:41:35'),
(942,'cbae073a-1c4b-11ef-9214-42010a8e0014',1,'2024-04-30 14:43:47','2024-04-30 14:43:47'),
(943,'cbae110b-1c4b-11ef-9214-42010a8e0014',1,'2024-04-30 14:44:20','2024-04-30 14:44:20'),
(944,'cbae073a-1c4b-11ef-9214-42010a8e0014',1,'2024-04-30 14:49:57','2024-04-30 14:49:57'),
(945,'cbadffd1-1c4b-11ef-9214-42010a8e0014',1,'2024-04-30 14:54:56','2024-04-30 14:54:56'),
(946,'cbadffd1-1c4b-11ef-9214-42010a8e0014',1,'2024-04-30 14:55:52','2024-04-30 14:55:52'),
(947,'cbadffd1-1c4b-11ef-9214-42010a8e0014',1,'2024-04-30 15:02:00','2024-04-30 15:02:00'),
(948,'cbae110b-1c4b-11ef-9214-42010a8e0014',1,'2024-04-30 15:10:04','2024-04-30 15:10:04'),
(949,'cbae0ef0-1c4b-11ef-9214-42010a8e0014',1,'2024-04-30 15:12:54','2024-04-30 15:12:54'),
(950,'cbae0828-1c4b-11ef-9214-42010a8e0014',1,'2024-04-30 15:13:46','2024-04-30 15:13:46'),
(951,'cbadffd1-1c4b-11ef-9214-42010a8e0014',1,'2024-04-30 15:15:06','2024-04-30 15:15:06'),
(952,'cbae110b-1c4b-11ef-9214-42010a8e0014',1,'2024-04-30 15:34:18','2024-04-30 15:34:18'),
(953,'cbae15a1-1c4b-11ef-9214-42010a8e0014',1,'2024-04-30 15:43:59','2024-04-30 15:43:59'),
(954,'cbadffd1-1c4b-11ef-9214-42010a8e0014',1,'2024-04-30 16:08:13','2024-04-30 16:08:13'),
(955,'cbadffd1-1c4b-11ef-9214-42010a8e0014',1,'2024-04-30 16:09:12','2024-04-30 16:09:12'),
(956,'cbadffd1-1c4b-11ef-9214-42010a8e0014',1,'2024-04-30 16:10:16','2024-04-30 16:10:16'),
(957,'cbadffd1-1c4b-11ef-9214-42010a8e0014',1,'2024-04-30 16:10:18','2024-04-30 16:10:18'),
(958,'cbadffd1-1c4b-11ef-9214-42010a8e0014',1,'2024-04-30 16:10:21','2024-04-30 16:10:21'),
(959,'cbadffd1-1c4b-11ef-9214-42010a8e0014',1,'2024-04-30 16:16:49','2024-04-30 16:16:49'),
(960,'cbae073a-1c4b-11ef-9214-42010a8e0014',1,'2024-04-30 16:18:58','2024-04-30 16:18:58'),
(961,'cbadffd1-1c4b-11ef-9214-42010a8e0014',1,'2024-04-30 16:19:36','2024-04-30 16:19:36'),
(962,'cbae073a-1c4b-11ef-9214-42010a8e0014',1,'2024-04-30 16:47:24','2024-04-30 16:47:24'),
(963,'cbae0ef0-1c4b-11ef-9214-42010a8e0014',1,'2024-04-30 17:55:57','2024-04-30 17:55:57'),
(964,'cbae110b-1c4b-11ef-9214-42010a8e0014',1,'2024-04-30 17:56:54','2024-04-30 17:56:54'),
(965,'cbadffd1-1c4b-11ef-9214-42010a8e0014',1,'2024-04-30 18:05:31','2024-04-30 18:05:31'),
(966,'cbadffd1-1c4b-11ef-9214-42010a8e0014',1,'2024-04-30 18:32:52','2024-04-30 18:32:52'),
(967,'cbae15a1-1c4b-11ef-9214-42010a8e0014',1,'2024-04-30 18:56:45','2024-04-30 18:56:45'),
(968,'cbadffd1-1c4b-11ef-9214-42010a8e0014',1,'2024-04-30 18:57:40','2024-04-30 18:57:40'),
(969,'cbadffd1-1c4b-11ef-9214-42010a8e0014',1,'2024-04-30 18:59:27','2024-04-30 18:59:27'),
(970,'cbae110b-1c4b-11ef-9214-42010a8e0014',1,'2024-04-30 19:42:00','2024-04-30 19:42:00'),
(971,'cbae110b-1c4b-11ef-9214-42010a8e0014',1,'2024-04-30 19:49:11','2024-04-30 19:49:11'),
(972,'cbadffd1-1c4b-11ef-9214-42010a8e0014',1,'2024-04-30 19:55:23','2024-04-30 19:55:23'),
(973,'cbae073a-1c4b-11ef-9214-42010a8e0014',1,'2024-04-30 19:59:22','2024-04-30 19:59:22'),
(974,'cbadffd1-1c4b-11ef-9214-42010a8e0014',1,'2024-04-30 20:03:45','2024-04-30 20:03:45'),
(975,'cbadffd1-1c4b-11ef-9214-42010a8e0014',1,'2024-04-30 20:36:07','2024-04-30 20:36:07'),
(976,'cbadffd1-1c4b-11ef-9214-42010a8e0014',1,'2024-04-30 21:01:41','2024-04-30 21:01:41'),
(977,'cbae0828-1c4b-11ef-9214-42010a8e0014',1,'2024-04-30 21:09:23','2024-04-30 21:09:23'),
(978,'cbae08ce-1c4b-11ef-9214-42010a8e0014',1,'2024-04-30 21:09:48','2024-04-30 21:09:48'),
(979,'cbae1323-1c4b-11ef-9214-42010a8e0014',1,'2024-04-30 21:10:11','2024-04-30 21:10:11'),
(980,'cbadffd1-1c4b-11ef-9214-42010a8e0014',1,'2024-04-30 21:17:33','2024-04-30 21:17:33'),
(981,'cbadffd1-1c4b-11ef-9214-42010a8e0014',1,'2024-04-30 21:22:13','2024-04-30 21:22:13'),
(982,'cbadffd1-1c4b-11ef-9214-42010a8e0014',1,'2024-04-30 21:34:11','2024-04-30 21:34:11'),
(983,'cbadffd1-1c4b-11ef-9214-42010a8e0014',1,'2024-04-30 21:38:30','2024-04-30 21:38:30'),
(984,'cbadffd1-1c4b-11ef-9214-42010a8e0014',1,'2024-04-30 21:43:55','2024-04-30 21:43:55'),
(985,'cbadffd1-1c4b-11ef-9214-42010a8e0014',1,'2024-04-30 22:00:25','2024-04-30 22:00:25'),
(986,'cbadffd1-1c4b-11ef-9214-42010a8e0014',1,'2024-04-30 22:03:16','2024-04-30 22:03:16'),
(987,'cbae073a-1c4b-11ef-9214-42010a8e0014',1,'2024-04-30 22:31:40','2024-04-30 22:31:40'),
(988,'cbadffd1-1c4b-11ef-9214-42010a8e0014',1,'2024-04-30 22:32:19','2024-04-30 22:32:19'),
(989,'cbae073a-1c4b-11ef-9214-42010a8e0014',1,'2024-04-30 23:38:38','2024-04-30 23:38:38'),
(990,'cbae073a-1c4b-11ef-9214-42010a8e0014',1,'2024-04-30 23:57:24','2024-04-30 23:57:24'),
(991,'cbae073a-1c4b-11ef-9214-42010a8e0014',1,'2024-05-01 02:16:20','2024-05-01 02:16:20'),
(992,'cbae073a-1c4b-11ef-9214-42010a8e0014',1,'2024-05-01 02:46:13','2024-05-01 02:46:13'),
(993,'cbae073a-1c4b-11ef-9214-42010a8e0014',1,'2024-05-01 04:10:00','2024-05-01 04:10:00'),
(994,'cbae073a-1c4b-11ef-9214-42010a8e0014',1,'2024-05-01 05:51:08','2024-05-01 05:51:08'),
(995,'cbae073a-1c4b-11ef-9214-42010a8e0014',1,'2024-05-01 05:53:52','2024-05-01 05:53:52'),
(996,'cbae073a-1c4b-11ef-9214-42010a8e0014',1,'2024-05-01 06:03:18','2024-05-01 06:03:18'),
(997,'cbae073a-1c4b-11ef-9214-42010a8e0014',1,'2024-05-01 06:12:12','2024-05-01 06:12:12'),
(998,'cbae073a-1c4b-11ef-9214-42010a8e0014',1,'2024-05-01 19:29:07','2024-05-01 19:29:07'),
(999,'cbae073a-1c4b-11ef-9214-42010a8e0014',1,'2024-05-01 20:04:46','2024-05-01 20:04:46'),
(1000,'cbae073a-1c4b-11ef-9214-42010a8e0014',1,'2024-05-01 20:04:47','2024-05-01 20:04:47'),
(1001,'cbae073a-1c4b-11ef-9214-42010a8e0014',1,'2024-05-01 21:23:10','2024-05-01 21:23:10'),
(1002,'cbae073a-1c4b-11ef-9214-42010a8e0014',1,'2024-05-01 22:36:39','2024-05-01 22:36:39'),
(1003,'cbae073a-1c4b-11ef-9214-42010a8e0014',1,'2024-05-01 22:36:39','2024-05-01 22:36:39'),
(1004,'cbae073a-1c4b-11ef-9214-42010a8e0014',1,'2024-05-01 22:36:39','2024-05-01 22:36:39'),
(1005,'cbadffd1-1c4b-11ef-9214-42010a8e0014',1,'2024-05-02 12:54:08','2024-05-02 12:54:08'),
(1006,'cbadffd1-1c4b-11ef-9214-42010a8e0014',1,'2024-05-02 14:07:28','2024-05-02 14:07:28'),
(1007,'cbae073a-1c4b-11ef-9214-42010a8e0014',1,'2024-05-02 14:50:24','2024-05-02 14:50:24'),
(1008,'cbae073a-1c4b-11ef-9214-42010a8e0014',1,'2024-05-02 14:50:24','2024-05-02 14:50:24'),
(1009,'cbae110b-1c4b-11ef-9214-42010a8e0014',1,'2024-05-02 15:21:36','2024-05-02 15:21:36'),
(1010,'cbadffd1-1c4b-11ef-9214-42010a8e0014',1,'2024-05-02 15:40:24','2024-05-02 15:40:24'),
(1011,'cbae073a-1c4b-11ef-9214-42010a8e0014',1,'2024-05-02 15:42:14','2024-05-02 15:42:14'),
(1012,'cbae15a1-1c4b-11ef-9214-42010a8e0014',1,'2024-05-02 15:44:26','2024-05-02 15:44:26'),
(1013,'cbae1b6e-1c4b-11ef-9214-42010a8e0014',1,'2024-05-02 15:44:43','2024-05-02 15:44:43'),
(1014,'cbadffd1-1c4b-11ef-9214-42010a8e0014',1,'2024-05-02 18:23:22','2024-05-02 18:23:22'),
(1015,'cbae073a-1c4b-11ef-9214-42010a8e0014',1,'2024-05-02 19:11:06','2024-05-02 19:11:06'),
(1016,'cbadffd1-1c4b-11ef-9214-42010a8e0014',1,'2024-05-02 19:26:46','2024-05-02 19:26:46'),
(1017,'cbae073a-1c4b-11ef-9214-42010a8e0014',1,'2024-05-02 19:30:11','2024-05-02 19:30:11'),
(1018,'cbae073a-1c4b-11ef-9214-42010a8e0014',1,'2024-05-02 19:54:47','2024-05-02 19:54:47'),
(1019,'cbae073a-1c4b-11ef-9214-42010a8e0014',1,'2024-05-02 20:02:03','2024-05-02 20:02:03'),
(1020,'cbae073a-1c4b-11ef-9214-42010a8e0014',1,'2024-05-02 20:04:56','2024-05-02 20:04:56'),
(1021,'cbadffd1-1c4b-11ef-9214-42010a8e0014',1,'2024-05-02 20:18:47','2024-05-02 20:18:47'),
(1022,'cbadffd1-1c4b-11ef-9214-42010a8e0014',1,'2024-05-02 20:22:46','2024-05-02 20:22:46'),
(1023,'cbadffd1-1c4b-11ef-9214-42010a8e0014',1,'2024-05-02 20:31:26','2024-05-02 20:31:26'),
(1024,'cbadffd1-1c4b-11ef-9214-42010a8e0014',1,'2024-05-02 20:33:05','2024-05-02 20:33:05'),
(1025,'cbae073a-1c4b-11ef-9214-42010a8e0014',1,'2024-05-02 21:06:41','2024-05-02 21:06:41'),
(1026,'cbae073a-1c4b-11ef-9214-42010a8e0014',1,'2024-05-02 21:25:08','2024-05-02 21:25:08'),
(1027,'cbae073a-1c4b-11ef-9214-42010a8e0014',1,'2024-05-03 13:01:33','2024-05-03 13:01:33'),
(1028,'cbadffd1-1c4b-11ef-9214-42010a8e0014',1,'2024-05-03 13:05:35','2024-05-03 13:05:35'),
(1029,'cbadffd1-1c4b-11ef-9214-42010a8e0014',1,'2024-05-03 13:19:44','2024-05-03 13:19:44'),
(1030,'cbadffd1-1c4b-11ef-9214-42010a8e0014',1,'2024-05-03 13:20:20','2024-05-03 13:20:20'),
(1031,'cbadffd1-1c4b-11ef-9214-42010a8e0014',1,'2024-05-03 13:23:37','2024-05-03 13:23:37'),
(1032,'cbadffd1-1c4b-11ef-9214-42010a8e0014',1,'2024-05-03 13:24:06','2024-05-03 13:24:06'),
(1033,'cbadffd1-1c4b-11ef-9214-42010a8e0014',1,'2024-05-03 13:27:37','2024-05-03 13:27:37'),
(1034,'cbadffd1-1c4b-11ef-9214-42010a8e0014',1,'2024-05-03 13:36:24','2024-05-03 13:36:24'),
(1035,'cbadffd1-1c4b-11ef-9214-42010a8e0014',1,'2024-05-03 13:39:25','2024-05-03 13:39:25'),
(1036,'cbadffd1-1c4b-11ef-9214-42010a8e0014',1,'2024-05-03 13:51:23','2024-05-03 13:51:23'),
(1037,'cbadffd1-1c4b-11ef-9214-42010a8e0014',1,'2024-05-03 13:52:18','2024-05-03 13:52:18'),
(1038,'cbadffd1-1c4b-11ef-9214-42010a8e0014',1,'2024-05-03 13:53:00','2024-05-03 13:53:00'),
(1039,'cbadffd1-1c4b-11ef-9214-42010a8e0014',1,'2024-05-03 13:56:35','2024-05-03 13:56:35'),
(1040,'cbadffd1-1c4b-11ef-9214-42010a8e0014',1,'2024-05-03 14:00:16','2024-05-03 14:00:16'),
(1041,'cbadffd1-1c4b-11ef-9214-42010a8e0014',1,'2024-05-03 14:00:36','2024-05-03 14:00:36'),
(1042,'cbadffd1-1c4b-11ef-9214-42010a8e0014',1,'2024-05-03 14:13:41','2024-05-03 14:13:41'),
(1043,'cbadffd1-1c4b-11ef-9214-42010a8e0014',1,'2024-05-03 14:28:28','2024-05-03 14:28:28'),
(1044,'cbae073a-1c4b-11ef-9214-42010a8e0014',1,'2024-05-03 14:38:33','2024-05-03 14:38:33'),
(1045,'cbae073a-1c4b-11ef-9214-42010a8e0014',1,'2024-05-03 14:51:11','2024-05-03 14:51:11'),
(1046,'cbadffd1-1c4b-11ef-9214-42010a8e0014',1,'2024-05-03 15:24:18','2024-05-03 15:24:18'),
(1047,'cbadffd1-1c4b-11ef-9214-42010a8e0014',1,'2024-05-03 15:24:18','2024-05-03 15:24:18'),
(1048,'cbae073a-1c4b-11ef-9214-42010a8e0014',1,'2024-05-03 15:35:35','2024-05-03 15:35:35'),
(1049,'cbae073a-1c4b-11ef-9214-42010a8e0014',1,'2024-05-03 15:37:33','2024-05-03 15:37:33'),
(1050,'cbae073a-1c4b-11ef-9214-42010a8e0014',1,'2024-05-03 15:39:17','2024-05-03 15:39:17'),
(1051,'cbae073a-1c4b-11ef-9214-42010a8e0014',1,'2024-05-03 15:40:49','2024-05-03 15:40:49'),
(1052,'cbae073a-1c4b-11ef-9214-42010a8e0014',1,'2024-05-03 15:46:34','2024-05-03 15:46:34'),
(1053,'cbadffd1-1c4b-11ef-9214-42010a8e0014',1,'2024-05-03 16:03:30','2024-05-03 16:03:30'),
(1054,'cbadffd1-1c4b-11ef-9214-42010a8e0014',1,'2024-05-03 16:04:20','2024-05-03 16:04:20'),
(1055,'cbadffd1-1c4b-11ef-9214-42010a8e0014',1,'2024-05-03 16:06:06','2024-05-03 16:06:06'),
(1056,'cbadffd1-1c4b-11ef-9214-42010a8e0014',1,'2024-05-03 16:06:55','2024-05-03 16:06:55'),
(1057,'cbae2b96-1c4b-11ef-9214-42010a8e0014',1,'2024-05-03 18:00:32','2024-05-03 18:00:32'),
(1058,'cbae073a-1c4b-11ef-9214-42010a8e0014',1,'2024-05-03 19:45:06','2024-05-03 19:45:06'),
(1059,'cbae073a-1c4b-11ef-9214-42010a8e0014',1,'2024-05-03 19:47:30','2024-05-03 19:47:30'),
(1060,'cbae073a-1c4b-11ef-9214-42010a8e0014',1,'2024-05-03 19:47:30','2024-05-03 19:47:30'),
(1061,'cbae073a-1c4b-11ef-9214-42010a8e0014',1,'2024-05-03 19:50:19','2024-05-03 19:50:19'),
(1062,'cbae073a-1c4b-11ef-9214-42010a8e0014',1,'2024-05-03 19:51:12','2024-05-03 19:51:12'),
(1063,'cbae073a-1c4b-11ef-9214-42010a8e0014',1,'2024-05-03 19:51:13','2024-05-03 19:51:13'),
(1064,'cbae073a-1c4b-11ef-9214-42010a8e0014',1,'2024-05-03 19:54:56','2024-05-03 19:54:56'),
(1065,'cbae073a-1c4b-11ef-9214-42010a8e0014',1,'2024-05-03 19:58:37','2024-05-03 19:58:37'),
(1066,'cbae073a-1c4b-11ef-9214-42010a8e0014',1,'2024-05-03 20:00:07','2024-05-03 20:00:07'),
(1067,'cbae073a-1c4b-11ef-9214-42010a8e0014',1,'2024-05-03 20:17:03','2024-05-03 20:17:03'),
(1068,'cbae073a-1c4b-11ef-9214-42010a8e0014',1,'2024-05-03 20:20:03','2024-05-03 20:20:03'),
(1069,'cbae073a-1c4b-11ef-9214-42010a8e0014',1,'2024-05-03 20:20:35','2024-05-03 20:20:35'),
(1070,'cbae073a-1c4b-11ef-9214-42010a8e0014',1,'2024-05-03 20:22:22','2024-05-03 20:22:22'),
(1071,'cbae073a-1c4b-11ef-9214-42010a8e0014',1,'2024-05-03 20:30:24','2024-05-03 20:30:24'),
(1072,'cbae073a-1c4b-11ef-9214-42010a8e0014',1,'2024-05-03 20:43:23','2024-05-03 20:43:23'),
(1073,'cbae073a-1c4b-11ef-9214-42010a8e0014',1,'2024-05-03 20:48:14','2024-05-03 20:48:14'),
(1074,'cbae073a-1c4b-11ef-9214-42010a8e0014',1,'2024-05-03 20:50:08','2024-05-03 20:50:08'),
(1075,'cbae073a-1c4b-11ef-9214-42010a8e0014',1,'2024-05-03 20:58:32','2024-05-03 20:58:32'),
(1076,'cbae073a-1c4b-11ef-9214-42010a8e0014',1,'2024-05-03 21:02:00','2024-05-03 21:02:00'),
(1077,'cbae073a-1c4b-11ef-9214-42010a8e0014',1,'2024-05-03 21:04:38','2024-05-03 21:04:38'),
(1078,'cbae073a-1c4b-11ef-9214-42010a8e0014',1,'2024-05-03 21:06:14','2024-05-03 21:06:14'),
(1079,'cbae073a-1c4b-11ef-9214-42010a8e0014',1,'2024-05-03 21:07:18','2024-05-03 21:07:18'),
(1080,'cbae073a-1c4b-11ef-9214-42010a8e0014',1,'2024-05-03 21:08:11','2024-05-03 21:08:11'),
(1081,'cbadffd1-1c4b-11ef-9214-42010a8e0014',1,'2024-05-03 21:10:16','2024-05-03 21:10:16'),
(1082,'cbae073a-1c4b-11ef-9214-42010a8e0014',1,'2024-05-03 21:16:43','2024-05-03 21:16:43'),
(1083,'cbae073a-1c4b-11ef-9214-42010a8e0014',1,'2024-05-03 23:26:02','2024-05-03 23:26:02'),
(1084,'cbae073a-1c4b-11ef-9214-42010a8e0014',1,'2024-05-03 23:27:04','2024-05-03 23:27:04'),
(1085,'cbae073a-1c4b-11ef-9214-42010a8e0014',1,'2024-05-04 01:58:00','2024-05-04 01:58:00'),
(1086,'cbae073a-1c4b-11ef-9214-42010a8e0014',1,'2024-05-04 02:40:27','2024-05-04 02:40:27'),
(1087,'cbae073a-1c4b-11ef-9214-42010a8e0014',1,'2024-05-04 02:55:11','2024-05-04 02:55:11'),
(1088,'cbae073a-1c4b-11ef-9214-42010a8e0014',1,'2024-05-04 17:18:45','2024-05-04 17:18:45'),
(1089,'cbae073a-1c4b-11ef-9214-42010a8e0014',1,'2024-05-04 17:18:45','2024-05-04 17:18:45'),
(1090,'cbae073a-1c4b-11ef-9214-42010a8e0014',1,'2024-05-04 22:55:18','2024-05-04 22:55:18'),
(1091,'cbae073a-1c4b-11ef-9214-42010a8e0014',1,'2024-05-04 23:14:17','2024-05-04 23:14:17'),
(1092,'cbae073a-1c4b-11ef-9214-42010a8e0014',1,'2024-05-05 16:17:53','2024-05-05 16:17:53'),
(1093,'cbae073a-1c4b-11ef-9214-42010a8e0014',1,'2024-05-05 16:41:34','2024-05-05 16:41:34'),
(1094,'cbae073a-1c4b-11ef-9214-42010a8e0014',1,'2024-05-05 16:58:58','2024-05-05 16:58:58'),
(1095,'cbae073a-1c4b-11ef-9214-42010a8e0014',1,'2024-05-05 18:19:56','2024-05-05 18:19:56'),
(1096,'cbae073a-1c4b-11ef-9214-42010a8e0014',1,'2024-05-06 00:52:12','2024-05-06 00:52:12'),
(1097,'cbae073a-1c4b-11ef-9214-42010a8e0014',1,'2024-05-06 01:06:46','2024-05-06 01:06:46'),
(1098,'cbae073a-1c4b-11ef-9214-42010a8e0014',1,'2024-05-06 01:30:19','2024-05-06 01:30:19'),
(1099,'cbae073a-1c4b-11ef-9214-42010a8e0014',1,'2024-05-06 01:33:43','2024-05-06 01:33:43'),
(1100,'cbae073a-1c4b-11ef-9214-42010a8e0014',1,'2024-05-06 03:53:28','2024-05-06 03:53:28'),
(1101,'cbae073a-1c4b-11ef-9214-42010a8e0014',1,'2024-05-06 04:00:24','2024-05-06 04:00:24'),
(1102,'cbae073a-1c4b-11ef-9214-42010a8e0014',1,'2024-05-06 04:18:52','2024-05-06 04:18:52'),
(1103,'cbae073a-1c4b-11ef-9214-42010a8e0014',1,'2024-05-06 04:22:37','2024-05-06 04:22:37'),
(1104,'cbae073a-1c4b-11ef-9214-42010a8e0014',1,'2024-05-06 04:24:43','2024-05-06 04:24:43'),
(1105,'cbae073a-1c4b-11ef-9214-42010a8e0014',1,'2024-05-06 04:48:32','2024-05-06 04:48:32'),
(1106,'cbae073a-1c4b-11ef-9214-42010a8e0014',1,'2024-05-06 04:50:41','2024-05-06 04:50:41'),
(1107,'cbae073a-1c4b-11ef-9214-42010a8e0014',1,'2024-05-06 04:55:27','2024-05-06 04:55:27'),
(1108,'cbae073a-1c4b-11ef-9214-42010a8e0014',1,'2024-05-06 04:58:24','2024-05-06 04:58:24'),
(1109,'cbae073a-1c4b-11ef-9214-42010a8e0014',1,'2024-05-06 05:03:13','2024-05-06 05:03:13'),
(1110,'cbae073a-1c4b-11ef-9214-42010a8e0014',1,'2024-05-06 05:12:06','2024-05-06 05:12:06'),
(1111,'cbae073a-1c4b-11ef-9214-42010a8e0014',1,'2024-05-06 05:17:36','2024-05-06 05:17:36'),
(1112,'cbae073a-1c4b-11ef-9214-42010a8e0014',1,'2024-05-06 05:19:18','2024-05-06 05:19:18'),
(1113,'cbae073a-1c4b-11ef-9214-42010a8e0014',1,'2024-05-06 05:20:47','2024-05-06 05:20:47'),
(1114,'cbae073a-1c4b-11ef-9214-42010a8e0014',1,'2024-05-06 05:24:02','2024-05-06 05:24:02'),
(1115,'cbae073a-1c4b-11ef-9214-42010a8e0014',1,'2024-05-06 05:28:40','2024-05-06 05:28:40'),
(1116,'cbae073a-1c4b-11ef-9214-42010a8e0014',1,'2024-05-06 05:29:39','2024-05-06 05:29:39'),
(1117,'cbae073a-1c4b-11ef-9214-42010a8e0014',1,'2024-05-06 05:32:27','2024-05-06 05:32:27'),
(1118,'cbae073a-1c4b-11ef-9214-42010a8e0014',1,'2024-05-06 05:36:10','2024-05-06 05:36:10'),
(1119,'cbae073a-1c4b-11ef-9214-42010a8e0014',1,'2024-05-06 05:40:21','2024-05-06 05:40:21'),
(1120,'cbadffd1-1c4b-11ef-9214-42010a8e0014',1,'2024-05-06 12:57:29','2024-05-06 12:57:29'),
(1121,'cbadffd1-1c4b-11ef-9214-42010a8e0014',1,'2024-05-06 14:19:50','2024-05-06 14:19:50'),
(1122,'cbae073a-1c4b-11ef-9214-42010a8e0014',1,'2024-05-06 15:04:30','2024-05-06 15:04:30'),
(1123,'cbadffd1-1c4b-11ef-9214-42010a8e0014',1,'2024-05-06 15:15:37','2024-05-06 15:15:37'),
(1124,'cbae110b-1c4b-11ef-9214-42010a8e0014',1,'2024-05-06 15:20:03','2024-05-06 15:20:03'),
(1125,'cbae110b-1c4b-11ef-9214-42010a8e0014',1,'2024-05-06 15:20:03','2024-05-06 15:20:03'),
(1126,'cbae1323-1c4b-11ef-9214-42010a8e0014',1,'2024-05-06 15:23:26','2024-05-06 15:23:26'),
(1127,'cbadffd1-1c4b-11ef-9214-42010a8e0014',1,'2024-05-06 15:26:37','2024-05-06 15:26:37'),
(1128,'cbadffd1-1c4b-11ef-9214-42010a8e0014',1,'2024-05-06 15:43:30','2024-05-06 15:43:30'),
(1129,'cbadffd1-1c4b-11ef-9214-42010a8e0014',1,'2024-05-06 19:53:19','2024-05-06 19:53:19'),
(1130,'cbae110b-1c4b-11ef-9214-42010a8e0014',1,'2024-05-06 20:12:53','2024-05-06 20:12:53'),
(1131,'cbae110b-1c4b-11ef-9214-42010a8e0014',1,'2024-05-06 20:12:54','2024-05-06 20:12:54'),
(1132,'cbadffd1-1c4b-11ef-9214-42010a8e0014',1,'2024-05-06 20:14:07','2024-05-06 20:14:07'),
(1133,'cbae0ef0-1c4b-11ef-9214-42010a8e0014',1,'2024-05-06 20:24:07','2024-05-06 20:24:07'),
(1134,'cbadffd1-1c4b-11ef-9214-42010a8e0014',1,'2024-05-06 20:29:54','2024-05-06 20:29:54'),
(1135,'cbadffd1-1c4b-11ef-9214-42010a8e0014',1,'2024-05-06 21:15:54','2024-05-06 21:15:54'),
(1136,'cbae1323-1c4b-11ef-9214-42010a8e0014',1,'2024-05-06 21:19:58','2024-05-06 21:19:58'),
(1137,'cbae0ef0-1c4b-11ef-9214-42010a8e0014',1,'2024-05-06 21:21:49','2024-05-06 21:21:49'),
(1138,'cbae0ef0-1c4b-11ef-9214-42010a8e0014',1,'2024-05-06 21:22:59','2024-05-06 21:22:59'),
(1139,'cbae118f-1c4b-11ef-9214-42010a8e0014',1,'2024-05-06 21:25:36','2024-05-06 21:25:36'),
(1140,'cbadffd1-1c4b-11ef-9214-42010a8e0014',1,'2024-05-06 21:29:03','2024-05-06 21:29:03'),
(1141,'cbae073a-1c4b-11ef-9214-42010a8e0014',1,'2024-05-06 21:47:57','2024-05-06 21:47:57'),
(1142,'cbae073a-1c4b-11ef-9214-42010a8e0014',1,'2024-05-07 00:41:48','2024-05-07 00:41:48'),
(1143,'cbae073a-1c4b-11ef-9214-42010a8e0014',1,'2024-05-07 13:12:36','2024-05-07 13:12:36'),
(1144,'cbadffd1-1c4b-11ef-9214-42010a8e0014',1,'2024-05-07 13:24:47','2024-05-07 13:24:47'),
(1145,'cbadffd1-1c4b-11ef-9214-42010a8e0014',1,'2024-05-07 13:26:41','2024-05-07 13:26:41'),
(1146,'cbae4f01-1c4b-11ef-9214-42010a8e0014',1,'2024-05-07 14:01:53','2024-05-07 14:01:53'),
(1147,'cbae4f01-1c4b-11ef-9214-42010a8e0014',1,'2024-05-07 14:03:21','2024-05-07 14:03:21'),
(1148,'cbae4f01-1c4b-11ef-9214-42010a8e0014',1,'2024-05-07 14:04:42','2024-05-07 14:04:42'),
(1149,'cbae4f01-1c4b-11ef-9214-42010a8e0014',1,'2024-05-07 14:05:54','2024-05-07 14:05:54'),
(1150,'cbae4f01-1c4b-11ef-9214-42010a8e0014',1,'2024-05-07 14:08:01','2024-05-07 14:08:01'),
(1151,'cbae073a-1c4b-11ef-9214-42010a8e0014',1,'2024-05-07 14:30:38','2024-05-07 14:30:38'),
(1152,'cbae073a-1c4b-11ef-9214-42010a8e0014',1,'2024-05-07 14:32:32','2024-05-07 14:32:32'),
(1153,'cbae073a-1c4b-11ef-9214-42010a8e0014',1,'2024-05-07 14:33:41','2024-05-07 14:33:41'),
(1154,'cbadffd1-1c4b-11ef-9214-42010a8e0014',1,'2024-05-07 14:34:33','2024-05-07 14:34:33'),
(1155,'cbae073a-1c4b-11ef-9214-42010a8e0014',1,'2024-05-07 14:40:12','2024-05-07 14:40:12'),
(1156,'cbadffd1-1c4b-11ef-9214-42010a8e0014',1,'2024-05-07 15:03:45','2024-05-07 15:03:45'),
(1157,'cbae0ef0-1c4b-11ef-9214-42010a8e0014',1,'2024-05-07 15:19:09','2024-05-07 15:19:09'),
(1158,'cbadffd1-1c4b-11ef-9214-42010a8e0014',1,'2024-05-07 16:25:26','2024-05-07 16:25:26'),
(1159,'cbadffd1-1c4b-11ef-9214-42010a8e0014',1,'2024-05-07 16:25:59','2024-05-07 16:25:59'),
(1160,'cbae0ef0-1c4b-11ef-9214-42010a8e0014',1,'2024-05-07 18:31:52','2024-05-07 18:31:52'),
(1161,'cbadffd1-1c4b-11ef-9214-42010a8e0014',1,'2024-05-07 18:34:32','2024-05-07 18:34:32'),
(1162,'cbadffd1-1c4b-11ef-9214-42010a8e0014',1,'2024-05-07 18:34:35','2024-05-07 18:34:35'),
(1163,'cbae0ef0-1c4b-11ef-9214-42010a8e0014',1,'2024-05-07 18:36:03','2024-05-07 18:36:03'),
(1164,'cbae0828-1c4b-11ef-9214-42010a8e0014',1,'2024-05-07 18:36:47','2024-05-07 18:36:47'),
(1165,'cbadffd1-1c4b-11ef-9214-42010a8e0014',1,'2024-05-07 18:37:23','2024-05-07 18:37:23'),
(1166,'cbae0ef0-1c4b-11ef-9214-42010a8e0014',1,'2024-05-07 18:40:06','2024-05-07 18:40:06'),
(1167,'cbadffd1-1c4b-11ef-9214-42010a8e0014',1,'2024-05-07 18:41:24','2024-05-07 18:41:24'),
(1168,'cbae0ef0-1c4b-11ef-9214-42010a8e0014',1,'2024-05-07 19:16:41','2024-05-07 19:16:41'),
(1169,'cbadffd1-1c4b-11ef-9214-42010a8e0014',1,'2024-05-07 19:37:06','2024-05-07 19:37:06'),
(1170,'cbadffd1-1c4b-11ef-9214-42010a8e0014',1,'2024-05-07 19:37:08','2024-05-07 19:37:08'),
(1171,'cbae0ef0-1c4b-11ef-9214-42010a8e0014',1,'2024-05-07 19:43:05','2024-05-07 19:43:05'),
(1172,'cbadffd1-1c4b-11ef-9214-42010a8e0014',1,'2024-05-07 19:51:58','2024-05-07 19:51:58'),
(1173,'cbae073a-1c4b-11ef-9214-42010a8e0014',1,'2024-05-07 20:00:32','2024-05-07 20:00:32'),
(1174,'cbae0ef0-1c4b-11ef-9214-42010a8e0014',1,'2024-05-07 20:03:35','2024-05-07 20:03:35'),
(1175,'cbadffd1-1c4b-11ef-9214-42010a8e0014',1,'2024-05-07 20:06:36','2024-05-07 20:06:36'),
(1176,'cbae110b-1c4b-11ef-9214-42010a8e0014',1,'2024-05-07 20:18:49','2024-05-07 20:18:49'),
(1177,'cbae073a-1c4b-11ef-9214-42010a8e0014',1,'2024-05-07 20:32:34','2024-05-07 20:32:34'),
(1178,'cbae073a-1c4b-11ef-9214-42010a8e0014',1,'2024-05-07 21:22:58','2024-05-07 21:22:58'),
(1179,'cbae073a-1c4b-11ef-9214-42010a8e0014',1,'2024-05-07 23:51:10','2024-05-07 23:51:10'),
(1180,'cbae073a-1c4b-11ef-9214-42010a8e0014',1,'2024-05-08 05:21:40','2024-05-08 05:21:40'),
(1181,'cbae1323-1c4b-11ef-9214-42010a8e0014',1,'2024-05-08 11:41:37','2024-05-08 11:41:37'),
(1182,'cbae2b96-1c4b-11ef-9214-42010a8e0014',1,'2024-05-08 11:44:05','2024-05-08 11:44:05'),
(1183,'cbae2b96-1c4b-11ef-9214-42010a8e0014',1,'2024-05-08 11:48:20','2024-05-08 11:48:20'),
(1184,'cbae073a-1c4b-11ef-9214-42010a8e0014',1,'2024-05-08 13:01:48','2024-05-08 13:01:48'),
(1185,'cbadffd1-1c4b-11ef-9214-42010a8e0014',1,'2024-05-08 13:39:48','2024-05-08 13:39:48'),
(1186,'cbadffd1-1c4b-11ef-9214-42010a8e0014',1,'2024-05-08 13:39:48','2024-05-08 13:39:48'),
(1187,'cbadffd1-1c4b-11ef-9214-42010a8e0014',1,'2024-05-08 13:42:17','2024-05-08 13:42:17'),
(1188,'cbae073a-1c4b-11ef-9214-42010a8e0014',1,'2024-05-08 13:49:16','2024-05-08 13:49:16'),
(1189,'cbae0ef0-1c4b-11ef-9214-42010a8e0014',1,'2024-05-08 14:12:51','2024-05-08 14:12:51'),
(1190,'cbadffd1-1c4b-11ef-9214-42010a8e0014',1,'2024-05-08 14:17:48','2024-05-08 14:17:48'),
(1191,'cbae4f01-1c4b-11ef-9214-42010a8e0014',1,'2024-05-08 14:35:26','2024-05-08 14:35:26'),
(1192,'cbae4f01-1c4b-11ef-9214-42010a8e0014',1,'2024-05-08 14:36:07','2024-05-08 14:36:07'),
(1193,'cbae4f01-1c4b-11ef-9214-42010a8e0014',1,'2024-05-08 14:36:38','2024-05-08 14:36:38'),
(1194,'cbae4f01-1c4b-11ef-9214-42010a8e0014',1,'2024-05-08 14:37:01','2024-05-08 14:37:01'),
(1195,'cbae4f01-1c4b-11ef-9214-42010a8e0014',1,'2024-05-08 14:37:34','2024-05-08 14:37:34'),
(1196,'cbae4f01-1c4b-11ef-9214-42010a8e0014',1,'2024-05-08 14:38:12','2024-05-08 14:38:12'),
(1197,'cbadffd1-1c4b-11ef-9214-42010a8e0014',1,'2024-05-08 15:10:25','2024-05-08 15:10:25'),
(1198,'cbae4f01-1c4b-11ef-9214-42010a8e0014',1,'2024-05-08 15:24:43','2024-05-08 15:24:43'),
(1199,'cbadffd1-1c4b-11ef-9214-42010a8e0014',1,'2024-05-08 15:28:05','2024-05-08 15:28:05'),
(1200,'cbae4f01-1c4b-11ef-9214-42010a8e0014',1,'2024-05-08 15:29:12','2024-05-08 15:29:12'),
(1201,'cbae4f01-1c4b-11ef-9214-42010a8e0014',1,'2024-05-08 15:34:11','2024-05-08 15:34:11'),
(1202,'cbadffd1-1c4b-11ef-9214-42010a8e0014',1,'2024-05-08 15:41:52','2024-05-08 15:41:52'),
(1203,'cbae0ef0-1c4b-11ef-9214-42010a8e0014',1,'2024-05-08 15:46:06','2024-05-08 15:46:06'),
(1204,'cbadffd1-1c4b-11ef-9214-42010a8e0014',1,'2024-05-08 15:48:06','2024-05-08 15:48:06'),
(1205,'cbae0828-1c4b-11ef-9214-42010a8e0014',1,'2024-05-08 15:48:44','2024-05-08 15:48:44'),
(1206,'cbae0ef0-1c4b-11ef-9214-42010a8e0014',1,'2024-05-08 15:51:46','2024-05-08 15:51:46'),
(1207,'cbadffd1-1c4b-11ef-9214-42010a8e0014',1,'2024-05-08 15:52:26','2024-05-08 15:52:26'),
(1208,'cbae0ef0-1c4b-11ef-9214-42010a8e0014',1,'2024-05-08 15:53:00','2024-05-08 15:53:00'),
(1209,'cbadffd1-1c4b-11ef-9214-42010a8e0014',1,'2024-05-08 16:04:12','2024-05-08 16:04:12'),
(1210,'cbadffd1-1c4b-11ef-9214-42010a8e0014',1,'2024-05-08 16:06:06','2024-05-08 16:06:06'),
(1211,'cbae52c9-1c4b-11ef-9214-42010a8e0014',1,'2024-05-08 16:12:01','2024-05-08 16:12:01'),
(1212,'cbadffd1-1c4b-11ef-9214-42010a8e0014',1,'2024-05-08 16:24:28','2024-05-08 16:24:28'),
(1213,'cbadffd1-1c4b-11ef-9214-42010a8e0014',1,'2024-05-08 16:55:38','2024-05-08 16:55:38'),
(1214,'cbae0ef0-1c4b-11ef-9214-42010a8e0014',1,'2024-05-08 17:26:49','2024-05-08 17:26:49'),
(1215,'cbae073a-1c4b-11ef-9214-42010a8e0014',1,'2024-05-08 18:03:12','2024-05-08 18:03:12'),
(1216,'cbae110b-1c4b-11ef-9214-42010a8e0014',1,'2024-05-08 18:16:59','2024-05-08 18:16:59'),
(1217,'cbae110b-1c4b-11ef-9214-42010a8e0014',1,'2024-05-08 18:17:00','2024-05-08 18:17:00'),
(1218,'cbae118f-1c4b-11ef-9214-42010a8e0014',1,'2024-05-08 18:18:51','2024-05-08 18:18:51'),
(1219,'cbae0828-1c4b-11ef-9214-42010a8e0014',1,'2024-05-08 18:22:17','2024-05-08 18:22:17'),
(1220,'cbadffd1-1c4b-11ef-9214-42010a8e0014',1,'2024-05-08 18:24:06','2024-05-08 18:24:06'),
(1221,'cbae073a-1c4b-11ef-9214-42010a8e0014',1,'2024-05-08 18:28:42','2024-05-08 18:28:42'),
(1222,'cbae09a3-1c4b-11ef-9214-42010a8e0014',1,'2024-05-08 18:29:33','2024-05-08 18:29:33'),
(1223,'cbadffd1-1c4b-11ef-9214-42010a8e0014',1,'2024-05-08 18:30:27','2024-05-08 18:30:27'),
(1224,'cbae073a-1c4b-11ef-9214-42010a8e0014',1,'2024-05-08 18:42:13','2024-05-08 18:42:13'),
(1225,'cbae110b-1c4b-11ef-9214-42010a8e0014',1,'2024-05-08 19:09:52','2024-05-08 19:09:52'),
(1226,'cbadffd1-1c4b-11ef-9214-42010a8e0014',1,'2024-05-08 19:15:14','2024-05-08 19:15:14'),
(1227,'cbae0ef0-1c4b-11ef-9214-42010a8e0014',1,'2024-05-08 19:23:28','2024-05-08 19:23:28'),
(1228,'cbadffd1-1c4b-11ef-9214-42010a8e0014',1,'2024-05-08 19:26:23','2024-05-08 19:26:23'),
(1229,'cbae110b-1c4b-11ef-9214-42010a8e0014',1,'2024-05-08 19:32:45','2024-05-08 19:32:45'),
(1230,'cbadffd1-1c4b-11ef-9214-42010a8e0014',1,'2024-05-08 19:34:31','2024-05-08 19:34:31'),
(1231,'cbae110b-1c4b-11ef-9214-42010a8e0014',1,'2024-05-08 19:35:49','2024-05-08 19:35:49'),
(1232,'cbadffd1-1c4b-11ef-9214-42010a8e0014',1,'2024-05-08 19:40:09','2024-05-08 19:40:09'),
(1233,'cbae110b-1c4b-11ef-9214-42010a8e0014',1,'2024-05-08 19:41:19','2024-05-08 19:41:19'),
(1234,'cbadffd1-1c4b-11ef-9214-42010a8e0014',1,'2024-05-08 19:44:36','2024-05-08 19:44:36'),
(1235,'cbae0ef0-1c4b-11ef-9214-42010a8e0014',1,'2024-05-08 19:46:10','2024-05-08 19:46:10'),
(1236,'cbadffd1-1c4b-11ef-9214-42010a8e0014',1,'2024-05-08 19:47:26','2024-05-08 19:47:26'),
(1237,'cbae0828-1c4b-11ef-9214-42010a8e0014',1,'2024-05-08 19:49:31','2024-05-08 19:49:31'),
(1238,'cbae110b-1c4b-11ef-9214-42010a8e0014',1,'2024-05-08 19:53:57','2024-05-08 19:53:57'),
(1239,'cbae0828-1c4b-11ef-9214-42010a8e0014',1,'2024-05-08 19:56:25','2024-05-08 19:56:25'),
(1240,'cbadffd1-1c4b-11ef-9214-42010a8e0014',1,'2024-05-08 19:56:59','2024-05-08 19:56:59'),
(1241,'cbadffd1-1c4b-11ef-9214-42010a8e0014',1,'2024-05-08 20:00:15','2024-05-08 20:00:15'),
(1242,'cbae0828-1c4b-11ef-9214-42010a8e0014',1,'2024-05-08 20:01:10','2024-05-08 20:01:10'),
(1243,'cbae0828-1c4b-11ef-9214-42010a8e0014',1,'2024-05-08 20:01:37','2024-05-08 20:01:37'),
(1244,'cbadffd1-1c4b-11ef-9214-42010a8e0014',1,'2024-05-08 20:01:58','2024-05-08 20:01:58'),
(1245,'cbadffd1-1c4b-11ef-9214-42010a8e0014',1,'2024-05-08 20:04:28','2024-05-08 20:04:28'),
(1246,'cbae0828-1c4b-11ef-9214-42010a8e0014',1,'2024-05-08 20:07:37','2024-05-08 20:07:37'),
(1247,'cbadffd1-1c4b-11ef-9214-42010a8e0014',1,'2024-05-08 20:07:59','2024-05-08 20:07:59'),
(1248,'cbae0828-1c4b-11ef-9214-42010a8e0014',1,'2024-05-08 20:09:22','2024-05-08 20:09:22'),
(1249,'cbadffd1-1c4b-11ef-9214-42010a8e0014',1,'2024-05-08 20:09:55','2024-05-08 20:09:55'),
(1250,'cbae0828-1c4b-11ef-9214-42010a8e0014',1,'2024-05-08 20:10:27','2024-05-08 20:10:27'),
(1251,'cbadffd1-1c4b-11ef-9214-42010a8e0014',1,'2024-05-08 20:10:42','2024-05-08 20:10:42'),
(1252,'cbae0828-1c4b-11ef-9214-42010a8e0014',1,'2024-05-08 20:24:36','2024-05-08 20:24:36'),
(1253,'cbae0ef0-1c4b-11ef-9214-42010a8e0014',1,'2024-05-08 20:25:50','2024-05-08 20:25:50'),
(1254,'cbadffd1-1c4b-11ef-9214-42010a8e0014',1,'2024-05-08 20:26:37','2024-05-08 20:26:37'),
(1255,'cbae0ef0-1c4b-11ef-9214-42010a8e0014',1,'2024-05-08 20:27:43','2024-05-08 20:27:43'),
(1256,'cbadffd1-1c4b-11ef-9214-42010a8e0014',1,'2024-05-08 20:29:55','2024-05-08 20:29:55'),
(1257,'cbae0ef0-1c4b-11ef-9214-42010a8e0014',1,'2024-05-08 20:30:32','2024-05-08 20:30:32'),
(1258,'cbadffd1-1c4b-11ef-9214-42010a8e0014',1,'2024-05-08 20:33:44','2024-05-08 20:33:44'),
(1259,'cbae08ce-1c4b-11ef-9214-42010a8e0014',1,'2024-05-08 20:34:48','2024-05-08 20:34:48'),
(1260,'cbae0828-1c4b-11ef-9214-42010a8e0014',1,'2024-05-08 20:36:13','2024-05-08 20:36:13'),
(1261,'cbae110b-1c4b-11ef-9214-42010a8e0014',1,'2024-05-08 20:36:48','2024-05-08 20:36:48'),
(1262,'cbadffd1-1c4b-11ef-9214-42010a8e0014',1,'2024-05-08 20:37:11','2024-05-08 20:37:11'),
(1263,'cbadffd1-1c4b-11ef-9214-42010a8e0014',1,'2024-05-08 20:37:35','2024-05-08 20:37:35'),
(1264,'cbae0ef0-1c4b-11ef-9214-42010a8e0014',1,'2024-05-08 20:39:35','2024-05-08 20:39:35'),
(1265,'cbadffd1-1c4b-11ef-9214-42010a8e0014',1,'2024-05-08 20:40:19','2024-05-08 20:40:19'),
(1266,'cbae0828-1c4b-11ef-9214-42010a8e0014',1,'2024-05-08 20:46:43','2024-05-08 20:46:43'),
(1267,'cbadffd1-1c4b-11ef-9214-42010a8e0014',1,'2024-05-08 20:47:24','2024-05-08 20:47:24'),
(1268,'cbae0ef0-1c4b-11ef-9214-42010a8e0014',1,'2024-05-08 20:48:29','2024-05-08 20:48:29'),
(1269,'cbadffd1-1c4b-11ef-9214-42010a8e0014',1,'2024-05-08 20:53:37','2024-05-08 20:53:37'),
(1270,'cbae110b-1c4b-11ef-9214-42010a8e0014',1,'2024-05-08 20:56:30','2024-05-08 20:56:30'),
(1271,'cbadffd1-1c4b-11ef-9214-42010a8e0014',1,'2024-05-08 20:57:18','2024-05-08 20:57:18'),
(1272,'cbae0ef0-1c4b-11ef-9214-42010a8e0014',1,'2024-05-08 20:58:07','2024-05-08 20:58:07'),
(1273,'cbadffd1-1c4b-11ef-9214-42010a8e0014',1,'2024-05-08 20:58:30','2024-05-08 20:58:30'),
(1274,'cbae0ef0-1c4b-11ef-9214-42010a8e0014',1,'2024-05-08 21:00:05','2024-05-08 21:00:05'),
(1275,'cbadffd1-1c4b-11ef-9214-42010a8e0014',1,'2024-05-08 21:00:54','2024-05-08 21:00:54'),
(1276,'cbae0ef0-1c4b-11ef-9214-42010a8e0014',1,'2024-05-08 21:08:03','2024-05-08 21:08:03'),
(1277,'cbae0ef0-1c4b-11ef-9214-42010a8e0014',1,'2024-05-08 21:08:07','2024-05-08 21:08:07'),
(1278,'cbadffd1-1c4b-11ef-9214-42010a8e0014',1,'2024-05-08 21:10:01','2024-05-08 21:10:01'),
(1279,'cbae0828-1c4b-11ef-9214-42010a8e0014',1,'2024-05-08 21:10:21','2024-05-08 21:10:21'),
(1280,'cbae0ef0-1c4b-11ef-9214-42010a8e0014',1,'2024-05-08 21:11:31','2024-05-08 21:11:31'),
(1281,'cbadffd1-1c4b-11ef-9214-42010a8e0014',1,'2024-05-08 21:12:27','2024-05-08 21:12:27'),
(1282,'cbae0ef0-1c4b-11ef-9214-42010a8e0014',1,'2024-05-08 21:14:33','2024-05-08 21:14:33'),
(1283,'cbadffd1-1c4b-11ef-9214-42010a8e0014',1,'2024-05-08 21:15:36','2024-05-08 21:15:36'),
(1284,'cbae110b-1c4b-11ef-9214-42010a8e0014',1,'2024-05-08 21:25:53','2024-05-08 21:25:53'),
(1285,'cbae110b-1c4b-11ef-9214-42010a8e0014',1,'2024-05-08 21:25:57','2024-05-08 21:25:57'),
(1286,'cbadffd1-1c4b-11ef-9214-42010a8e0014',1,'2024-05-08 21:36:29','2024-05-08 21:36:29'),
(1287,'cbae110b-1c4b-11ef-9214-42010a8e0014',1,'2024-05-08 21:38:35','2024-05-08 21:38:35'),
(1288,'cbae0828-1c4b-11ef-9214-42010a8e0014',1,'2024-05-08 21:39:30','2024-05-08 21:39:30'),
(1289,'cbae0828-1c4b-11ef-9214-42010a8e0014',1,'2024-05-08 21:39:42','2024-05-08 21:39:42'),
(1290,'cbae08ce-1c4b-11ef-9214-42010a8e0014',1,'2024-05-08 21:41:16','2024-05-08 21:41:16'),
(1291,'cbadffd1-1c4b-11ef-9214-42010a8e0014',1,'2024-05-08 21:46:12','2024-05-08 21:46:12'),
(1292,'cbae0ef0-1c4b-11ef-9214-42010a8e0014',1,'2024-05-08 21:47:43','2024-05-08 21:47:43'),
(1293,'cbae08ce-1c4b-11ef-9214-42010a8e0014',1,'2024-05-08 21:48:59','2024-05-08 21:48:59'),
(1294,'cbae0828-1c4b-11ef-9214-42010a8e0014',1,'2024-05-08 21:49:56','2024-05-08 21:49:56'),
(1295,'cbae08ce-1c4b-11ef-9214-42010a8e0014',1,'2024-05-08 21:53:39','2024-05-08 21:53:39'),
(1296,'cbae08ce-1c4b-11ef-9214-42010a8e0014',1,'2024-05-08 21:56:02','2024-05-08 21:56:02'),
(1297,'cbadffd1-1c4b-11ef-9214-42010a8e0014',1,'2024-05-08 21:56:45','2024-05-08 21:56:45'),
(1298,'cbae0ef0-1c4b-11ef-9214-42010a8e0014',1,'2024-05-08 21:57:42','2024-05-08 21:57:42'),
(1299,'cbae52c9-1c4b-11ef-9214-42010a8e0014',1,'2024-05-09 00:07:52','2024-05-09 00:07:52'),
(1300,'cbae52c9-1c4b-11ef-9214-42010a8e0014',1,'2024-05-09 13:09:38','2024-05-09 13:09:38'),
(1301,'cbae0828-1c4b-11ef-9214-42010a8e0014',1,'2024-05-09 13:19:49','2024-05-09 13:19:49'),
(1302,'cbae0828-1c4b-11ef-9214-42010a8e0014',1,'2024-05-09 13:19:52','2024-05-09 13:19:52'),
(1303,'cbae08ce-1c4b-11ef-9214-42010a8e0014',1,'2024-05-09 13:22:46','2024-05-09 13:22:46'),
(1304,'cbae0828-1c4b-11ef-9214-42010a8e0014',1,'2024-05-09 13:32:49','2024-05-09 13:32:49'),
(1305,'cbadffd1-1c4b-11ef-9214-42010a8e0014',1,'2024-05-09 13:33:36','2024-05-09 13:33:36'),
(1306,'cbae08ce-1c4b-11ef-9214-42010a8e0014',1,'2024-05-09 13:41:10','2024-05-09 13:41:10'),
(1307,'cbadffd1-1c4b-11ef-9214-42010a8e0014',1,'2024-05-09 13:41:59','2024-05-09 13:41:59'),
(1308,'cbae52c9-1c4b-11ef-9214-42010a8e0014',1,'2024-05-09 13:59:09','2024-05-09 13:59:09'),
(1309,'cbae110b-1c4b-11ef-9214-42010a8e0014',1,'2024-05-09 14:06:37','2024-05-09 14:06:37'),
(1310,'cbadffd1-1c4b-11ef-9214-42010a8e0014',1,'2024-05-09 14:14:25','2024-05-09 14:14:25'),
(1311,'cbae0ef0-1c4b-11ef-9214-42010a8e0014',1,'2024-05-09 14:16:40','2024-05-09 14:16:40'),
(1312,'cbadffd1-1c4b-11ef-9214-42010a8e0014',1,'2024-05-09 14:23:38','2024-05-09 14:23:38'),
(1313,'cbae0ef0-1c4b-11ef-9214-42010a8e0014',1,'2024-05-09 14:39:09','2024-05-09 14:39:09'),
(1314,'cbadffd1-1c4b-11ef-9214-42010a8e0014',1,'2024-05-09 14:41:19','2024-05-09 14:41:19'),
(1315,'cbae0ef0-1c4b-11ef-9214-42010a8e0014',1,'2024-05-09 14:43:21','2024-05-09 14:43:21'),
(1316,'cbae08ce-1c4b-11ef-9214-42010a8e0014',1,'2024-05-09 14:44:44','2024-05-09 14:44:44'),
(1317,'cbadffd1-1c4b-11ef-9214-42010a8e0014',1,'2024-05-09 14:56:01','2024-05-09 14:56:01'),
(1318,'cbae0ef0-1c4b-11ef-9214-42010a8e0014',1,'2024-05-09 14:57:03','2024-05-09 14:57:03'),
(1319,'cbae08ce-1c4b-11ef-9214-42010a8e0014',1,'2024-05-09 14:58:00','2024-05-09 14:58:00'),
(1320,'cbae52c9-1c4b-11ef-9214-42010a8e0014',1,'2024-05-09 14:59:48','2024-05-09 14:59:48'),
(1321,'cbae0828-1c4b-11ef-9214-42010a8e0014',1,'2024-05-09 15:05:30','2024-05-09 15:05:30'),
(1322,'cbadffd1-1c4b-11ef-9214-42010a8e0014',1,'2024-05-09 15:06:59','2024-05-09 15:06:59'),
(1323,'cbae0ef0-1c4b-11ef-9214-42010a8e0014',1,'2024-05-09 15:11:42','2024-05-09 15:11:42'),
(1324,'cbae110b-1c4b-11ef-9214-42010a8e0014',1,'2024-05-09 15:13:50','2024-05-09 15:13:50'),
(1325,'cbae08ce-1c4b-11ef-9214-42010a8e0014',1,'2024-05-09 15:15:40','2024-05-09 15:15:40'),
(1326,'cbadffd1-1c4b-11ef-9214-42010a8e0014',1,'2024-05-09 15:16:52','2024-05-09 15:16:52'),
(1327,'cbae110b-1c4b-11ef-9214-42010a8e0014',1,'2024-05-09 15:18:45','2024-05-09 15:18:45'),
(1328,'cbadffd1-1c4b-11ef-9214-42010a8e0014',1,'2024-05-09 15:19:47','2024-05-09 15:19:47'),
(1329,'cbae4f01-1c4b-11ef-9214-42010a8e0014',1,'2024-05-09 15:21:41','2024-05-09 15:21:41'),
(1330,'cbae0ef0-1c4b-11ef-9214-42010a8e0014',1,'2024-05-09 15:22:18','2024-05-09 15:22:18'),
(1331,'cbae52c9-1c4b-11ef-9214-42010a8e0014',1,'2024-05-09 15:27:40','2024-05-09 15:27:40'),
(1332,'cbae4f01-1c4b-11ef-9214-42010a8e0014',1,'2024-05-09 15:28:29','2024-05-09 15:28:29'),
(1333,'cbae110b-1c4b-11ef-9214-42010a8e0014',1,'2024-05-09 15:29:01','2024-05-09 15:29:01'),
(1334,'cbae52c9-1c4b-11ef-9214-42010a8e0014',1,'2024-05-09 15:37:43','2024-05-09 15:37:43'),
(1335,'cbadffd1-1c4b-11ef-9214-42010a8e0014',1,'2024-05-09 15:42:12','2024-05-09 15:42:12'),
(1336,'cbadffd1-1c4b-11ef-9214-42010a8e0014',1,'2024-05-09 15:45:17','2024-05-09 15:45:17'),
(1337,'cbae52c9-1c4b-11ef-9214-42010a8e0014',1,'2024-05-09 15:55:42','2024-05-09 15:55:42'),
(1338,'cbadffd1-1c4b-11ef-9214-42010a8e0014',1,'2024-05-09 16:08:42','2024-05-09 16:08:42'),
(1339,'cbae4f01-1c4b-11ef-9214-42010a8e0014',1,'2024-05-09 18:10:16','2024-05-09 18:10:16'),
(1340,'cbae0ef0-1c4b-11ef-9214-42010a8e0014',1,'2024-05-09 18:46:42','2024-05-09 18:46:42'),
(1341,'cbae52c9-1c4b-11ef-9214-42010a8e0014',1,'2024-05-09 19:04:11','2024-05-09 19:04:11'),
(1342,'cbadffd1-1c4b-11ef-9214-42010a8e0014',1,'2024-05-09 19:06:38','2024-05-09 19:06:38'),
(1343,'cbae52c9-1c4b-11ef-9214-42010a8e0014',1,'2024-05-09 19:06:58','2024-05-09 19:06:58'),
(1344,'cbae08ce-1c4b-11ef-9214-42010a8e0014',1,'2024-05-09 19:07:42','2024-05-09 19:07:42'),
(1345,'cbadffd1-1c4b-11ef-9214-42010a8e0014',1,'2024-05-09 19:17:35','2024-05-09 19:17:35'),
(1346,'cbadffd1-1c4b-11ef-9214-42010a8e0014',1,'2024-05-09 19:23:07','2024-05-09 19:23:07'),
(1347,'cbadffd1-1c4b-11ef-9214-42010a8e0014',1,'2024-05-09 19:23:46','2024-05-09 19:23:46'),
(1348,'cbae08ce-1c4b-11ef-9214-42010a8e0014',1,'2024-05-09 19:41:40','2024-05-09 19:41:40'),
(1349,'cbadffd1-1c4b-11ef-9214-42010a8e0014',1,'2024-05-09 19:46:47','2024-05-09 19:46:47'),
(1350,'cbae110b-1c4b-11ef-9214-42010a8e0014',1,'2024-05-09 19:50:25','2024-05-09 19:50:25'),
(1351,'cbadffd1-1c4b-11ef-9214-42010a8e0014',1,'2024-05-09 20:08:54','2024-05-09 20:08:54'),
(1352,'cbadffd1-1c4b-11ef-9214-42010a8e0014',1,'2024-05-09 20:08:55','2024-05-09 20:08:55'),
(1353,'cbadffd1-1c4b-11ef-9214-42010a8e0014',1,'2024-05-09 20:09:32','2024-05-09 20:09:32'),
(1354,'cbadffd1-1c4b-11ef-9214-42010a8e0014',1,'2024-05-09 20:09:43','2024-05-09 20:09:43'),
(1355,'cbae0ef0-1c4b-11ef-9214-42010a8e0014',1,'2024-05-09 20:10:36','2024-05-09 20:10:36'),
(1356,'cbae0828-1c4b-11ef-9214-42010a8e0014',1,'2024-05-09 20:14:08','2024-05-09 20:14:08'),
(1357,'cbadffd1-1c4b-11ef-9214-42010a8e0014',1,'2024-05-09 20:16:19','2024-05-09 20:16:19'),
(1358,'cbae110b-1c4b-11ef-9214-42010a8e0014',1,'2024-05-09 20:17:15','2024-05-09 20:17:15'),
(1359,'cbadffd1-1c4b-11ef-9214-42010a8e0014',1,'2024-05-09 20:18:09','2024-05-09 20:18:09'),
(1360,'cbae110b-1c4b-11ef-9214-42010a8e0014',1,'2024-05-09 20:23:43','2024-05-09 20:23:43'),
(1361,'cbadffd1-1c4b-11ef-9214-42010a8e0014',1,'2024-05-09 21:17:40','2024-05-09 21:17:40'),
(1362,'cbae4f01-1c4b-11ef-9214-42010a8e0014',1,'2024-05-09 22:46:59','2024-05-09 22:46:59'),
(1363,'cbadffd1-1c4b-11ef-9214-42010a8e0014',1,'2024-05-10 00:02:04','2024-05-10 00:02:04'),
(1364,'cbae560e-1c4b-11ef-9214-42010a8e0014',1,'2024-05-10 00:34:50','2024-05-10 00:34:50'),
(1365,'cbae56cd-1c4b-11ef-9214-42010a8e0014',1,'2024-05-10 00:35:07','2024-05-10 00:35:07'),
(1366,'cbae579d-1c4b-11ef-9214-42010a8e0014',1,'2024-05-10 00:35:27','2024-05-10 00:35:27'),
(1367,'cbae586d-1c4b-11ef-9214-42010a8e0014',1,'2024-05-10 00:35:46','2024-05-10 00:35:46'),
(1368,'cbae52c9-1c4b-11ef-9214-42010a8e0014',1,'2024-05-10 01:05:07','2024-05-10 01:05:07'),
(1369,'cbae4f01-1c4b-11ef-9214-42010a8e0014',1,'2024-05-10 03:33:45','2024-05-10 03:33:45'),
(1370,'cbae52c9-1c4b-11ef-9214-42010a8e0014',1,'2024-05-10 13:07:37','2024-05-10 13:07:37'),
(1371,'cbadffd1-1c4b-11ef-9214-42010a8e0014',1,'2024-05-10 13:10:11','2024-05-10 13:10:11'),
(1372,'cbae2b96-1c4b-11ef-9214-42010a8e0014',1,'2024-05-10 15:46:45','2024-05-10 15:46:45'),
(1373,'cbadffd1-1c4b-11ef-9214-42010a8e0014',1,'2024-05-10 15:48:25','2024-05-10 15:48:25'),
(1374,'cbae110b-1c4b-11ef-9214-42010a8e0014',1,'2024-05-10 15:48:41','2024-05-10 15:48:41'),
(1375,'cbae0ef0-1c4b-11ef-9214-42010a8e0014',1,'2024-05-10 15:50:54','2024-05-10 15:50:54'),
(1376,'cbae4f01-1c4b-11ef-9214-42010a8e0014',1,'2024-05-10 16:21:24','2024-05-10 16:21:24'),
(1377,'cbadffd1-1c4b-11ef-9214-42010a8e0014',1,'2024-05-10 16:40:03','2024-05-10 16:40:03'),
(1378,'cbae110b-1c4b-11ef-9214-42010a8e0014',1,'2024-05-10 16:40:31','2024-05-10 16:40:31'),
(1379,'cbae110b-1c4b-11ef-9214-42010a8e0014',1,'2024-05-10 18:00:36','2024-05-10 18:00:36'),
(1380,'cbae0828-1c4b-11ef-9214-42010a8e0014',1,'2024-05-10 18:10:18','2024-05-10 18:10:18'),
(1381,'cbae0828-1c4b-11ef-9214-42010a8e0014',1,'2024-05-10 18:10:41','2024-05-10 18:10:41'),
(1382,'cbadffd1-1c4b-11ef-9214-42010a8e0014',1,'2024-05-10 18:11:44','2024-05-10 18:11:44'),
(1383,'cbae0828-1c4b-11ef-9214-42010a8e0014',1,'2024-05-10 18:15:33','2024-05-10 18:15:33'),
(1384,'cbadffd1-1c4b-11ef-9214-42010a8e0014',1,'2024-05-10 18:16:55','2024-05-10 18:16:55'),
(1385,'cbae110b-1c4b-11ef-9214-42010a8e0014',1,'2024-05-10 18:20:46','2024-05-10 18:20:46'),
(1386,'cbadffd1-1c4b-11ef-9214-42010a8e0014',1,'2024-05-10 18:37:10','2024-05-10 18:37:10'),
(1387,'cbae110b-1c4b-11ef-9214-42010a8e0014',1,'2024-05-10 18:39:12','2024-05-10 18:39:12'),
(1388,'cbae110b-1c4b-11ef-9214-42010a8e0014',1,'2024-05-10 18:47:28','2024-05-10 18:47:28'),
(1389,'cbadffd1-1c4b-11ef-9214-42010a8e0014',1,'2024-05-10 18:49:54','2024-05-10 18:49:54'),
(1390,'cbadffd1-1c4b-11ef-9214-42010a8e0014',1,'2024-05-10 18:57:00','2024-05-10 18:57:00'),
(1391,'cbae110b-1c4b-11ef-9214-42010a8e0014',1,'2024-05-10 18:58:11','2024-05-10 18:58:11'),
(1392,'cbadffd1-1c4b-11ef-9214-42010a8e0014',1,'2024-05-10 19:08:09','2024-05-10 19:08:09'),
(1393,'cbae110b-1c4b-11ef-9214-42010a8e0014',1,'2024-05-10 19:09:49','2024-05-10 19:09:49'),
(1394,'cbadffd1-1c4b-11ef-9214-42010a8e0014',1,'2024-05-10 19:11:53','2024-05-10 19:11:53'),
(1395,'cbae110b-1c4b-11ef-9214-42010a8e0014',1,'2024-05-10 19:13:08','2024-05-10 19:13:08'),
(1396,'cbadffd1-1c4b-11ef-9214-42010a8e0014',1,'2024-05-10 19:14:00','2024-05-10 19:14:00'),
(1397,'cbae110b-1c4b-11ef-9214-42010a8e0014',1,'2024-05-10 19:15:07','2024-05-10 19:15:07'),
(1398,'cbadffd1-1c4b-11ef-9214-42010a8e0014',1,'2024-05-10 19:18:22','2024-05-10 19:18:22'),
(1399,'cbae110b-1c4b-11ef-9214-42010a8e0014',1,'2024-05-10 19:20:23','2024-05-10 19:20:23'),
(1400,'cbadffd1-1c4b-11ef-9214-42010a8e0014',1,'2024-05-10 19:23:02','2024-05-10 19:23:02'),
(1401,'cbae110b-1c4b-11ef-9214-42010a8e0014',1,'2024-05-10 19:25:16','2024-05-10 19:25:16'),
(1402,'cbadffd1-1c4b-11ef-9214-42010a8e0014',1,'2024-05-10 19:38:45','2024-05-10 19:38:45'),
(1403,'cbae110b-1c4b-11ef-9214-42010a8e0014',1,'2024-05-10 19:43:06','2024-05-10 19:43:06'),
(1404,'cbadffd1-1c4b-11ef-9214-42010a8e0014',1,'2024-05-10 19:44:11','2024-05-10 19:44:11'),
(1405,'cbae110b-1c4b-11ef-9214-42010a8e0014',1,'2024-05-10 19:46:03','2024-05-10 19:46:03'),
(1406,'cbadffd1-1c4b-11ef-9214-42010a8e0014',1,'2024-05-10 19:48:24','2024-05-10 19:48:24'),
(1407,'cbae110b-1c4b-11ef-9214-42010a8e0014',1,'2024-05-10 19:50:29','2024-05-10 19:50:29'),
(1408,'cbadffd1-1c4b-11ef-9214-42010a8e0014',1,'2024-05-10 19:51:28','2024-05-10 19:51:28'),
(1409,'cbae110b-1c4b-11ef-9214-42010a8e0014',1,'2024-05-10 19:52:10','2024-05-10 19:52:10'),
(1410,'cbadffd1-1c4b-11ef-9214-42010a8e0014',1,'2024-05-10 19:59:27','2024-05-10 19:59:27'),
(1411,'cbae110b-1c4b-11ef-9214-42010a8e0014',1,'2024-05-10 20:02:09','2024-05-10 20:02:09'),
(1412,'cbadffd1-1c4b-11ef-9214-42010a8e0014',1,'2024-05-10 20:03:49','2024-05-10 20:03:49'),
(1413,'cbae110b-1c4b-11ef-9214-42010a8e0014',1,'2024-05-10 20:07:40','2024-05-10 20:07:40'),
(1414,'cbadffd1-1c4b-11ef-9214-42010a8e0014',1,'2024-05-10 20:08:57','2024-05-10 20:08:57'),
(1415,'cbae110b-1c4b-11ef-9214-42010a8e0014',1,'2024-05-10 20:09:51','2024-05-10 20:09:51'),
(1416,'cbadffd1-1c4b-11ef-9214-42010a8e0014',1,'2024-05-10 20:13:52','2024-05-10 20:13:52'),
(1417,'cbae110b-1c4b-11ef-9214-42010a8e0014',1,'2024-05-10 20:15:30','2024-05-10 20:15:30'),
(1418,'cbadffd1-1c4b-11ef-9214-42010a8e0014',1,'2024-05-10 20:19:11','2024-05-10 20:19:11'),
(1419,'cbae110b-1c4b-11ef-9214-42010a8e0014',1,'2024-05-10 20:20:27','2024-05-10 20:20:27'),
(1420,'cbadffd1-1c4b-11ef-9214-42010a8e0014',1,'2024-05-10 20:22:30','2024-05-10 20:22:30'),
(1421,'cbae110b-1c4b-11ef-9214-42010a8e0014',1,'2024-05-10 20:23:05','2024-05-10 20:23:05'),
(1422,'cbae2b96-1c4b-11ef-9214-42010a8e0014',1,'2024-05-10 20:43:12','2024-05-10 20:43:12'),
(1423,'cbae2b96-1c4b-11ef-9214-42010a8e0014',1,'2024-05-10 20:43:13','2024-05-10 20:43:13'),
(1424,'cbae0828-1c4b-11ef-9214-42010a8e0014',1,'2024-05-10 21:04:48','2024-05-10 21:04:48'),
(1425,'cbadffd1-1c4b-11ef-9214-42010a8e0014',1,'2024-05-10 22:09:00','2024-05-10 22:09:00'),
(1426,'cbae110b-1c4b-11ef-9214-42010a8e0014',1,'2024-05-10 22:09:30','2024-05-10 22:09:30'),
(1427,'cbae073a-1c4b-11ef-9214-42010a8e0014',1,'2024-05-11 05:52:13','2024-05-11 05:52:13'),
(1428,'cbae52c9-1c4b-11ef-9214-42010a8e0014',1,'2024-05-11 21:19:19','2024-05-11 21:19:19'),
(1429,'cbae52c9-1c4b-11ef-9214-42010a8e0014',1,'2024-05-11 22:19:09','2024-05-11 22:19:09'),
(1430,'cbadffd1-1c4b-11ef-9214-42010a8e0014',1,'2024-05-12 13:16:14','2024-05-12 13:16:14'),
(1431,'cbae2b96-1c4b-11ef-9214-42010a8e0014',1,'2024-05-12 13:21:18','2024-05-12 13:21:18'),
(1432,'cbadffd1-1c4b-11ef-9214-42010a8e0014',1,'2024-05-12 13:30:30','2024-05-12 13:30:30'),
(1433,'cbae110b-1c4b-11ef-9214-42010a8e0014',1,'2024-05-12 14:11:38','2024-05-12 14:11:38'),
(1434,'cbae0ef0-1c4b-11ef-9214-42010a8e0014',1,'2024-05-12 16:05:47','2024-05-12 16:05:47'),
(1435,'cbae0ef0-1c4b-11ef-9214-42010a8e0014',1,'2024-05-12 16:07:04','2024-05-12 16:07:04'),
(1436,'cbae0ef0-1c4b-11ef-9214-42010a8e0014',1,'2024-05-12 16:53:50','2024-05-12 16:53:50'),
(1437,'cbae0ef0-1c4b-11ef-9214-42010a8e0014',1,'2024-05-12 17:03:54','2024-05-12 17:03:54'),
(1438,'cbadffd1-1c4b-11ef-9214-42010a8e0014',1,'2024-05-12 17:22:35','2024-05-12 17:22:35'),
(1439,'cbae0ef0-1c4b-11ef-9214-42010a8e0014',1,'2024-05-12 17:27:22','2024-05-12 17:27:22'),
(1440,'cbae0ef0-1c4b-11ef-9214-42010a8e0014',1,'2024-05-12 17:28:15','2024-05-12 17:28:15'),
(1441,'cbae0ef0-1c4b-11ef-9214-42010a8e0014',1,'2024-05-12 17:52:31','2024-05-12 17:52:31'),
(1442,'cbae0ef0-1c4b-11ef-9214-42010a8e0014',1,'2024-05-12 18:17:51','2024-05-12 18:17:51'),
(1443,'cbadffd1-1c4b-11ef-9214-42010a8e0014',1,'2024-05-12 18:26:30','2024-05-12 18:26:30'),
(1444,'cbae4f01-1c4b-11ef-9214-42010a8e0014',1,'2024-05-12 21:09:28','2024-05-12 21:09:28'),
(1445,'cbae52c9-1c4b-11ef-9214-42010a8e0014',1,'2024-05-13 16:04:04','2024-05-13 16:04:04'),
(1446,'cbadffd1-1c4b-11ef-9214-42010a8e0014',1,'2024-05-13 16:13:53','2024-05-13 16:13:53'),
(1447,'cbadffd1-1c4b-11ef-9214-42010a8e0014',1,'2024-05-13 16:15:56','2024-05-13 16:15:56'),
(1448,'cbadffd1-1c4b-11ef-9214-42010a8e0014',1,'2024-05-13 16:26:19','2024-05-13 16:26:19'),
(1449,'cbadffd1-1c4b-11ef-9214-42010a8e0014',1,'2024-05-13 16:35:48','2024-05-13 16:35:48'),
(1450,'cbae52c9-1c4b-11ef-9214-42010a8e0014',1,'2024-05-13 16:48:22','2024-05-13 16:48:22'),
(1451,'cbae0828-1c4b-11ef-9214-42010a8e0014',1,'2024-05-13 22:23:49','2024-05-13 22:23:49'),
(1452,'cbadffd1-1c4b-11ef-9214-42010a8e0014',1,'2024-05-14 00:51:01','2024-05-14 00:51:01'),
(1453,'cbae0828-1c4b-11ef-9214-42010a8e0014',1,'2024-05-14 10:31:26','2024-05-14 10:31:26'),
(1454,'cbadffd1-1c4b-11ef-9214-42010a8e0014',1,'2024-05-14 11:17:02','2024-05-14 11:17:02'),
(1455,'cbae110b-1c4b-11ef-9214-42010a8e0014',1,'2024-05-14 11:22:52','2024-05-14 11:22:52'),
(1456,'cbadffd1-1c4b-11ef-9214-42010a8e0014',1,'2024-05-14 11:43:51','2024-05-14 11:43:51'),
(1457,'cbae110b-1c4b-11ef-9214-42010a8e0014',1,'2024-05-14 11:45:52','2024-05-14 11:45:52'),
(1458,'cbadffd1-1c4b-11ef-9214-42010a8e0014',1,'2024-05-14 11:46:50','2024-05-14 11:46:50'),
(1459,'cbae110b-1c4b-11ef-9214-42010a8e0014',1,'2024-05-14 11:49:11','2024-05-14 11:49:11'),
(1460,'cbadffd1-1c4b-11ef-9214-42010a8e0014',1,'2024-05-14 11:52:29','2024-05-14 11:52:29'),
(1461,'cbae110b-1c4b-11ef-9214-42010a8e0014',1,'2024-05-14 11:53:20','2024-05-14 11:53:20'),
(1462,'cbadffd1-1c4b-11ef-9214-42010a8e0014',1,'2024-05-14 11:55:19','2024-05-14 11:55:19'),
(1463,'cbae110b-1c4b-11ef-9214-42010a8e0014',1,'2024-05-14 11:59:37','2024-05-14 11:59:37'),
(1464,'cbadffd1-1c4b-11ef-9214-42010a8e0014',1,'2024-05-14 12:02:08','2024-05-14 12:02:08'),
(1465,'cbae110b-1c4b-11ef-9214-42010a8e0014',1,'2024-05-14 12:03:06','2024-05-14 12:03:06'),
(1466,'cbadffd1-1c4b-11ef-9214-42010a8e0014',1,'2024-05-14 12:04:27','2024-05-14 12:04:27'),
(1467,'cbae110b-1c4b-11ef-9214-42010a8e0014',1,'2024-05-14 12:05:20','2024-05-14 12:05:20'),
(1468,'cbadffd1-1c4b-11ef-9214-42010a8e0014',1,'2024-05-14 12:08:28','2024-05-14 12:08:28'),
(1469,'cbae110b-1c4b-11ef-9214-42010a8e0014',1,'2024-05-14 12:10:53','2024-05-14 12:10:53'),
(1470,'cbadffd1-1c4b-11ef-9214-42010a8e0014',1,'2024-05-14 12:12:18','2024-05-14 12:12:18'),
(1471,'cbae110b-1c4b-11ef-9214-42010a8e0014',1,'2024-05-14 12:12:48','2024-05-14 12:12:48'),
(1472,'cbadffd1-1c4b-11ef-9214-42010a8e0014',1,'2024-05-14 12:13:07','2024-05-14 12:13:07'),
(1473,'cbadffd1-1c4b-11ef-9214-42010a8e0014',1,'2024-05-14 12:16:17','2024-05-14 12:16:17'),
(1474,'cbae0828-1c4b-11ef-9214-42010a8e0014',1,'2024-05-14 12:16:41','2024-05-14 12:16:41'),
(1475,'cbadffd1-1c4b-11ef-9214-42010a8e0014',1,'2024-05-14 12:18:30','2024-05-14 12:18:30'),
(1476,'cbae110b-1c4b-11ef-9214-42010a8e0014',1,'2024-05-14 12:18:52','2024-05-14 12:18:52'),
(1477,'cbadffd1-1c4b-11ef-9214-42010a8e0014',1,'2024-05-14 12:19:37','2024-05-14 12:19:37'),
(1478,'cbae0828-1c4b-11ef-9214-42010a8e0014',1,'2024-05-14 12:22:06','2024-05-14 12:22:06'),
(1479,'cbadffd1-1c4b-11ef-9214-42010a8e0014',1,'2024-05-14 12:22:54','2024-05-14 12:22:54'),
(1480,'cbae0828-1c4b-11ef-9214-42010a8e0014',1,'2024-05-14 12:23:41','2024-05-14 12:23:41'),
(1481,'cbadffd1-1c4b-11ef-9214-42010a8e0014',1,'2024-05-14 12:24:32','2024-05-14 12:24:32'),
(1482,'cbae0828-1c4b-11ef-9214-42010a8e0014',1,'2024-05-14 12:24:56','2024-05-14 12:24:56'),
(1483,'cbadffd1-1c4b-11ef-9214-42010a8e0014',1,'2024-05-14 12:25:31','2024-05-14 12:25:31'),
(1484,'cbadffd1-1c4b-11ef-9214-42010a8e0014',1,'2024-05-14 12:32:58','2024-05-14 12:32:58'),
(1485,'cbadffd1-1c4b-11ef-9214-42010a8e0014',1,'2024-05-14 12:46:52','2024-05-14 12:46:52'),
(1486,'cbae2b96-1c4b-11ef-9214-42010a8e0014',1,'2024-05-14 12:47:13','2024-05-14 12:47:13'),
(1487,'cbae2b96-1c4b-11ef-9214-42010a8e0014',1,'2024-05-14 12:50:12','2024-05-14 12:50:12'),
(1488,'cbadffd1-1c4b-11ef-9214-42010a8e0014',1,'2024-05-14 13:01:15','2024-05-14 13:01:15'),
(1489,'cbadffd1-1c4b-11ef-9214-42010a8e0014',1,'2024-05-14 13:03:08','2024-05-14 13:03:08'),
(1490,'cbadffd1-1c4b-11ef-9214-42010a8e0014',1,'2024-05-14 13:11:26','2024-05-14 13:11:26'),
(1491,'cbadffd1-1c4b-11ef-9214-42010a8e0014',1,'2024-05-14 13:30:33','2024-05-14 13:30:33'),
(1492,'cbadffd1-1c4b-11ef-9214-42010a8e0014',1,'2024-05-14 13:55:29','2024-05-14 13:55:29'),
(1493,'cbae2b96-1c4b-11ef-9214-42010a8e0014',1,'2024-05-14 14:06:40','2024-05-14 14:06:40'),
(1494,'cbadffd1-1c4b-11ef-9214-42010a8e0014',1,'2024-05-14 18:02:12','2024-05-14 18:02:12'),
(1495,'cbadffd1-1c4b-11ef-9214-42010a8e0014',1,'2024-05-14 21:51:51','2024-05-14 21:51:51'),
(1496,'cbadffd1-1c4b-11ef-9214-42010a8e0014',1,'2024-05-14 22:00:04','2024-05-14 22:00:04'),
(1497,'cbae4f01-1c4b-11ef-9214-42010a8e0014',1,'2024-05-15 06:23:54','2024-05-15 06:23:54'),
(1498,'cbadffd1-1c4b-11ef-9214-42010a8e0014',1,'2024-05-15 13:46:04','2024-05-15 13:46:04'),
(1499,'cbadffd1-1c4b-11ef-9214-42010a8e0014',1,'2024-05-15 13:46:16','2024-05-15 13:46:16'),
(1500,'cbadffd1-1c4b-11ef-9214-42010a8e0014',1,'2024-05-15 13:46:21','2024-05-15 13:46:21'),
(1501,'cbadffd1-1c4b-11ef-9214-42010a8e0014',1,'2024-05-15 14:20:47','2024-05-15 14:20:47'),
(1502,'cbae0ef0-1c4b-11ef-9214-42010a8e0014',1,'2024-05-15 14:30:47','2024-05-15 14:30:47'),
(1503,'cbadffd1-1c4b-11ef-9214-42010a8e0014',1,'2024-05-15 14:36:12','2024-05-15 14:36:12'),
(1504,'cbae118f-1c4b-11ef-9214-42010a8e0014',1,'2024-05-15 14:52:15','2024-05-15 14:52:15'),
(1505,'cbadffd1-1c4b-11ef-9214-42010a8e0014',1,'2024-05-15 15:00:49','2024-05-15 15:00:49'),
(1506,'cbae118f-1c4b-11ef-9214-42010a8e0014',1,'2024-05-15 15:02:17','2024-05-15 15:02:17'),
(1507,'cbae0ef0-1c4b-11ef-9214-42010a8e0014',1,'2024-05-15 15:07:33','2024-05-15 15:07:33'),
(1508,'cbae0828-1c4b-11ef-9214-42010a8e0014',1,'2024-05-15 15:09:52','2024-05-15 15:09:52'),
(1509,'cbadffd1-1c4b-11ef-9214-42010a8e0014',1,'2024-05-15 15:10:12','2024-05-15 15:10:12'),
(1510,'cbae0ef0-1c4b-11ef-9214-42010a8e0014',1,'2024-05-15 15:18:10','2024-05-15 15:18:10'),
(1511,'cbae110b-1c4b-11ef-9214-42010a8e0014',1,'2024-05-15 15:48:05','2024-05-15 15:48:05'),
(1512,'cbadffd1-1c4b-11ef-9214-42010a8e0014',1,'2024-05-15 15:52:04','2024-05-15 15:52:04'),
(1513,'cbae110b-1c4b-11ef-9214-42010a8e0014',1,'2024-05-15 15:58:12','2024-05-15 15:58:12'),
(1514,'cbae0828-1c4b-11ef-9214-42010a8e0014',1,'2024-05-15 15:59:26','2024-05-15 15:59:26'),
(1515,'cbae4f01-1c4b-11ef-9214-42010a8e0014',1,'2024-05-15 16:02:23','2024-05-15 16:02:23'),
(1516,'cbadffd1-1c4b-11ef-9214-42010a8e0014',1,'2024-05-15 16:08:09','2024-05-15 16:08:09'),
(1517,'cbae110b-1c4b-11ef-9214-42010a8e0014',1,'2024-05-15 16:10:53','2024-05-15 16:10:53'),
(1518,'cbae0828-1c4b-11ef-9214-42010a8e0014',1,'2024-05-15 16:13:32','2024-05-15 16:13:32'),
(1519,'cbadffd1-1c4b-11ef-9214-42010a8e0014',1,'2024-05-15 16:38:49','2024-05-15 16:38:49'),
(1520,'cbae0ef0-1c4b-11ef-9214-42010a8e0014',1,'2024-05-15 16:40:02','2024-05-15 16:40:02'),
(1521,'cbae1323-1c4b-11ef-9214-42010a8e0014',1,'2024-05-15 16:41:47','2024-05-15 16:41:47'),
(1522,'cbae110b-1c4b-11ef-9214-42010a8e0014',1,'2024-05-15 17:04:18','2024-05-15 17:04:18'),
(1523,'cbadffd1-1c4b-11ef-9214-42010a8e0014',1,'2024-05-15 17:08:28','2024-05-15 17:08:28'),
(1524,'cbae110b-1c4b-11ef-9214-42010a8e0014',1,'2024-05-15 17:09:05','2024-05-15 17:09:05'),
(1525,'cbadffd1-1c4b-11ef-9214-42010a8e0014',1,'2024-05-15 17:23:54','2024-05-15 17:23:54'),
(1526,'cbae110b-1c4b-11ef-9214-42010a8e0014',1,'2024-05-15 17:24:21','2024-05-15 17:24:21'),
(1527,'cbae08ce-1c4b-11ef-9214-42010a8e0014',1,'2024-05-15 17:24:51','2024-05-15 17:24:51'),
(1528,'cbadffd1-1c4b-11ef-9214-42010a8e0014',1,'2024-05-15 17:44:28','2024-05-15 17:44:28'),
(1529,'cbae110b-1c4b-11ef-9214-42010a8e0014',1,'2024-05-15 17:52:58','2024-05-15 17:52:58'),
(1530,'cbae1323-1c4b-11ef-9214-42010a8e0014',1,'2024-05-15 17:54:05','2024-05-15 17:54:05'),
(1531,'cbae110b-1c4b-11ef-9214-42010a8e0014',1,'2024-05-15 18:17:01','2024-05-15 18:17:01'),
(1532,'cbadffd1-1c4b-11ef-9214-42010a8e0014',1,'2024-05-15 18:28:46','2024-05-15 18:28:46'),
(1533,'cbae08ce-1c4b-11ef-9214-42010a8e0014',1,'2024-05-15 18:29:58','2024-05-15 18:29:58'),
(1534,'cbae0828-1c4b-11ef-9214-42010a8e0014',1,'2024-05-15 18:36:00','2024-05-15 18:36:00'),
(1535,'cbae110b-1c4b-11ef-9214-42010a8e0014',1,'2024-05-15 19:00:06','2024-05-15 19:00:06'),
(1536,'cbae0828-1c4b-11ef-9214-42010a8e0014',1,'2024-05-15 19:02:15','2024-05-15 19:02:15'),
(1537,'cbae110b-1c4b-11ef-9214-42010a8e0014',1,'2024-05-15 19:03:41','2024-05-15 19:03:41'),
(1538,'cbadffd1-1c4b-11ef-9214-42010a8e0014',1,'2024-05-15 19:03:47','2024-05-15 19:03:47'),
(1539,'cbae0828-1c4b-11ef-9214-42010a8e0014',1,'2024-05-15 19:04:45','2024-05-15 19:04:45'),
(1540,'cbae08ce-1c4b-11ef-9214-42010a8e0014',1,'2024-05-15 19:05:16','2024-05-15 19:05:16'),
(1541,'cbae0828-1c4b-11ef-9214-42010a8e0014',1,'2024-05-15 19:08:35','2024-05-15 19:08:35'),
(1542,'cbadffd1-1c4b-11ef-9214-42010a8e0014',1,'2024-05-15 19:37:34','2024-05-15 19:37:34'),
(1543,'cbae110b-1c4b-11ef-9214-42010a8e0014',1,'2024-05-15 19:38:48','2024-05-15 19:38:48'),
(1544,'cbae08ce-1c4b-11ef-9214-42010a8e0014',1,'2024-05-15 19:52:52','2024-05-15 19:52:52'),
(1545,'cbae110b-1c4b-11ef-9214-42010a8e0014',1,'2024-05-15 19:58:10','2024-05-15 19:58:10'),
(1546,'cbae08ce-1c4b-11ef-9214-42010a8e0014',1,'2024-05-15 19:58:45','2024-05-15 19:58:45'),
(1547,'cbae0828-1c4b-11ef-9214-42010a8e0014',1,'2024-05-15 19:59:26','2024-05-15 19:59:26'),
(1548,'cbae110b-1c4b-11ef-9214-42010a8e0014',1,'2024-05-15 20:00:23','2024-05-15 20:00:23'),
(1549,'cbae08ce-1c4b-11ef-9214-42010a8e0014',1,'2024-05-15 20:02:22','2024-05-15 20:02:22'),
(1550,'cbadffd1-1c4b-11ef-9214-42010a8e0014',1,'2024-05-15 20:06:43','2024-05-15 20:06:43'),
(1551,'cbae08ce-1c4b-11ef-9214-42010a8e0014',1,'2024-05-15 20:11:04','2024-05-15 20:11:04'),
(1552,'cbae0828-1c4b-11ef-9214-42010a8e0014',1,'2024-05-15 20:11:47','2024-05-15 20:11:47'),
(1553,'cbae110b-1c4b-11ef-9214-42010a8e0014',1,'2024-05-15 20:13:03','2024-05-15 20:13:03'),
(1554,'cbadffd1-1c4b-11ef-9214-42010a8e0014',1,'2024-05-15 20:15:14','2024-05-15 20:15:14'),
(1555,'cbae0828-1c4b-11ef-9214-42010a8e0014',1,'2024-05-15 20:15:43','2024-05-15 20:15:43'),
(1556,'cbae08ce-1c4b-11ef-9214-42010a8e0014',1,'2024-05-15 20:16:09','2024-05-15 20:16:09'),
(1557,'cbae0828-1c4b-11ef-9214-42010a8e0014',1,'2024-05-15 20:16:55','2024-05-15 20:16:55'),
(1558,'cbadffd1-1c4b-11ef-9214-42010a8e0014',1,'2024-05-15 20:17:43','2024-05-15 20:17:43'),
(1559,'cbae110b-1c4b-11ef-9214-42010a8e0014',1,'2024-05-15 20:24:52','2024-05-15 20:24:52'),
(1560,'cbae08ce-1c4b-11ef-9214-42010a8e0014',1,'2024-05-15 20:25:57','2024-05-15 20:25:57'),
(1561,'cbae0828-1c4b-11ef-9214-42010a8e0014',1,'2024-05-15 20:27:10','2024-05-15 20:27:10'),
(1562,'cbae08ce-1c4b-11ef-9214-42010a8e0014',1,'2024-05-15 20:31:03','2024-05-15 20:31:03'),
(1563,'cbae08ce-1c4b-11ef-9214-42010a8e0014',1,'2024-05-15 20:31:05','2024-05-15 20:31:05'),
(1564,'cbae110b-1c4b-11ef-9214-42010a8e0014',1,'2024-05-15 20:33:24','2024-05-15 20:33:24'),
(1565,'cbadffd1-1c4b-11ef-9214-42010a8e0014',1,'2024-05-15 20:35:54','2024-05-15 20:35:54'),
(1566,'cbadffd1-1c4b-11ef-9214-42010a8e0014',1,'2024-05-15 21:02:36','2024-05-15 21:02:36'),
(1567,'cbadffd1-1c4b-11ef-9214-42010a8e0014',1,'2024-05-15 21:06:02','2024-05-15 21:06:02'),
(1568,'cbae0828-1c4b-11ef-9214-42010a8e0014',1,'2024-05-15 21:06:25','2024-05-15 21:06:25'),
(1569,'cbae073a-1c4b-11ef-9214-42010a8e0014',1,'2024-05-15 22:25:09','2024-05-15 22:25:09'),
(1570,'cbadffd1-1c4b-11ef-9214-42010a8e0014',1,'2024-05-15 22:34:10','2024-05-15 22:34:10'),
(1571,'cbae0828-1c4b-11ef-9214-42010a8e0014',1,'2024-05-15 22:37:28','2024-05-15 22:37:28'),
(1572,'cbae1323-1c4b-11ef-9214-42010a8e0014',1,'2024-05-15 22:55:05','2024-05-15 22:55:05'),
(1573,'cbadffd1-1c4b-11ef-9214-42010a8e0014',1,'2024-05-15 22:55:25','2024-05-15 22:55:25'),
(1574,'cbae118f-1c4b-11ef-9214-42010a8e0014',1,'2024-05-15 23:03:43','2024-05-15 23:03:43'),
(1575,'cbadffd1-1c4b-11ef-9214-42010a8e0014',1,'2024-05-15 23:10:54','2024-05-15 23:10:54'),
(1576,'cbae1323-1c4b-11ef-9214-42010a8e0014',1,'2024-05-15 23:11:28','2024-05-15 23:11:28'),
(1577,'cbadffd1-1c4b-11ef-9214-42010a8e0014',1,'2024-05-15 23:12:16','2024-05-15 23:12:16'),
(1578,'cbae0828-1c4b-11ef-9214-42010a8e0014',1,'2024-05-15 23:12:40','2024-05-15 23:12:40'),
(1579,'cbae0828-1c4b-11ef-9214-42010a8e0014',1,'2024-05-15 23:14:11','2024-05-15 23:14:11'),
(1580,'cbae0828-1c4b-11ef-9214-42010a8e0014',1,'2024-05-15 23:18:13','2024-05-15 23:18:13'),
(1581,'cbadffd1-1c4b-11ef-9214-42010a8e0014',1,'2024-05-15 23:19:35','2024-05-15 23:19:35'),
(1582,'cbadffd1-1c4b-11ef-9214-42010a8e0014',1,'2024-05-15 23:34:05','2024-05-15 23:34:05'),
(1583,'cbae2b96-1c4b-11ef-9214-42010a8e0014',1,'2024-05-15 23:36:36','2024-05-15 23:36:36'),
(1584,'cbadffd1-1c4b-11ef-9214-42010a8e0014',1,'2024-05-15 23:43:48','2024-05-15 23:43:48'),
(1585,'cbae2b96-1c4b-11ef-9214-42010a8e0014',1,'2024-05-15 23:46:12','2024-05-15 23:46:12'),
(1586,'cbadffd1-1c4b-11ef-9214-42010a8e0014',1,'2024-05-16 03:00:33','2024-05-16 03:00:33'),
(1587,'cbadffd1-1c4b-11ef-9214-42010a8e0014',1,'2024-05-16 13:15:21','2024-05-16 13:15:21'),
(1588,'cbae110b-1c4b-11ef-9214-42010a8e0014',1,'2024-05-16 13:21:09','2024-05-16 13:21:09'),
(1589,'cbae0828-1c4b-11ef-9214-42010a8e0014',1,'2024-05-16 13:22:03','2024-05-16 13:22:03'),
(1590,'cbae2b96-1c4b-11ef-9214-42010a8e0014',1,'2024-05-16 13:26:37','2024-05-16 13:26:37'),
(1591,'cbadffd1-1c4b-11ef-9214-42010a8e0014',1,'2024-05-16 13:47:23','2024-05-16 13:47:23'),
(1592,'cbadffd1-1c4b-11ef-9214-42010a8e0014',1,'2024-05-16 14:01:02','2024-05-16 14:01:02'),
(1593,'cbae08ce-1c4b-11ef-9214-42010a8e0014',1,'2024-05-16 14:01:47','2024-05-16 14:01:47'),
(1594,'cbadffd1-1c4b-11ef-9214-42010a8e0014',1,'2024-05-16 14:03:23','2024-05-16 14:03:23'),
(1595,'cbae110b-1c4b-11ef-9214-42010a8e0014',1,'2024-05-16 14:27:38','2024-05-16 14:27:38'),
(1596,'cbadffd1-1c4b-11ef-9214-42010a8e0014',1,'2024-05-16 14:28:04','2024-05-16 14:28:04'),
(1597,'cbae110b-1c4b-11ef-9214-42010a8e0014',1,'2024-05-16 14:34:53','2024-05-16 14:34:53'),
(1598,'cbadffd1-1c4b-11ef-9214-42010a8e0014',1,'2024-05-16 14:49:14','2024-05-16 14:49:14'),
(1599,'cbae0828-1c4b-11ef-9214-42010a8e0014',1,'2024-05-16 14:50:02','2024-05-16 14:50:02'),
(1600,'cbadffd1-1c4b-11ef-9214-42010a8e0014',1,'2024-05-16 14:53:48','2024-05-16 14:53:48'),
(1601,'cbae110b-1c4b-11ef-9214-42010a8e0014',1,'2024-05-16 14:58:18','2024-05-16 14:58:18'),
(1602,'cbae073a-1c4b-11ef-9214-42010a8e0014',1,'2024-05-16 15:19:37','2024-05-16 15:19:37'),
(1603,'cbae08ce-1c4b-11ef-9214-42010a8e0014',1,'2024-05-16 15:23:22','2024-05-16 15:23:22'),
(1604,'cbae110b-1c4b-11ef-9214-42010a8e0014',1,'2024-05-16 15:26:36','2024-05-16 15:26:36'),
(1605,'cbae08ce-1c4b-11ef-9214-42010a8e0014',1,'2024-05-16 15:34:40','2024-05-16 15:34:40'),
(1606,'cbae0828-1c4b-11ef-9214-42010a8e0014',1,'2024-05-16 15:37:22','2024-05-16 15:37:22'),
(1607,'cbadffd1-1c4b-11ef-9214-42010a8e0014',1,'2024-05-16 16:22:38','2024-05-16 16:22:38'),
(1608,'cbae0828-1c4b-11ef-9214-42010a8e0014',1,'2024-05-16 16:25:31','2024-05-16 16:25:31'),
(1609,'cbadffd1-1c4b-11ef-9214-42010a8e0014',1,'2024-05-16 16:26:28','2024-05-16 16:26:28'),
(1610,'cbae0828-1c4b-11ef-9214-42010a8e0014',1,'2024-05-16 16:41:22','2024-05-16 16:41:22'),
(1611,'cbadffd1-1c4b-11ef-9214-42010a8e0014',1,'2024-05-16 16:44:09','2024-05-16 16:44:09'),
(1612,'cbadffd1-1c4b-11ef-9214-42010a8e0014',1,'2024-05-16 16:50:23','2024-05-16 16:50:23'),
(1613,'cbadffd1-1c4b-11ef-9214-42010a8e0014',1,'2024-05-16 17:05:38','2024-05-16 17:05:38'),
(1614,'cbae110b-1c4b-11ef-9214-42010a8e0014',1,'2024-05-16 17:11:07','2024-05-16 17:11:07'),
(1615,'cbadffd1-1c4b-11ef-9214-42010a8e0014',1,'2024-05-16 17:28:54','2024-05-16 17:28:54'),
(1616,'cbadffd1-1c4b-11ef-9214-42010a8e0014',1,'2024-05-16 17:35:55','2024-05-16 17:35:55'),
(1617,'cbadffd1-1c4b-11ef-9214-42010a8e0014',1,'2024-05-16 17:44:57','2024-05-16 17:44:57'),
(1618,'cbae0ef0-1c4b-11ef-9214-42010a8e0014',1,'2024-05-16 17:47:39','2024-05-16 17:47:39'),
(1619,'cbadffd1-1c4b-11ef-9214-42010a8e0014',1,'2024-05-16 17:47:59','2024-05-16 17:47:59'),
(1620,'cbadffd1-1c4b-11ef-9214-42010a8e0014',1,'2024-05-16 18:33:31','2024-05-16 18:33:31'),
(1621,'cbae08ce-1c4b-11ef-9214-42010a8e0014',1,'2024-05-16 18:34:49','2024-05-16 18:34:49'),
(1622,'cbae0828-1c4b-11ef-9214-42010a8e0014',1,'2024-05-16 18:36:11','2024-05-16 18:36:11'),
(1623,'cbae0828-1c4b-11ef-9214-42010a8e0014',1,'2024-05-16 18:37:43','2024-05-16 18:37:43'),
(1624,'cbadffd1-1c4b-11ef-9214-42010a8e0014',1,'2024-05-16 18:38:07','2024-05-16 18:38:07'),
(1625,'cbae110b-1c4b-11ef-9214-42010a8e0014',1,'2024-05-16 18:54:49','2024-05-16 18:54:49'),
(1626,'cbadffd1-1c4b-11ef-9214-42010a8e0014',1,'2024-05-16 18:58:40','2024-05-16 18:58:40'),
(1627,'cbae110b-1c4b-11ef-9214-42010a8e0014',1,'2024-05-16 18:59:12','2024-05-16 18:59:12'),
(1628,'cbadffd1-1c4b-11ef-9214-42010a8e0014',1,'2024-05-16 19:00:31','2024-05-16 19:00:31'),
(1629,'cbae110b-1c4b-11ef-9214-42010a8e0014',1,'2024-05-16 19:01:43','2024-05-16 19:01:43'),
(1630,'cbae08ce-1c4b-11ef-9214-42010a8e0014',1,'2024-05-16 19:04:40','2024-05-16 19:04:40'),
(1631,'cbae0828-1c4b-11ef-9214-42010a8e0014',1,'2024-05-16 19:08:07','2024-05-16 19:08:07'),
(1632,'cbadffd1-1c4b-11ef-9214-42010a8e0014',1,'2024-05-16 19:09:22','2024-05-16 19:09:22'),
(1633,'cbae0828-1c4b-11ef-9214-42010a8e0014',1,'2024-05-16 19:09:53','2024-05-16 19:09:53'),
(1634,'cbadffd1-1c4b-11ef-9214-42010a8e0014',1,'2024-05-16 19:11:05','2024-05-16 19:11:05'),
(1635,'cbadffd1-1c4b-11ef-9214-42010a8e0014',1,'2024-05-16 19:15:52','2024-05-16 19:15:52'),
(1636,'cbadffd1-1c4b-11ef-9214-42010a8e0014',1,'2024-05-16 19:26:48','2024-05-16 19:26:48'),
(1637,'cbae0828-1c4b-11ef-9214-42010a8e0014',1,'2024-05-16 19:29:35','2024-05-16 19:29:35'),
(1638,'cbae5a0b-1c4b-11ef-9214-42010a8e0014',1,'2024-05-16 19:35:03','2024-05-16 19:35:03'),
(1639,'cbae15a1-1c4b-11ef-9214-42010a8e0014',1,'2024-05-16 19:39:37','2024-05-16 19:39:37'),
(1640,'cbae073a-1c4b-11ef-9214-42010a8e0014',1,'2024-05-16 20:13:52','2024-05-16 20:13:52'),
(1641,'cbae073a-1c4b-11ef-9214-42010a8e0014',1,'2024-05-16 20:13:52','2024-05-16 20:13:52'),
(1642,'cbae110b-1c4b-11ef-9214-42010a8e0014',1,'2024-05-16 20:46:51','2024-05-16 20:46:51'),
(1643,'cbae08ce-1c4b-11ef-9214-42010a8e0014',1,'2024-05-16 20:48:53','2024-05-16 20:48:53'),
(1644,'cbae0828-1c4b-11ef-9214-42010a8e0014',1,'2024-05-16 20:51:12','2024-05-16 20:51:12'),
(1645,'cbae0828-1c4b-11ef-9214-42010a8e0014',1,'2024-05-16 21:03:30','2024-05-16 21:03:30'),
(1646,'cbadffd1-1c4b-11ef-9214-42010a8e0014',1,'2024-05-16 21:03:55','2024-05-16 21:03:55'),
(1647,'cbae110b-1c4b-11ef-9214-42010a8e0014',1,'2024-05-16 21:06:05','2024-05-16 21:06:05'),
(1648,'cbae08ce-1c4b-11ef-9214-42010a8e0014',1,'2024-05-16 21:07:39','2024-05-16 21:07:39'),
(1649,'cbae0828-1c4b-11ef-9214-42010a8e0014',1,'2024-05-16 21:08:42','2024-05-16 21:08:42'),
(1650,'cbadffd1-1c4b-11ef-9214-42010a8e0014',1,'2024-05-16 21:15:07','2024-05-16 21:15:07'),
(1651,'cbae4f01-1c4b-11ef-9214-42010a8e0014',1,'2024-05-17 05:46:44','2024-05-17 05:46:44'),
(1652,'cbadffd1-1c4b-11ef-9214-42010a8e0014',1,'2024-05-17 12:53:40','2024-05-17 12:53:40'),
(1653,'cbadffd1-1c4b-11ef-9214-42010a8e0014',1,'2024-05-17 13:00:13','2024-05-17 13:00:13'),
(1654,'cbadffd1-1c4b-11ef-9214-42010a8e0014',1,'2024-05-17 13:19:32','2024-05-17 13:19:32'),
(1655,'cbae110b-1c4b-11ef-9214-42010a8e0014',1,'2024-05-17 13:46:24','2024-05-17 13:46:24'),
(1656,'cbadffd1-1c4b-11ef-9214-42010a8e0014',1,'2024-05-17 13:47:04','2024-05-17 13:47:04'),
(1657,'cbadffd1-1c4b-11ef-9214-42010a8e0014',1,'2024-05-17 14:03:50','2024-05-17 14:03:50'),
(1658,'cbae4f01-1c4b-11ef-9214-42010a8e0014',1,'2024-05-17 14:08:29','2024-05-17 14:08:29'),
(1659,'cbae4f01-1c4b-11ef-9214-42010a8e0014',1,'2024-05-17 14:08:29','2024-05-17 14:08:29'),
(1660,'cbadffd1-1c4b-11ef-9214-42010a8e0014',1,'2024-05-17 14:18:37','2024-05-17 14:18:37'),
(1661,'cbadffd1-1c4b-11ef-9214-42010a8e0014',1,'2024-05-17 15:29:10','2024-05-17 15:29:10'),
(1662,'cbae4f01-1c4b-11ef-9214-42010a8e0014',1,'2024-05-17 15:29:58','2024-05-17 15:29:58'),
(1663,'cbae4f01-1c4b-11ef-9214-42010a8e0014',1,'2024-05-17 16:05:44','2024-05-17 16:05:44'),
(1664,'cbae4f01-1c4b-11ef-9214-42010a8e0014',1,'2024-05-17 16:06:57','2024-05-17 16:06:57'),
(1665,'cbae4f01-1c4b-11ef-9214-42010a8e0014',1,'2024-05-17 16:16:58','2024-05-17 16:16:58'),
(1666,'cbae4f01-1c4b-11ef-9214-42010a8e0014',1,'2024-05-17 16:17:38','2024-05-17 16:17:38'),
(1667,'cbae4f01-1c4b-11ef-9214-42010a8e0014',1,'2024-05-17 16:18:32','2024-05-17 16:18:32'),
(1668,'cbae4f01-1c4b-11ef-9214-42010a8e0014',1,'2024-05-17 16:50:18','2024-05-17 16:50:18'),
(1669,'cbadffd1-1c4b-11ef-9214-42010a8e0014',1,'2024-05-17 20:57:49','2024-05-17 20:57:49'),
(1670,'cbae073a-1c4b-11ef-9214-42010a8e0014',1,'2024-05-17 20:58:41','2024-05-17 20:58:41'),
(1671,'cbae073a-1c4b-11ef-9214-42010a8e0014',1,'2024-05-18 13:07:16','2024-05-18 13:07:16'),
(1672,'cbae073a-1c4b-11ef-9214-42010a8e0014',1,'2024-05-18 13:08:56','2024-05-18 13:08:56'),
(1673,'cbae073a-1c4b-11ef-9214-42010a8e0014',1,'2024-05-18 13:16:10','2024-05-18 13:16:10'),
(1674,'cbae073a-1c4b-11ef-9214-42010a8e0014',1,'2024-05-18 13:21:27','2024-05-18 13:21:27'),
(1675,'cbae073a-1c4b-11ef-9214-42010a8e0014',1,'2024-05-18 13:49:49','2024-05-18 13:49:49'),
(1676,'cbae073a-1c4b-11ef-9214-42010a8e0014',1,'2024-05-18 13:57:31','2024-05-18 13:57:31'),
(1677,'cbae073a-1c4b-11ef-9214-42010a8e0014',1,'2024-05-18 14:14:17','2024-05-18 14:14:17'),
(1678,'cbae52c9-1c4b-11ef-9214-42010a8e0014',1,'2024-05-18 21:17:02','2024-05-18 21:17:02'),
(1679,'cbae073a-1c4b-11ef-9214-42010a8e0014',1,'2024-05-18 22:55:08','2024-05-18 22:55:08'),
(1680,'cbae52c9-1c4b-11ef-9214-42010a8e0014',1,'2024-05-19 00:31:10','2024-05-19 00:31:10'),
(1681,'cbae52c9-1c4b-11ef-9214-42010a8e0014',1,'2024-05-19 16:00:49','2024-05-19 16:00:49'),
(1682,'cbae4f01-1c4b-11ef-9214-42010a8e0014',1,'2024-05-19 23:28:20','2024-05-19 23:28:20'),
(1683,'cbadffd1-1c4b-11ef-9214-42010a8e0014',1,'2024-05-20 12:59:39','2024-05-20 12:59:39'),
(1684,'cbadffd1-1c4b-11ef-9214-42010a8e0014',1,'2024-05-20 12:59:40','2024-05-20 12:59:40'),
(1685,'cbadffd1-1c4b-11ef-9214-42010a8e0014',1,'2024-05-20 13:00:31','2024-05-20 13:00:31'),
(1686,'cbadffd1-1c4b-11ef-9214-42010a8e0014',1,'2024-05-20 13:11:50','2024-05-20 13:11:50'),
(1687,'cbae490f-1c4b-11ef-9214-42010a8e0014',1,'2024-05-20 13:12:20','2024-05-20 13:12:20'),
(1688,'cbadffd1-1c4b-11ef-9214-42010a8e0014',1,'2024-05-20 13:18:26','2024-05-20 13:18:26'),
(1689,'cbadffd1-1c4b-11ef-9214-42010a8e0014',1,'2024-05-20 13:31:19','2024-05-20 13:31:19'),
(1690,'cbadffd1-1c4b-11ef-9214-42010a8e0014',1,'2024-05-20 16:04:24','2024-05-20 16:04:24'),
(1691,'cbadffd1-1c4b-11ef-9214-42010a8e0014',1,'2024-05-20 16:53:41','2024-05-20 16:53:41'),
(1692,'cbadffd1-1c4b-11ef-9214-42010a8e0014',1,'2024-05-20 17:11:33','2024-05-20 17:11:33'),
(1693,'cbadffd1-1c4b-11ef-9214-42010a8e0014',1,'2024-05-20 17:31:15','2024-05-20 17:31:15'),
(1694,'cbadffd1-1c4b-11ef-9214-42010a8e0014',1,'2024-05-20 17:49:30','2024-05-20 17:49:30'),
(1695,'cbae2b96-1c4b-11ef-9214-42010a8e0014',1,'2024-05-20 18:10:22','2024-05-20 18:10:22'),
(1696,'cbadffd1-1c4b-11ef-9214-42010a8e0014',1,'2024-05-20 18:17:20','2024-05-20 18:17:20'),
(1697,'cbadffd1-1c4b-11ef-9214-42010a8e0014',1,'2024-05-20 18:20:11','2024-05-20 18:20:11'),
(1698,'cbadffd1-1c4b-11ef-9214-42010a8e0014',1,'2024-05-20 19:04:26','2024-05-20 19:04:26'),
(1699,'cbae1323-1c4b-11ef-9214-42010a8e0014',1,'2024-05-20 19:20:16','2024-05-20 19:20:16'),
(1700,'cbae2b96-1c4b-11ef-9214-42010a8e0014',1,'2024-05-20 19:21:43','2024-05-20 19:21:43'),
(1701,'cbadffd1-1c4b-11ef-9214-42010a8e0014',1,'2024-05-20 19:22:12','2024-05-20 19:22:12'),
(1702,'cbae2b96-1c4b-11ef-9214-42010a8e0014',1,'2024-05-20 19:23:14','2024-05-20 19:23:14'),
(1703,'cbadffd1-1c4b-11ef-9214-42010a8e0014',1,'2024-05-20 19:27:10','2024-05-20 19:27:10'),
(1704,'cbadffd1-1c4b-11ef-9214-42010a8e0014',1,'2024-05-20 19:33:17','2024-05-20 19:33:17'),
(1705,'cbadffd1-1c4b-11ef-9214-42010a8e0014',1,'2024-05-20 19:36:04','2024-05-20 19:36:04'),
(1706,'cbae560e-1c4b-11ef-9214-42010a8e0014',1,'2024-05-20 19:41:02','2024-05-20 19:41:02'),
(1707,'cbae56cd-1c4b-11ef-9214-42010a8e0014',1,'2024-05-20 19:41:02','2024-05-20 19:41:02'),
(1708,'cbae073a-1c4b-11ef-9214-42010a8e0014',1,'2024-05-20 19:41:51','2024-05-20 19:41:51'),
(1709,'cbae073a-1c4b-11ef-9214-42010a8e0014',1,'2024-05-20 19:41:52','2024-05-20 19:41:52'),
(1710,'cbae560e-1c4b-11ef-9214-42010a8e0014',1,'2024-05-20 19:43:18','2024-05-20 19:43:18'),
(1711,'cbae52c9-1c4b-11ef-9214-42010a8e0014',1,'2024-05-20 19:43:29','2024-05-20 19:43:29'),
(1712,'cbae110b-1c4b-11ef-9214-42010a8e0014',1,'2024-05-20 19:43:46','2024-05-20 19:43:46'),
(1713,'cbae0828-1c4b-11ef-9214-42010a8e0014',1,'2024-05-20 19:44:29','2024-05-20 19:44:29'),
(1714,'cbae579d-1c4b-11ef-9214-42010a8e0014',1,'2024-05-20 19:45:45','2024-05-20 19:45:45'),
(1715,'cbadffd1-1c4b-11ef-9214-42010a8e0014',1,'2024-05-20 19:45:49','2024-05-20 19:45:49'),
(1716,'cbae586d-1c4b-11ef-9214-42010a8e0014',1,'2024-05-20 19:46:17','2024-05-20 19:46:17'),
(1717,'cbae56cd-1c4b-11ef-9214-42010a8e0014',1,'2024-05-20 19:46:24','2024-05-20 19:46:24'),
(1718,'cbae586d-1c4b-11ef-9214-42010a8e0014',1,'2024-05-20 19:46:27','2024-05-20 19:46:27'),
(1719,'cbae560e-1c4b-11ef-9214-42010a8e0014',1,'2024-05-20 19:48:43','2024-05-20 19:48:43'),
(1720,'cbadffd1-1c4b-11ef-9214-42010a8e0014',1,'2024-05-20 19:49:30','2024-05-20 19:49:30'),
(1721,'cbadffd1-1c4b-11ef-9214-42010a8e0014',1,'2024-05-20 19:50:20','2024-05-20 19:50:20'),
(1722,'cbadffd1-1c4b-11ef-9214-42010a8e0014',1,'2024-05-20 19:53:24','2024-05-20 19:53:24'),
(1723,'cbadffd1-1c4b-11ef-9214-42010a8e0014',1,'2024-05-20 19:54:30','2024-05-20 19:54:30'),
(1724,'cbae1323-1c4b-11ef-9214-42010a8e0014',1,'2024-05-20 19:59:42','2024-05-20 19:59:42'),
(1725,'cbae56cd-1c4b-11ef-9214-42010a8e0014',1,'2024-05-20 20:10:25','2024-05-20 20:10:25'),
(1726,'cbae56cd-1c4b-11ef-9214-42010a8e0014',1,'2024-05-20 20:10:47','2024-05-20 20:10:47'),
(1727,'cbadffd1-1c4b-11ef-9214-42010a8e0014',1,'2024-05-20 20:11:16','2024-05-20 20:11:16'),
(1728,'cbae56cd-1c4b-11ef-9214-42010a8e0014',1,'2024-05-20 20:11:45','2024-05-20 20:11:45'),
(1729,'cbadffd1-1c4b-11ef-9214-42010a8e0014',1,'2024-05-20 20:21:13','2024-05-20 20:21:13'),
(1730,'cbae56cd-1c4b-11ef-9214-42010a8e0014',1,'2024-05-20 20:25:21','2024-05-20 20:25:21'),
(1731,'cbadffd1-1c4b-11ef-9214-42010a8e0014',1,'2024-05-20 20:29:27','2024-05-20 20:29:27'),
(1732,'cbae08ce-1c4b-11ef-9214-42010a8e0014',1,'2024-05-20 20:30:40','2024-05-20 20:30:40'),
(1733,'cbae56cd-1c4b-11ef-9214-42010a8e0014',1,'2024-05-20 20:33:48','2024-05-20 20:33:48'),
(1734,'cbae579d-1c4b-11ef-9214-42010a8e0014',1,'2024-05-20 20:35:20','2024-05-20 20:35:20'),
(1735,'cbae579d-1c4b-11ef-9214-42010a8e0014',1,'2024-05-20 20:39:45','2024-05-20 20:39:45'),
(1736,'cbadffd1-1c4b-11ef-9214-42010a8e0014',1,'2024-05-20 20:40:24','2024-05-20 20:40:24'),
(1737,'cbadffd1-1c4b-11ef-9214-42010a8e0014',1,'2024-05-20 20:40:41','2024-05-20 20:40:41'),
(1738,'cbadffd1-1c4b-11ef-9214-42010a8e0014',1,'2024-05-20 20:40:45','2024-05-20 20:40:45'),
(1739,'cbadffd1-1c4b-11ef-9214-42010a8e0014',1,'2024-05-20 20:40:55','2024-05-20 20:40:55'),
(1740,'cbae579d-1c4b-11ef-9214-42010a8e0014',1,'2024-05-20 20:41:18','2024-05-20 20:41:18'),
(1741,'cbae560e-1c4b-11ef-9214-42010a8e0014',1,'2024-05-20 20:41:03','2024-05-20 20:41:03'),
(1742,'cbadffd1-1c4b-11ef-9214-42010a8e0014',1,'2024-05-20 20:41:37','2024-05-20 20:41:37'),
(1743,'cbadffd1-1c4b-11ef-9214-42010a8e0014',1,'2024-05-20 20:42:41','2024-05-20 20:42:41'),
(1744,'cbadffd1-1c4b-11ef-9214-42010a8e0014',1,'2024-05-20 20:43:21','2024-05-20 20:43:21'),
(1745,'cbae073a-1c4b-11ef-9214-42010a8e0014',1,'2024-05-20 20:43:35','2024-05-20 20:43:35'),
(1746,'cbae073a-1c4b-11ef-9214-42010a8e0014',1,'2024-05-20 20:44:49','2024-05-20 20:44:49'),
(1747,'cbadffd1-1c4b-11ef-9214-42010a8e0014',1,'2024-05-20 20:50:51','2024-05-20 20:50:51'),
(1748,'cbadffd1-1c4b-11ef-9214-42010a8e0014',1,'2024-05-20 20:52:53','2024-05-20 20:52:53'),
(1749,'cbadffd1-1c4b-11ef-9214-42010a8e0014',1,'2024-05-20 20:53:15','2024-05-20 20:53:15'),
(1750,'cbae560e-1c4b-11ef-9214-42010a8e0014',1,'2024-05-20 20:58:19','2024-05-20 20:58:19'),
(1751,'cbae579d-1c4b-11ef-9214-42010a8e0014',1,'2024-05-20 21:01:37','2024-05-20 21:01:37'),
(1752,'cbadffd1-1c4b-11ef-9214-42010a8e0014',1,'2024-05-20 21:02:08','2024-05-20 21:02:08'),
(1753,'cbae560e-1c4b-11ef-9214-42010a8e0014',1,'2024-05-20 21:02:51','2024-05-20 21:02:51'),
(1754,'cbae560e-1c4b-11ef-9214-42010a8e0014',1,'2024-05-20 21:04:50','2024-05-20 21:04:50'),
(1755,'cbae586d-1c4b-11ef-9214-42010a8e0014',1,'2024-05-20 21:05:47','2024-05-20 21:05:47'),
(1756,'cbadffd1-1c4b-11ef-9214-42010a8e0014',1,'2024-05-20 21:08:15','2024-05-20 21:08:15'),
(1757,'cbadffd1-1c4b-11ef-9214-42010a8e0014',1,'2024-05-20 21:08:58','2024-05-20 21:08:58'),
(1758,'cbadffd1-1c4b-11ef-9214-42010a8e0014',1,'2024-05-20 21:10:02','2024-05-20 21:10:02'),
(1759,'cbae560e-1c4b-11ef-9214-42010a8e0014',1,'2024-05-20 21:12:05','2024-05-20 21:12:05'),
(1760,'cbae56cd-1c4b-11ef-9214-42010a8e0014',1,'2024-05-20 21:12:31','2024-05-20 21:12:31'),
(1761,'cbae579d-1c4b-11ef-9214-42010a8e0014',1,'2024-05-20 21:13:05','2024-05-20 21:13:05'),
(1762,'cbae586d-1c4b-11ef-9214-42010a8e0014',1,'2024-05-20 21:13:32','2024-05-20 21:13:32'),
(1763,'cbae560e-1c4b-11ef-9214-42010a8e0014',1,'2024-05-20 21:14:52','2024-05-20 21:14:52'),
(1764,'cbae56cd-1c4b-11ef-9214-42010a8e0014',1,'2024-05-20 21:15:46','2024-05-20 21:15:46'),
(1765,'cbae579d-1c4b-11ef-9214-42010a8e0014',1,'2024-05-20 21:16:14','2024-05-20 21:16:14'),
(1766,'cbae56cd-1c4b-11ef-9214-42010a8e0014',1,'2024-05-20 21:18:28','2024-05-20 21:18:28'),
(1767,'cbadffd1-1c4b-11ef-9214-42010a8e0014',1,'2024-05-20 21:24:38','2024-05-20 21:24:38'),
(1768,'cbae560e-1c4b-11ef-9214-42010a8e0014',1,'2024-05-20 21:28:42','2024-05-20 21:28:42'),
(1769,'cbadffd1-1c4b-11ef-9214-42010a8e0014',1,'2024-05-20 21:29:30','2024-05-20 21:29:30'),
(1770,'cbae579d-1c4b-11ef-9214-42010a8e0014',1,'2024-05-20 21:41:30','2024-05-20 21:41:30'),
(1771,'cbae560e-1c4b-11ef-9214-42010a8e0014',1,'2024-05-20 21:41:52','2024-05-20 21:41:52'),
(1772,'cbae586d-1c4b-11ef-9214-42010a8e0014',1,'2024-05-20 21:41:54','2024-05-20 21:41:54'),
(1773,'cbae586d-1c4b-11ef-9214-42010a8e0014',1,'2024-05-20 21:42:20','2024-05-20 21:42:20'),
(1774,'cbae579d-1c4b-11ef-9214-42010a8e0014',1,'2024-05-20 21:42:53','2024-05-20 21:42:53'),
(1775,'cbae579d-1c4b-11ef-9214-42010a8e0014',1,'2024-05-20 21:43:02','2024-05-20 21:43:02'),
(1776,'cbadffd1-1c4b-11ef-9214-42010a8e0014',1,'2024-05-20 21:49:17','2024-05-20 21:49:17'),
(1777,'cbadffd1-1c4b-11ef-9214-42010a8e0014',1,'2024-05-20 21:52:52','2024-05-20 21:52:52'),
(1778,'cbae56cd-1c4b-11ef-9214-42010a8e0014',1,'2024-05-20 21:58:30','2024-05-20 21:58:30'),
(1779,'cbae560e-1c4b-11ef-9214-42010a8e0014',1,'2024-05-20 21:59:14','2024-05-20 21:59:14'),
(1780,'cbae073a-1c4b-11ef-9214-42010a8e0014',1,'2024-05-20 22:04:30','2024-05-20 22:04:30'),
(1781,'cbae56cd-1c4b-11ef-9214-42010a8e0014',1,'2024-05-20 22:07:17','2024-05-20 22:07:17'),
(1782,'cbae579d-1c4b-11ef-9214-42010a8e0014',1,'2024-05-20 22:10:27','2024-05-20 22:10:27'),
(1783,'cbae560e-1c4b-11ef-9214-42010a8e0014',1,'2024-05-20 22:11:17','2024-05-20 22:11:17'),
(1784,'cbae586d-1c4b-11ef-9214-42010a8e0014',1,'2024-05-20 22:12:49','2024-05-20 22:12:49'),
(1785,'cbadffd1-1c4b-11ef-9214-42010a8e0014',1,'2024-05-20 22:13:48','2024-05-20 22:13:48'),
(1786,'cbae5e44-1c4b-11ef-9214-42010a8e0014',1,'2024-05-20 22:14:46','2024-05-20 22:14:46'),
(1787,'cbae5d36-1c4b-11ef-9214-42010a8e0014',1,'2024-05-20 22:15:01','2024-05-20 22:15:01'),
(1788,'cbae5dc0-1c4b-11ef-9214-42010a8e0014',1,'2024-05-20 22:15:55','2024-05-20 22:15:55'),
(1789,'cbae5ec8-1c4b-11ef-9214-42010a8e0014',1,'2024-05-20 22:16:07','2024-05-20 22:16:07'),
(1790,'cbae5dc0-1c4b-11ef-9214-42010a8e0014',1,'2024-05-20 22:16:34','2024-05-20 22:16:34'),
(1791,'cbae5ec8-1c4b-11ef-9214-42010a8e0014',1,'2024-05-20 22:17:08','2024-05-20 22:17:08'),
(1792,'cbae5ec8-1c4b-11ef-9214-42010a8e0014',1,'2024-05-20 22:19:53','2024-05-20 22:19:53'),
(1793,'cbae5dc0-1c4b-11ef-9214-42010a8e0014',1,'2024-05-20 22:20:00','2024-05-20 22:20:00'),
(1794,'cbae56cd-1c4b-11ef-9214-42010a8e0014',1,'2024-05-20 22:20:29','2024-05-20 22:20:29'),
(1795,'cbae560e-1c4b-11ef-9214-42010a8e0014',1,'2024-05-20 22:21:00','2024-05-20 22:21:00'),
(1796,'cbadffd1-1c4b-11ef-9214-42010a8e0014',1,'2024-05-20 22:21:41','2024-05-20 22:21:41'),
(1797,'cbae073a-1c4b-11ef-9214-42010a8e0014',1,'2024-05-20 22:22:26','2024-05-20 22:22:26'),
(1798,'cbae4f01-1c4b-11ef-9214-42010a8e0014',1,'2024-05-21 05:34:25','2024-05-21 05:34:25'),
(1799,'cbae4f01-1c4b-11ef-9214-42010a8e0014',1,'2024-05-21 05:35:02','2024-05-21 05:35:02'),
(1800,'cbae4f01-1c4b-11ef-9214-42010a8e0014',1,'2024-05-21 05:35:49','2024-05-21 05:35:49'),
(1801,'cbadffd1-1c4b-11ef-9214-42010a8e0014',1,'2024-05-21 12:55:36','2024-05-21 12:55:36'),
(1802,'cbadffd1-1c4b-11ef-9214-42010a8e0014',1,'2024-05-21 12:58:14','2024-05-21 12:58:14'),
(1803,'cbadffd1-1c4b-11ef-9214-42010a8e0014',1,'2024-05-21 13:00:02','2024-05-21 13:00:02'),
(1804,'cbadffd1-1c4b-11ef-9214-42010a8e0014',1,'2024-05-21 13:18:18','2024-05-21 13:18:18'),
(1805,'cbadffd1-1c4b-11ef-9214-42010a8e0014',1,'2024-05-21 14:12:59','2024-05-21 14:12:59'),
(1806,'cbadffd1-1c4b-11ef-9214-42010a8e0014',1,'2024-05-21 14:46:49','2024-05-21 14:46:49'),
(1807,'cbae56cd-1c4b-11ef-9214-42010a8e0014',1,'2024-05-21 15:08:20','2024-05-21 15:08:20'),
(1808,'cbae09a3-1c4b-11ef-9214-42010a8e0014',1,'2024-05-21 15:28:53','2024-05-21 15:28:53'),
(1809,'cbae52c9-1c4b-11ef-9214-42010a8e0014',1,'2024-05-21 15:33:21','2024-05-21 15:33:21'),
(1810,'cbae073a-1c4b-11ef-9214-42010a8e0014',1,'2024-05-21 15:35:05','2024-05-21 15:35:05'),
(1811,'cbadffd1-1c4b-11ef-9214-42010a8e0014',1,'2024-05-21 16:17:41','2024-05-21 16:17:41'),
(1812,'cbae52c9-1c4b-11ef-9214-42010a8e0014',1,'2024-05-21 16:27:40','2024-05-21 16:27:40'),
(1813,'cbae560e-1c4b-11ef-9214-42010a8e0014',1,'2024-05-21 16:54:40','2024-05-21 16:54:40'),
(1814,'cbae560e-1c4b-11ef-9214-42010a8e0014',1,'2024-05-21 17:10:20','2024-05-21 17:10:20'),
(1815,'cbadffd1-1c4b-11ef-9214-42010a8e0014',1,'2024-05-21 17:13:42','2024-05-21 17:13:42'),
(1816,'cbadffd1-1c4b-11ef-9214-42010a8e0014',1,'2024-05-21 17:18:52','2024-05-21 17:18:52'),
(1817,'cbae0828-1c4b-11ef-9214-42010a8e0014',1,'2024-05-21 17:19:16','2024-05-21 17:19:16'),
(1818,'cbadffd1-1c4b-11ef-9214-42010a8e0014',1,'2024-05-21 17:34:59','2024-05-21 17:34:59'),
(1819,'cbae560e-1c4b-11ef-9214-42010a8e0014',1,'2024-05-21 19:01:18','2024-05-21 19:01:18'),
(1820,'cbae0828-1c4b-11ef-9214-42010a8e0014',1,'2024-05-21 19:37:25','2024-05-21 19:37:25'),
(1821,'cbadffd1-1c4b-11ef-9214-42010a8e0014',1,'2024-05-21 19:39:33','2024-05-21 19:39:33'),
(1822,'cbae4f01-1c4b-11ef-9214-42010a8e0014',1,'2024-05-21 20:17:27','2024-05-21 20:17:27'),
(1823,'cbae560e-1c4b-11ef-9214-42010a8e0014',1,'2024-05-21 20:41:02','2024-05-21 20:41:02'),
(1824,'cbae560e-1c4b-11ef-9214-42010a8e0014',1,'2024-05-21 21:49:53','2024-05-21 21:49:53'),
(1825,'cbadffd1-1c4b-11ef-9214-42010a8e0014',1,'2024-05-21 22:01:39','2024-05-21 22:01:39'),
(1826,'cbae560e-1c4b-11ef-9214-42010a8e0014',1,'2024-05-21 22:21:52','2024-05-21 22:21:52'),
(1827,'cbae4f01-1c4b-11ef-9214-42010a8e0014',1,'2024-05-21 22:28:32','2024-05-21 22:28:32'),
(1828,'cbae560e-1c4b-11ef-9214-42010a8e0014',1,'2024-05-21 22:46:36','2024-05-21 22:46:36'),
(1829,'cbadffd1-1c4b-11ef-9214-42010a8e0014',1,'2024-05-22 13:51:40','2024-05-22 13:51:40'),
(1830,'cbadffd1-1c4b-11ef-9214-42010a8e0014',1,'2024-05-22 13:52:07','2024-05-22 13:52:07'),
(1831,'cbadffd1-1c4b-11ef-9214-42010a8e0014',1,'2024-05-22 13:52:24','2024-05-22 13:52:24'),
(1832,'cbadffd1-1c4b-11ef-9214-42010a8e0014',1,'2024-05-22 13:55:53','2024-05-22 13:55:53'),
(1833,'cbae110b-1c4b-11ef-9214-42010a8e0014',1,'2024-05-22 14:57:52','2024-05-22 14:57:52'),
(1834,'cbae0828-1c4b-11ef-9214-42010a8e0014',1,'2024-05-22 14:59:49','2024-05-22 14:59:49'),
(1835,'cbadffd1-1c4b-11ef-9214-42010a8e0014',1,'2024-05-22 15:01:01','2024-05-22 15:01:01'),
(1836,'cbae0828-1c4b-11ef-9214-42010a8e0014',1,'2024-05-22 15:09:36','2024-05-22 15:09:36'),
(1837,'cbae110b-1c4b-11ef-9214-42010a8e0014',1,'2024-05-22 15:12:34','2024-05-22 15:12:34'),
(1838,'cbadffd1-1c4b-11ef-9214-42010a8e0014',1,'2024-05-22 15:17:27','2024-05-22 15:17:27'),
(1839,'cbae08ce-1c4b-11ef-9214-42010a8e0014',1,'2024-05-22 15:17:58','2024-05-22 15:17:58'),
(1840,'cbae2b96-1c4b-11ef-9214-42010a8e0014',1,'2024-05-22 15:19:54','2024-05-22 15:19:54'),
(1841,'cbae2b96-1c4b-11ef-9214-42010a8e0014',1,'2024-05-22 15:20:55','2024-05-22 15:20:55'),
(1842,'cbae110b-1c4b-11ef-9214-42010a8e0014',1,'2024-05-22 15:21:45','2024-05-22 15:21:45'),
(1843,'cbae52c9-1c4b-11ef-9214-42010a8e0014',1,'2024-05-22 15:28:02','2024-05-22 15:28:02'),
(1844,'cbae110b-1c4b-11ef-9214-42010a8e0014',1,'2024-05-22 15:28:21','2024-05-22 15:28:21'),
(1845,'cbadffd1-1c4b-11ef-9214-42010a8e0014',1,'2024-05-22 15:32:52','2024-05-22 15:32:52'),
(1846,'cbae110b-1c4b-11ef-9214-42010a8e0014',1,'2024-05-22 15:34:06','2024-05-22 15:34:06'),
(1847,'cbae08ce-1c4b-11ef-9214-42010a8e0014',1,'2024-05-22 15:36:21','2024-05-22 15:36:21'),
(1848,'cbae08ce-1c4b-11ef-9214-42010a8e0014',1,'2024-05-22 15:45:43','2024-05-22 15:45:43'),
(1849,'cbae110b-1c4b-11ef-9214-42010a8e0014',1,'2024-05-22 15:50:19','2024-05-22 15:50:19'),
(1850,'cbae08ce-1c4b-11ef-9214-42010a8e0014',1,'2024-05-22 15:50:47','2024-05-22 15:50:47'),
(1851,'cbae110b-1c4b-11ef-9214-42010a8e0014',1,'2024-05-22 15:53:12','2024-05-22 15:53:12'),
(1852,'cbae08ce-1c4b-11ef-9214-42010a8e0014',1,'2024-05-22 15:54:27','2024-05-22 15:54:27'),
(1853,'cbadffd1-1c4b-11ef-9214-42010a8e0014',1,'2024-05-22 16:11:06','2024-05-22 16:11:06'),
(1854,'cbae52c9-1c4b-11ef-9214-42010a8e0014',1,'2024-05-22 16:11:23','2024-05-22 16:11:23'),
(1855,'cbae110b-1c4b-11ef-9214-42010a8e0014',1,'2024-05-22 16:13:51','2024-05-22 16:13:51'),
(1856,'cbae08ce-1c4b-11ef-9214-42010a8e0014',1,'2024-05-22 16:17:15','2024-05-22 16:17:15'),
(1857,'cbadffd1-1c4b-11ef-9214-42010a8e0014',1,'2024-05-22 16:27:45','2024-05-22 16:27:45'),
(1858,'cbae52c9-1c4b-11ef-9214-42010a8e0014',1,'2024-05-22 16:28:37','2024-05-22 16:28:37'),
(1859,'cbae110b-1c4b-11ef-9214-42010a8e0014',1,'2024-05-22 16:29:58','2024-05-22 16:29:58'),
(1860,'cbae08ce-1c4b-11ef-9214-42010a8e0014',1,'2024-05-22 16:30:47','2024-05-22 16:30:47'),
(1861,'cbadffd1-1c4b-11ef-9214-42010a8e0014',1,'2024-05-22 16:34:16','2024-05-22 16:34:16'),
(1862,'cbae08ce-1c4b-11ef-9214-42010a8e0014',1,'2024-05-22 16:37:05','2024-05-22 16:37:05'),
(1863,'cbadffd1-1c4b-11ef-9214-42010a8e0014',1,'2024-05-22 16:37:53','2024-05-22 16:37:53'),
(1864,'cbae08ce-1c4b-11ef-9214-42010a8e0014',1,'2024-05-22 16:39:34','2024-05-22 16:39:34'),
(1865,'cbadffd1-1c4b-11ef-9214-42010a8e0014',1,'2024-05-22 16:42:38','2024-05-22 16:42:38'),
(1866,'cbadffd1-1c4b-11ef-9214-42010a8e0014',1,'2024-05-22 16:48:29','2024-05-22 16:48:29'),
(1867,'cbae08ce-1c4b-11ef-9214-42010a8e0014',1,'2024-05-22 16:50:32','2024-05-22 16:50:32'),
(1868,'cbadffd1-1c4b-11ef-9214-42010a8e0014',1,'2024-05-22 17:01:04','2024-05-22 17:01:04'),
(1869,'cbae08ce-1c4b-11ef-9214-42010a8e0014',1,'2024-05-22 17:09:58','2024-05-22 17:09:58'),
(1870,'cbae2b96-1c4b-11ef-9214-42010a8e0014',1,'2024-05-22 17:10:06','2024-05-22 17:10:06'),
(1871,'cbae08ce-1c4b-11ef-9214-42010a8e0014',1,'2024-05-22 17:13:21','2024-05-22 17:13:21'),
(1872,'cbae4f01-1c4b-11ef-9214-42010a8e0014',1,'2024-05-22 17:14:05','2024-05-22 17:14:05'),
(1873,'cbadffd1-1c4b-11ef-9214-42010a8e0014',1,'2024-05-22 17:14:24','2024-05-22 17:14:24'),
(1874,'cbae110b-1c4b-11ef-9214-42010a8e0014',1,'2024-05-22 17:15:14','2024-05-22 17:15:14'),
(1875,'cbae08ce-1c4b-11ef-9214-42010a8e0014',1,'2024-05-22 17:16:37','2024-05-22 17:16:37'),
(1876,'cbae0828-1c4b-11ef-9214-42010a8e0014',1,'2024-05-22 17:17:07','2024-05-22 17:17:07'),
(1877,'cbadffd1-1c4b-11ef-9214-42010a8e0014',1,'2024-05-22 17:18:13','2024-05-22 17:18:13'),
(1878,'cbadffd1-1c4b-11ef-9214-42010a8e0014',1,'2024-05-22 17:19:48','2024-05-22 17:19:48'),
(1879,'cbadffd1-1c4b-11ef-9214-42010a8e0014',1,'2024-05-22 18:00:56','2024-05-22 18:00:56'),
(1880,'cbae110b-1c4b-11ef-9214-42010a8e0014',1,'2024-05-22 18:04:50','2024-05-22 18:04:50'),
(1881,'cbae08ce-1c4b-11ef-9214-42010a8e0014',1,'2024-05-22 18:05:46','2024-05-22 18:05:46'),
(1882,'cbae0828-1c4b-11ef-9214-42010a8e0014',1,'2024-05-22 18:06:58','2024-05-22 18:06:58'),
(1883,'cbadffd1-1c4b-11ef-9214-42010a8e0014',1,'2024-05-22 18:07:31','2024-05-22 18:07:31'),
(1884,'cbae118f-1c4b-11ef-9214-42010a8e0014',1,'2024-05-22 18:20:40','2024-05-22 18:20:40'),
(1885,'cbadffd1-1c4b-11ef-9214-42010a8e0014',1,'2024-05-22 18:24:35','2024-05-22 18:24:35'),
(1886,'cbae5f4c-1c4b-11ef-9214-42010a8e0014',1,'2024-05-22 18:25:22','2024-05-22 18:25:22'),
(1887,'cbae610a-1c4b-11ef-9214-42010a8e0014',1,'2024-05-22 18:25:55','2024-05-22 18:25:55'),
(1888,'cbae610a-1c4b-11ef-9214-42010a8e0014',1,'2024-05-22 18:34:46','2024-05-22 18:34:46'),
(1889,'cbae618b-1c4b-11ef-9214-42010a8e0014',1,'2024-05-22 18:35:58','2024-05-22 18:35:58'),
(1890,'cbae620e-1c4b-11ef-9214-42010a8e0014',1,'2024-05-22 18:37:01','2024-05-22 18:37:01'),
(1891,'cbae6290-1c4b-11ef-9214-42010a8e0014',1,'2024-05-22 18:38:20','2024-05-22 18:38:20'),
(1892,'cbae630f-1c4b-11ef-9214-42010a8e0014',1,'2024-05-22 18:38:51','2024-05-22 18:38:51'),
(1893,'cbae118f-1c4b-11ef-9214-42010a8e0014',1,'2024-05-22 18:39:38','2024-05-22 18:39:38'),
(1894,'cbadffd1-1c4b-11ef-9214-42010a8e0014',1,'2024-05-22 18:45:09','2024-05-22 18:45:09'),
(1895,'cbae118f-1c4b-11ef-9214-42010a8e0014',1,'2024-05-22 18:48:44','2024-05-22 18:48:44'),
(1896,'cbae1323-1c4b-11ef-9214-42010a8e0014',1,'2024-05-22 18:50:41','2024-05-22 18:50:41'),
(1897,'cbadffd1-1c4b-11ef-9214-42010a8e0014',1,'2024-05-22 18:51:11','2024-05-22 18:51:11'),
(1898,'cbae118f-1c4b-11ef-9214-42010a8e0014',1,'2024-05-22 18:51:56','2024-05-22 18:51:56'),
(1899,'cbae620e-1c4b-11ef-9214-42010a8e0014',1,'2024-05-22 18:55:28','2024-05-22 18:55:28'),
(1900,'cbae620e-1c4b-11ef-9214-42010a8e0014',1,'2024-05-22 18:59:11','2024-05-22 18:59:11'),
(1901,'cbadffd1-1c4b-11ef-9214-42010a8e0014',1,'2024-05-22 18:59:53','2024-05-22 18:59:53'),
(1902,'cbae67ee-1c4b-11ef-9214-42010a8e0014',1,'2024-05-22 19:02:23','2024-05-22 19:02:23'),
(1903,'cbadffd1-1c4b-11ef-9214-42010a8e0014',1,'2024-05-22 19:03:13','2024-05-22 19:03:13'),
(1904,'cbadffd1-1c4b-11ef-9214-42010a8e0014',1,'2024-05-22 19:10:39','2024-05-22 19:10:39'),
(1905,'cbadffd1-1c4b-11ef-9214-42010a8e0014',1,'2024-05-22 19:10:40','2024-05-22 19:10:40'),
(1906,'cbadffd1-1c4b-11ef-9214-42010a8e0014',1,'2024-05-22 19:12:22','2024-05-22 19:12:22'),
(1907,'cbae110b-1c4b-11ef-9214-42010a8e0014',1,'2024-05-22 19:13:06','2024-05-22 19:13:06'),
(1908,'cbae08ce-1c4b-11ef-9214-42010a8e0014',1,'2024-05-22 19:14:03','2024-05-22 19:14:03'),
(1909,'cbae0828-1c4b-11ef-9214-42010a8e0014',1,'2024-05-22 19:14:28','2024-05-22 19:14:28'),
(1910,'cbae118f-1c4b-11ef-9214-42010a8e0014',1,'2024-05-22 19:15:16','2024-05-22 19:15:16'),
(1911,'cbae118f-1c4b-11ef-9214-42010a8e0014',1,'2024-05-22 19:16:21','2024-05-22 19:16:21'),
(1912,'cbae118f-1c4b-11ef-9214-42010a8e0014',1,'2024-05-22 19:17:01','2024-05-22 19:17:01'),
(1913,'cbadffd1-1c4b-11ef-9214-42010a8e0014',1,'2024-05-22 19:20:40','2024-05-22 19:20:40'),
(1914,'cbae118f-1c4b-11ef-9214-42010a8e0014',1,'2024-05-22 19:21:31','2024-05-22 19:21:31'),
(1915,'cbadffd1-1c4b-11ef-9214-42010a8e0014',1,'2024-05-22 19:29:39','2024-05-22 19:29:39'),
(1916,'cbadffd1-1c4b-11ef-9214-42010a8e0014',1,'2024-05-22 19:35:59','2024-05-22 19:35:59'),
(1917,'cbadffd1-1c4b-11ef-9214-42010a8e0014',1,'2024-05-22 19:39:01','2024-05-22 19:39:01'),
(1918,'cbae52c9-1c4b-11ef-9214-42010a8e0014',1,'2024-05-22 19:42:15','2024-05-22 19:42:15'),
(1919,'cbae52c9-1c4b-11ef-9214-42010a8e0014',1,'2024-05-22 19:43:06','2024-05-22 19:43:06'),
(1920,'cbae0828-1c4b-11ef-9214-42010a8e0014',1,'2024-05-22 19:51:42','2024-05-22 19:51:42'),
(1921,'cbae6391-1c4b-11ef-9214-42010a8e0014',1,'2024-05-22 19:54:39','2024-05-22 19:54:39'),
(1922,'cbadffd1-1c4b-11ef-9214-42010a8e0014',1,'2024-05-22 19:55:33','2024-05-22 19:55:33'),
(1923,'cbae644f-1c4b-11ef-9214-42010a8e0014',1,'2024-05-22 19:55:45','2024-05-22 19:55:45'),
(1924,'cbae64d0-1c4b-11ef-9214-42010a8e0014',1,'2024-05-22 19:56:16','2024-05-22 19:56:16'),
(1925,'cbae6552-1c4b-11ef-9214-42010a8e0014',1,'2024-05-22 19:56:37','2024-05-22 19:56:37'),
(1926,'cbae65d5-1c4b-11ef-9214-42010a8e0014',1,'2024-05-22 19:57:05','2024-05-22 19:57:05'),
(1927,'cbae6654-1c4b-11ef-9214-42010a8e0014',1,'2024-05-22 19:57:30','2024-05-22 19:57:30'),
(1928,'cbae08ce-1c4b-11ef-9214-42010a8e0014',1,'2024-05-22 19:57:32','2024-05-22 19:57:32'),
(1929,'cbae66d2-1c4b-11ef-9214-42010a8e0014',1,'2024-05-22 19:57:58','2024-05-22 19:57:58'),
(1930,'cbae66d2-1c4b-11ef-9214-42010a8e0014',1,'2024-05-22 19:58:10','2024-05-22 19:58:10'),
(1931,'cbadffd1-1c4b-11ef-9214-42010a8e0014',1,'2024-05-22 19:58:46','2024-05-22 19:58:46'),
(1932,'cbae110b-1c4b-11ef-9214-42010a8e0014',1,'2024-05-22 19:59:22','2024-05-22 19:59:22'),
(1933,'cbae110b-1c4b-11ef-9214-42010a8e0014',1,'2024-05-22 19:59:46','2024-05-22 19:59:46'),
(1934,'cbadffd1-1c4b-11ef-9214-42010a8e0014',1,'2024-05-22 20:02:09','2024-05-22 20:02:09'),
(1935,'cbae0828-1c4b-11ef-9214-42010a8e0014',1,'2024-05-22 20:06:21','2024-05-22 20:06:21'),
(1936,'cbadffd1-1c4b-11ef-9214-42010a8e0014',1,'2024-05-22 20:17:29','2024-05-22 20:17:29'),
(1937,'cbadffd1-1c4b-11ef-9214-42010a8e0014',1,'2024-05-22 20:23:24','2024-05-22 20:23:24'),
(1938,'cbae110b-1c4b-11ef-9214-42010a8e0014',1,'2024-05-22 20:28:26','2024-05-22 20:28:26'),
(1939,'cbadffd1-1c4b-11ef-9214-42010a8e0014',1,'2024-05-22 20:30:29','2024-05-22 20:30:29'),
(1940,'cbae08ce-1c4b-11ef-9214-42010a8e0014',1,'2024-05-22 20:30:58','2024-05-22 20:30:58'),
(1941,'cbae0828-1c4b-11ef-9214-42010a8e0014',1,'2024-05-22 20:32:00','2024-05-22 20:32:00'),
(1942,'cbadffd1-1c4b-11ef-9214-42010a8e0014',1,'2024-05-22 20:32:46','2024-05-22 20:32:46'),
(1943,'cbae110b-1c4b-11ef-9214-42010a8e0014',1,'2024-05-22 20:34:13','2024-05-22 20:34:13'),
(1944,'cbae110b-1c4b-11ef-9214-42010a8e0014',1,'2024-05-22 20:39:07','2024-05-22 20:39:07'),
(1945,'cbadffd1-1c4b-11ef-9214-42010a8e0014',1,'2024-05-22 20:41:18','2024-05-22 20:41:18'),
(1946,'cbadffd1-1c4b-11ef-9214-42010a8e0014',1,'2024-05-22 20:43:02','2024-05-22 20:43:02'),
(1947,'cbae66d2-1c4b-11ef-9214-42010a8e0014',1,'2024-05-22 20:59:07','2024-05-22 20:59:07'),
(1948,'cbae66d2-1c4b-11ef-9214-42010a8e0014',1,'2024-05-22 21:03:12','2024-05-22 21:03:12'),
(1949,'cbae4f01-1c4b-11ef-9214-42010a8e0014',1,'2024-05-22 21:05:18','2024-05-22 21:05:18'),
(1950,'cbae66d2-1c4b-11ef-9214-42010a8e0014',1,'2024-05-22 21:11:18','2024-05-22 21:11:18'),
(1951,'cbae0828-1c4b-11ef-9214-42010a8e0014',1,'2024-05-22 21:13:08','2024-05-22 21:13:08'),
(1952,'cbae110b-1c4b-11ef-9214-42010a8e0014',1,'2024-05-22 21:15:33','2024-05-22 21:15:33'),
(1953,'cbae620e-1c4b-11ef-9214-42010a8e0014',1,'2024-05-22 21:18:18','2024-05-22 21:18:18'),
(1954,'cbadffd1-1c4b-11ef-9214-42010a8e0014',1,'2024-05-22 21:18:46','2024-05-22 21:18:46'),
(1955,'cbae66d2-1c4b-11ef-9214-42010a8e0014',1,'2024-05-22 21:21:54','2024-05-22 21:21:54'),
(1956,'cbadffd1-1c4b-11ef-9214-42010a8e0014',1,'2024-05-22 21:23:48','2024-05-22 21:23:48'),
(1957,'cbae5f4c-1c4b-11ef-9214-42010a8e0014',1,'2024-05-22 21:24:53','2024-05-22 21:24:53'),
(1958,'cbae0828-1c4b-11ef-9214-42010a8e0014',1,'2024-05-22 21:38:10','2024-05-22 21:38:10'),
(1959,'cbae0828-1c4b-11ef-9214-42010a8e0014',1,'2024-05-22 21:42:00','2024-05-22 21:42:00'),
(1960,'cbadffd1-1c4b-11ef-9214-42010a8e0014',1,'2024-05-22 21:42:59','2024-05-22 21:42:59'),
(1961,'cbae1323-1c4b-11ef-9214-42010a8e0014',1,'2024-05-22 21:43:07','2024-05-22 21:43:07'),
(1962,'cbae686e-1c4b-11ef-9214-42010a8e0014',1,'2024-05-22 21:50:49','2024-05-22 21:50:49'),
(1963,'cbae686e-1c4b-11ef-9214-42010a8e0014',1,'2024-05-22 22:07:24','2024-05-22 22:07:24'),
(1964,'cbae686e-1c4b-11ef-9214-42010a8e0014',1,'2024-05-22 22:18:06','2024-05-22 22:18:06'),
(1965,'cbae110b-1c4b-11ef-9214-42010a8e0014',1,'2024-05-22 22:20:23','2024-05-22 22:20:23'),
(1966,'cbae686e-1c4b-11ef-9214-42010a8e0014',1,'2024-05-22 22:22:43','2024-05-22 22:22:43'),
(1967,'cbae686e-1c4b-11ef-9214-42010a8e0014',1,'2024-05-22 22:23:48','2024-05-22 22:23:48'),
(1968,'cbae118f-1c4b-11ef-9214-42010a8e0014',1,'2024-05-22 22:24:49','2024-05-22 22:24:49'),
(1969,'cbae686e-1c4b-11ef-9214-42010a8e0014',1,'2024-05-22 22:28:56','2024-05-22 22:28:56'),
(1970,'cbae1323-1c4b-11ef-9214-42010a8e0014',1,'2024-05-22 22:39:22','2024-05-22 22:39:22'),
(1971,'cbae0828-1c4b-11ef-9214-42010a8e0014',1,'2024-05-22 22:40:33','2024-05-22 22:40:33'),
(1972,'cbae686e-1c4b-11ef-9214-42010a8e0014',1,'2024-05-22 22:40:56','2024-05-22 22:40:56'),
(1973,'cbae118f-1c4b-11ef-9214-42010a8e0014',1,'2024-05-22 22:41:01','2024-05-22 22:41:01'),
(1974,'cbadffd1-1c4b-11ef-9214-42010a8e0014',1,'2024-05-22 22:43:01','2024-05-22 22:43:01'),
(1975,'cbae1323-1c4b-11ef-9214-42010a8e0014',1,'2024-05-22 22:43:57','2024-05-22 22:43:57'),
(1976,'cbadffd1-1c4b-11ef-9214-42010a8e0014',1,'2024-05-22 22:48:09','2024-05-22 22:48:09'),
(1977,'cbae118f-1c4b-11ef-9214-42010a8e0014',1,'2024-05-22 22:56:22','2024-05-22 22:56:22'),
(1978,'cbae0828-1c4b-11ef-9214-42010a8e0014',1,'2024-05-22 22:57:33','2024-05-22 22:57:33'),
(1979,'cbae1323-1c4b-11ef-9214-42010a8e0014',1,'2024-05-22 22:58:21','2024-05-22 22:58:21'),
(1980,'cbae66d2-1c4b-11ef-9214-42010a8e0014',1,'2024-05-22 23:51:04','2024-05-22 23:51:04'),
(1981,'cbadffd1-1c4b-11ef-9214-42010a8e0014',1,'2024-05-22 23:54:25','2024-05-22 23:54:25'),
(1982,'cbadffd1-1c4b-11ef-9214-42010a8e0014',1,'2024-05-22 23:57:29','2024-05-22 23:57:29'),
(1983,'cbae0828-1c4b-11ef-9214-42010a8e0014',1,'2024-05-23 00:01:10','2024-05-23 00:01:10'),
(1984,'cbae1323-1c4b-11ef-9214-42010a8e0014',1,'2024-05-23 00:01:37','2024-05-23 00:01:37'),
(1985,'cbae118f-1c4b-11ef-9214-42010a8e0014',1,'2024-05-23 00:02:07','2024-05-23 00:02:07'),
(1986,'cbae110b-1c4b-11ef-9214-42010a8e0014',1,'2024-05-23 00:12:43','2024-05-23 00:12:43'),
(1987,'cbae66d2-1c4b-11ef-9214-42010a8e0014',1,'2024-05-23 04:01:16','2024-05-23 04:01:16'),
(1988,'cbadffd1-1c4b-11ef-9214-42010a8e0014',1,'2024-05-23 12:38:07','2024-05-23 12:38:07'),
(1989,'cbadffd1-1c4b-11ef-9214-42010a8e0014',1,'2024-05-23 13:05:25','2024-05-23 13:05:25'),
(1990,'cbae5f4c-1c4b-11ef-9214-42010a8e0014',1,'2024-05-23 13:06:03','2024-05-23 13:06:03'),
(1991,'cbae610a-1c4b-11ef-9214-42010a8e0014',1,'2024-05-23 13:08:43','2024-05-23 13:08:43'),
(1992,'cbadffd1-1c4b-11ef-9214-42010a8e0014',1,'2024-05-23 13:16:09','2024-05-23 13:16:09'),
(1993,'cbadffd1-1c4b-11ef-9214-42010a8e0014',1,'2024-05-23 13:16:52','2024-05-23 13:16:52'),
(1994,'cbadffd1-1c4b-11ef-9214-42010a8e0014',1,'2024-05-23 13:16:52','2024-05-23 13:16:52'),
(1995,'cbadffd1-1c4b-11ef-9214-42010a8e0014',1,'2024-05-23 13:21:04','2024-05-23 13:21:04'),
(1996,'cbae6391-1c4b-11ef-9214-42010a8e0014',1,'2024-05-23 13:25:46','2024-05-23 13:25:46'),
(1997,'cbae6391-1c4b-11ef-9214-42010a8e0014',1,'2024-05-23 13:26:15','2024-05-23 13:26:15'),
(1998,'cbae6391-1c4b-11ef-9214-42010a8e0014',1,'2024-05-23 13:26:26','2024-05-23 13:26:26'),
(1999,'cbae6391-1c4b-11ef-9214-42010a8e0014',1,'2024-05-23 13:26:39','2024-05-23 13:26:39'),
(2000,'cbae6391-1c4b-11ef-9214-42010a8e0014',1,'2024-05-23 13:26:51','2024-05-23 13:26:51'),
(2001,'cbae6391-1c4b-11ef-9214-42010a8e0014',1,'2024-05-23 13:27:05','2024-05-23 13:27:05'),
(2002,'cbae6391-1c4b-11ef-9214-42010a8e0014',1,'2024-05-23 13:27:07','2024-05-23 13:27:07'),
(2003,'cbae6391-1c4b-11ef-9214-42010a8e0014',1,'2024-05-23 13:37:21','2024-05-23 13:37:21'),
(2004,'cbae618b-1c4b-11ef-9214-42010a8e0014',1,'2024-05-23 13:47:39','2024-05-23 13:47:39'),
(2005,'cbae618b-1c4b-11ef-9214-42010a8e0014',1,'2024-05-23 13:47:39','2024-05-23 13:47:39'),
(2006,'cbae618b-1c4b-11ef-9214-42010a8e0014',1,'2024-05-23 13:59:36','2024-05-23 13:59:36'),
(2007,'cbae1323-1c4b-11ef-9214-42010a8e0014',1,'2024-05-23 14:05:12','2024-05-23 14:05:12'),
(2008,'cbadffd1-1c4b-11ef-9214-42010a8e0014',1,'2024-05-23 14:07:16','2024-05-23 14:07:16'),
(2009,'cbae118f-1c4b-11ef-9214-42010a8e0014',1,'2024-05-23 14:07:49','2024-05-23 14:07:49'),
(2010,'cbae0828-1c4b-11ef-9214-42010a8e0014',1,'2024-05-23 14:09:53','2024-05-23 14:09:53'),
(2011,'cbae1323-1c4b-11ef-9214-42010a8e0014',1,'2024-05-23 14:10:29','2024-05-23 14:10:29'),
(2012,'cbae0828-1c4b-11ef-9214-42010a8e0014',1,'2024-05-23 14:11:46','2024-05-23 14:11:46'),
(2013,'cbae0828-1c4b-11ef-9214-42010a8e0014',1,'2024-05-23 14:11:46','2024-05-23 14:11:46'),
(2014,'cbadffd1-1c4b-11ef-9214-42010a8e0014',1,'2024-05-23 14:12:50','2024-05-23 14:12:50'),
(2015,'cbae16d4-1c4b-11ef-9214-42010a8e0014',1,'2024-05-23 14:13:32','2024-05-23 14:13:32'),
(2016,'cbadffd1-1c4b-11ef-9214-42010a8e0014',1,'2024-05-23 14:13:50','2024-05-23 14:13:50'),
(2017,'cbadffd1-1c4b-11ef-9214-42010a8e0014',1,'2024-05-23 14:20:27','2024-05-23 14:20:27'),
(2018,'cbae630f-1c4b-11ef-9214-42010a8e0014',1,'2024-05-23 14:39:16','2024-05-23 14:39:16'),
(2019,'cbae618b-1c4b-11ef-9214-42010a8e0014',1,'2024-05-23 14:40:15','2024-05-23 14:40:15'),
(2020,'cbae110b-1c4b-11ef-9214-42010a8e0014',1,'2024-05-23 16:11:37','2024-05-23 16:11:37'),
(2021,'cbae08ce-1c4b-11ef-9214-42010a8e0014',1,'2024-05-23 16:13:30','2024-05-23 16:13:30'),
(2022,'cbae08ce-1c4b-11ef-9214-42010a8e0014',1,'2024-05-23 16:14:07','2024-05-23 16:14:07'),
(2023,'cbae110b-1c4b-11ef-9214-42010a8e0014',1,'2024-05-23 16:14:31','2024-05-23 16:14:31'),
(2024,'cbadffd1-1c4b-11ef-9214-42010a8e0014',1,'2024-05-23 16:16:45','2024-05-23 16:16:45'),
(2025,'cbae110b-1c4b-11ef-9214-42010a8e0014',1,'2024-05-23 16:42:09','2024-05-23 16:42:09'),
(2026,'cbadffd1-1c4b-11ef-9214-42010a8e0014',1,'2024-05-23 16:42:34','2024-05-23 16:42:34'),
(2027,'cbadffd1-1c4b-11ef-9214-42010a8e0014',1,'2024-05-23 16:43:00','2024-05-23 16:43:00'),
(2028,'cbadffd1-1c4b-11ef-9214-42010a8e0014',1,'2024-05-23 16:43:32','2024-05-23 16:43:32'),
(2029,'cbadffd1-1c4b-11ef-9214-42010a8e0014',1,'2024-05-23 16:43:59','2024-05-23 16:43:59'),
(2030,'cbadffd1-1c4b-11ef-9214-42010a8e0014',1,'2024-05-23 16:45:45','2024-05-23 16:45:45'),
(2031,'cbadffd1-1c4b-11ef-9214-42010a8e0014',1,'2024-05-23 16:47:00','2024-05-23 16:47:00'),
(2032,'cbadffd1-1c4b-11ef-9214-42010a8e0014',1,'2024-05-23 16:49:34','2024-05-23 16:49:34'),
(2033,'cbae110b-1c4b-11ef-9214-42010a8e0014',1,'2024-05-23 17:25:18','2024-05-23 17:25:18'),
(2034,'cbae08ce-1c4b-11ef-9214-42010a8e0014',1,'2024-05-23 17:26:08','2024-05-23 17:26:08'),
(2035,'cbadffd1-1c4b-11ef-9214-42010a8e0014',1,'2024-05-23 17:26:37','2024-05-23 17:26:37'),
(2036,'cbadffd1-1c4b-11ef-9214-42010a8e0014',1,'2024-05-23 17:58:48','2024-05-23 17:58:48'),
(2037,'cbadffd1-1c4b-11ef-9214-42010a8e0014',1,'2024-05-23 18:08:44','2024-05-23 18:08:44'),
(2038,'cbae110b-1c4b-11ef-9214-42010a8e0014',1,'2024-05-23 18:51:21','2024-05-23 18:51:21'),
(2039,'cbadffd1-1c4b-11ef-9214-42010a8e0014',1,'2024-05-23 18:53:16','2024-05-23 18:53:16'),
(2040,'cbae110b-1c4b-11ef-9214-42010a8e0014',1,'2024-05-23 19:11:31','2024-05-23 19:11:31'),
(2041,'cbae08ce-1c4b-11ef-9214-42010a8e0014',1,'2024-05-23 19:14:01','2024-05-23 19:14:01'),
(2042,'cbadffd1-1c4b-11ef-9214-42010a8e0014',1,'2024-05-23 19:14:54','2024-05-23 19:14:54'),
(2043,'cbadffd1-1c4b-11ef-9214-42010a8e0014',1,'2024-05-23 19:15:48','2024-05-23 19:15:48'),
(2044,'cbadffd1-1c4b-11ef-9214-42010a8e0014',1,'2024-05-23 19:18:19','2024-05-23 19:18:19'),
(2045,'cbae0828-1c4b-11ef-9214-42010a8e0014',1,'2024-05-23 19:20:35','2024-05-23 19:20:35'),
(2046,'cbadffd1-1c4b-11ef-9214-42010a8e0014',1,'2024-05-23 19:21:36','2024-05-23 19:21:36'),
(2047,'cbae110b-1c4b-11ef-9214-42010a8e0014',1,'2024-05-23 19:30:47','2024-05-23 19:30:47'),
(2048,'cbae08ce-1c4b-11ef-9214-42010a8e0014',1,'2024-05-23 19:36:53','2024-05-23 19:36:53'),
(2049,'cbae110b-1c4b-11ef-9214-42010a8e0014',1,'2024-05-23 19:37:30','2024-05-23 19:37:30'),
(2050,'cbae110b-1c4b-11ef-9214-42010a8e0014',1,'2024-05-23 19:38:47','2024-05-23 19:38:47'),
(2051,'cbae08ce-1c4b-11ef-9214-42010a8e0014',1,'2024-05-23 19:40:05','2024-05-23 19:40:05'),
(2052,'cbadffd1-1c4b-11ef-9214-42010a8e0014',1,'2024-05-23 19:41:05','2024-05-23 19:41:05'),
(2053,'cbadffd1-1c4b-11ef-9214-42010a8e0014',1,'2024-05-23 19:55:09','2024-05-23 19:55:09'),
(2054,'cbae110b-1c4b-11ef-9214-42010a8e0014',1,'2024-05-23 20:44:36','2024-05-23 20:44:36'),
(2055,'cbadffd1-1c4b-11ef-9214-42010a8e0014',1,'2024-05-23 20:51:47','2024-05-23 20:51:47'),
(2056,'cbae110b-1c4b-11ef-9214-42010a8e0014',1,'2024-05-23 20:53:58','2024-05-23 20:53:58'),
(2057,'cbae110b-1c4b-11ef-9214-42010a8e0014',1,'2024-05-23 21:01:58','2024-05-23 21:01:58'),
(2058,'cbadffd1-1c4b-11ef-9214-42010a8e0014',1,'2024-05-23 21:02:21','2024-05-23 21:02:21'),
(2059,'cbadffd1-1c4b-11ef-9214-42010a8e0014',1,'2024-05-23 21:07:09','2024-05-23 21:07:09'),
(2060,'cbadffd1-1c4b-11ef-9214-42010a8e0014',1,'2024-05-23 21:22:03','2024-05-23 21:22:03'),
(2061,'cbae110b-1c4b-11ef-9214-42010a8e0014',1,'2024-05-23 21:22:25','2024-05-23 21:22:25'),
(2062,'cbae08ce-1c4b-11ef-9214-42010a8e0014',1,'2024-05-23 21:25:00','2024-05-23 21:25:00'),
(2063,'cbadffd1-1c4b-11ef-9214-42010a8e0014',1,'2024-05-23 21:25:50','2024-05-23 21:25:50'),
(2064,'cbae110b-1c4b-11ef-9214-42010a8e0014',1,'2024-05-23 21:35:56','2024-05-23 21:35:56'),
(2065,'cbadffd1-1c4b-11ef-9214-42010a8e0014',1,'2024-05-23 21:39:22','2024-05-23 21:39:22'),
(2066,'cbadffd1-1c4b-11ef-9214-42010a8e0014',1,'2024-05-23 21:39:54','2024-05-23 21:39:54'),
(2067,'cbae110b-1c4b-11ef-9214-42010a8e0014',1,'2024-05-23 21:44:59','2024-05-23 21:44:59'),
(2068,'cbadffd1-1c4b-11ef-9214-42010a8e0014',1,'2024-05-23 21:51:39','2024-05-23 21:51:39'),
(2069,'cbadffd1-1c4b-11ef-9214-42010a8e0014',1,'2024-05-23 21:53:45','2024-05-23 21:53:45'),
(2070,'cbae110b-1c4b-11ef-9214-42010a8e0014',1,'2024-05-23 21:54:19','2024-05-23 21:54:19'),
(2071,'cbae0ef0-1c4b-11ef-9214-42010a8e0014',1,'2024-05-23 21:54:54','2024-05-23 21:54:54'),
(2072,'cbae118f-1c4b-11ef-9214-42010a8e0014',1,'2024-05-23 21:55:40','2024-05-23 21:55:40'),
(2073,'cbadffd1-1c4b-11ef-9214-42010a8e0014',1,'2024-05-23 21:56:17','2024-05-23 21:56:17'),
(2074,'cbae08ce-1c4b-11ef-9214-42010a8e0014',1,'2024-05-23 21:57:03','2024-05-23 21:57:03'),
(2075,'cbae073a-1c4b-11ef-9214-42010a8e0014',1,'2024-05-23 23:10:45','2024-05-23 23:10:45'),
(2076,'cbadffd1-1c4b-11ef-9214-42010a8e0014',1,'2024-05-24 12:47:52','2024-05-24 12:47:52'),
(2077,'cbae110b-1c4b-11ef-9214-42010a8e0014',1,'2024-05-24 12:52:33','2024-05-24 12:52:33'),
(2078,'cbae08ce-1c4b-11ef-9214-42010a8e0014',1,'2024-05-24 12:56:39','2024-05-24 12:56:39'),
(2079,'cbae08ce-1c4b-11ef-9214-42010a8e0014',1,'2024-05-24 13:13:49','2024-05-24 13:13:49'),
(2080,'cbae579d-1c4b-11ef-9214-42010a8e0014',1,'2024-05-24 13:21:57','2024-05-24 13:21:57'),
(2081,'cbae08ce-1c4b-11ef-9214-42010a8e0014',1,'2024-05-24 13:21:59','2024-05-24 13:21:59'),
(2082,'cbadffd1-1c4b-11ef-9214-42010a8e0014',1,'2024-05-24 13:22:54','2024-05-24 13:22:54'),
(2083,'cbae586d-1c4b-11ef-9214-42010a8e0014',1,'2024-05-24 13:23:04','2024-05-24 13:23:04'),
(2084,'cbae579d-1c4b-11ef-9214-42010a8e0014',1,'2024-05-24 13:24:27','2024-05-24 13:24:27'),
(2085,'cbae586d-1c4b-11ef-9214-42010a8e0014',1,'2024-05-24 13:29:24','2024-05-24 13:29:24'),
(2086,'cbae073a-1c4b-11ef-9214-42010a8e0014',1,'2024-05-24 13:37:58','2024-05-24 13:37:58'),
(2087,'cbadffd1-1c4b-11ef-9214-42010a8e0014',1,'2024-05-24 14:26:09','2024-05-24 14:26:09'),
(2088,'cbadffd1-1c4b-11ef-9214-42010a8e0014',1,'2024-05-24 14:28:14','2024-05-24 14:28:14'),
(2089,'cbae6dbb-1c4b-11ef-9214-42010a8e0014',1,'2024-05-24 14:33:21','2024-05-24 14:33:21'),
(2090,'cbadffd1-1c4b-11ef-9214-42010a8e0014',1,'2024-05-24 14:37:08','2024-05-24 14:37:08'),
(2091,'cbadffd1-1c4b-11ef-9214-42010a8e0014',1,'2024-05-24 14:54:46','2024-05-24 14:54:46'),
(2092,'cbadffd1-1c4b-11ef-9214-42010a8e0014',1,'2024-05-24 15:02:33','2024-05-24 15:02:33'),
(2093,'cbae110b-1c4b-11ef-9214-42010a8e0014',1,'2024-05-24 15:05:41','2024-05-24 15:05:41'),
(2094,'cbae08ce-1c4b-11ef-9214-42010a8e0014',1,'2024-05-24 15:08:48','2024-05-24 15:08:48'),
(2095,'cbae08ce-1c4b-11ef-9214-42010a8e0014',1,'2024-05-24 15:16:50','2024-05-24 15:16:50'),
(2096,'cbadffd1-1c4b-11ef-9214-42010a8e0014',1,'2024-05-24 15:21:39','2024-05-24 15:21:39'),
(2097,'cbae110b-1c4b-11ef-9214-42010a8e0014',1,'2024-05-24 15:27:29','2024-05-24 15:27:29'),
(2098,'cbae08ce-1c4b-11ef-9214-42010a8e0014',1,'2024-05-24 15:30:58','2024-05-24 15:30:58'),
(2099,'cbae0828-1c4b-11ef-9214-42010a8e0014',1,'2024-05-24 15:32:53','2024-05-24 15:32:53'),
(2100,'cbadffd1-1c4b-11ef-9214-42010a8e0014',1,'2024-05-24 15:34:15','2024-05-24 15:34:15'),
(2101,'cbadffd1-1c4b-11ef-9214-42010a8e0014',1,'2024-05-24 15:37:25','2024-05-24 15:37:25'),
(2102,'cbae175d-1c4b-11ef-9214-42010a8e0014',1,'2024-05-24 15:38:03','2024-05-24 15:38:03'),
(2103,'cbadffd1-1c4b-11ef-9214-42010a8e0014',1,'2024-05-24 15:46:12','2024-05-24 15:46:12'),
(2104,'cbae6dbb-1c4b-11ef-9214-42010a8e0014',1,'2024-05-24 16:01:13','2024-05-24 16:01:13'),
(2105,'cbae6dbb-1c4b-11ef-9214-42010a8e0014',1,'2024-05-24 16:06:53','2024-05-24 16:06:53'),
(2106,'cbae110b-1c4b-11ef-9214-42010a8e0014',1,'2024-05-24 16:11:27','2024-05-24 16:11:27'),
(2107,'cbadffd1-1c4b-11ef-9214-42010a8e0014',1,'2024-05-24 16:15:25','2024-05-24 16:15:25'),
(2108,'cbadffd1-1c4b-11ef-9214-42010a8e0014',1,'2024-05-24 16:16:55','2024-05-24 16:16:55'),
(2109,'cbadffd1-1c4b-11ef-9214-42010a8e0014',1,'2024-05-24 16:18:17','2024-05-24 16:18:17'),
(2110,'cbadffd1-1c4b-11ef-9214-42010a8e0014',1,'2024-05-24 16:20:39','2024-05-24 16:20:39'),
(2111,'cbadffd1-1c4b-11ef-9214-42010a8e0014',1,'2024-05-24 16:22:09','2024-05-24 16:22:09'),
(2112,'cbadffd1-1c4b-11ef-9214-42010a8e0014',1,'2024-05-24 16:24:31','2024-05-24 16:24:31'),
(2113,'cbadffd1-1c4b-11ef-9214-42010a8e0014',1,'2024-05-24 16:25:40','2024-05-24 16:25:40'),
(2114,'cbadffd1-1c4b-11ef-9214-42010a8e0014',1,'2024-05-24 16:27:55','2024-05-24 16:27:55'),
(2115,'cbadffd1-1c4b-11ef-9214-42010a8e0014',1,'2024-05-24 16:30:11','2024-05-24 16:30:11'),
(2116,'cbadffd1-1c4b-11ef-9214-42010a8e0014',1,'2024-05-24 16:32:43','2024-05-24 16:32:43'),
(2117,'cbadffd1-1c4b-11ef-9214-42010a8e0014',1,'2024-05-24 16:33:33','2024-05-24 16:33:33'),
(2118,'cbadffd1-1c4b-11ef-9214-42010a8e0014',1,'2024-05-24 16:35:36','2024-05-24 16:35:36'),
(2119,'cbadffd1-1c4b-11ef-9214-42010a8e0014',1,'2024-05-24 16:36:41','2024-05-24 16:36:41'),
(2120,'cbadffd1-1c4b-11ef-9214-42010a8e0014',1,'2024-05-24 16:41:21','2024-05-24 16:41:21'),
(2121,'cbadffd1-1c4b-11ef-9214-42010a8e0014',1,'2024-05-24 16:44:55','2024-05-24 16:44:55'),
(2122,'cbae6dbb-1c4b-11ef-9214-42010a8e0014',1,'2024-05-24 16:49:19','2024-05-24 16:49:19'),
(2123,'cbae6dbb-1c4b-11ef-9214-42010a8e0014',1,'2024-05-24 17:04:13','2024-05-24 17:04:13'),
(2124,'cbadffd1-1c4b-11ef-9214-42010a8e0014',1,'2024-05-24 17:42:11','2024-05-24 17:42:11'),
(2125,'cbadffd1-1c4b-11ef-9214-42010a8e0014',1,'2024-05-24 19:31:00','2024-05-24 19:31:00'),
(2126,'cbae6dbb-1c4b-11ef-9214-42010a8e0014',1,'2024-05-24 19:57:21','2024-05-24 19:57:21'),
(2127,'cbadffd1-1c4b-11ef-9214-42010a8e0014',1,'2024-05-24 20:04:32','2024-05-24 20:04:32'),
(2128,'cbae110b-1c4b-11ef-9214-42010a8e0014',1,'2024-05-24 20:19:16','2024-05-24 20:19:16'),
(2129,'cbae073a-1c4b-11ef-9214-42010a8e0014',1,'2024-05-24 20:24:40','2024-05-24 20:24:40'),
(2130,'cbadffd1-1c4b-11ef-9214-42010a8e0014',1,'2024-05-24 20:37:22','2024-05-24 20:37:22'),
(2131,'cbae08ce-1c4b-11ef-9214-42010a8e0014',1,'2024-05-24 20:41:45','2024-05-24 20:41:45'),
(2132,'cbadffd1-1c4b-11ef-9214-42010a8e0014',1,'2024-05-24 20:45:30','2024-05-24 20:45:30'),
(2133,'cbadffd1-1c4b-11ef-9214-42010a8e0014',1,'2024-05-24 20:46:07','2024-05-24 20:46:07'),
(2134,'cbadffd1-1c4b-11ef-9214-42010a8e0014',1,'2024-05-24 20:46:33','2024-05-24 20:46:33'),
(2135,'cbadffd1-1c4b-11ef-9214-42010a8e0014',1,'2024-05-24 20:46:55','2024-05-24 20:46:55'),
(2136,'cbadffd1-1c4b-11ef-9214-42010a8e0014',1,'2024-05-24 20:57:40','2024-05-24 20:57:40'),
(2137,'cbae110b-1c4b-11ef-9214-42010a8e0014',1,'2024-05-24 20:59:18','2024-05-24 20:59:18'),
(2138,'cbae08ce-1c4b-11ef-9214-42010a8e0014',1,'2024-05-24 21:14:18','2024-05-24 21:14:18'),
(2139,'cbae110b-1c4b-11ef-9214-42010a8e0014',1,'2024-05-24 21:21:00','2024-05-24 21:21:00'),
(2140,'cbae08ce-1c4b-11ef-9214-42010a8e0014',1,'2024-05-24 21:23:34','2024-05-24 21:23:34'),
(2141,'cbae0828-1c4b-11ef-9214-42010a8e0014',1,'2024-05-24 21:29:46','2024-05-24 21:29:46'),
(2142,'cbae073a-1c4b-11ef-9214-42010a8e0014',1,'2024-05-24 22:02:57','2024-05-24 22:02:57'),
(2143,'cbae073a-1c4b-11ef-9214-42010a8e0014',1,'2024-05-25 13:31:16','2024-05-25 13:31:16'),
(2144,'cbadffd1-1c4b-11ef-9214-42010a8e0014',1,'2024-05-25 15:32:59','2024-05-25 15:32:59'),
(2145,'cbadffd1-1c4b-11ef-9214-42010a8e0014',1,'2024-05-25 17:34:01','2024-05-25 17:34:01'),
(2146,'cbae0828-1c4b-11ef-9214-42010a8e0014',1,'2024-05-25 17:59:56','2024-05-25 17:59:56'),
(2147,'cbae71c1-1c4b-11ef-9214-42010a8e0014',1,'2024-05-25 19:37:47','2024-05-25 19:37:47'),
(2148,'cbadffd1-1c4b-11ef-9214-42010a8e0014',1,'2024-05-25 21:15:27','2024-05-25 21:15:27'),
(2149,'cbae0828-1c4b-11ef-9214-42010a8e0014',1,'2024-05-25 21:46:00','2024-05-25 21:46:00'),
(2150,'cbae0828-1c4b-11ef-9214-42010a8e0014',1,'2024-05-25 21:48:24','2024-05-25 21:48:24'),
(2151,'cbae1323-1c4b-11ef-9214-42010a8e0014',1,'2024-05-25 21:48:56','2024-05-25 21:48:56'),
(2152,'cbadffd1-1c4b-11ef-9214-42010a8e0014',1,'2024-05-25 21:59:37','2024-05-25 21:59:37'),
(2153,'cbae765e-1c4b-11ef-9214-42010a8e0014',1,'2024-05-25 22:35:28','2024-05-25 22:35:28'),
(2154,'cbae073a-1c4b-11ef-9214-42010a8e0014',1,'2024-05-26 03:49:31','2024-05-26 03:49:31'),
(2155,'cbadffd1-1c4b-11ef-9214-42010a8e0014',1,'2024-05-26 16:14:07','2024-05-26 16:14:07'),
(2156,'cbae4f01-1c4b-11ef-9214-42010a8e0014',1,'2024-05-26 19:40:05','2024-05-26 19:40:05'),
(2157,'cbae4f01-1c4b-11ef-9214-42010a8e0014',1,'2024-05-26 21:42:41','2024-05-26 21:42:41'),
(2158,'cbae4f01-1c4b-11ef-9214-42010a8e0014',1,'2024-05-26 22:00:48','2024-05-26 22:00:48'),
(2159,'cbae4f01-1c4b-11ef-9214-42010a8e0014',1,'2024-05-26 22:05:23','2024-05-26 22:05:23'),
(2160,'cbae4f01-1c4b-11ef-9214-42010a8e0014',1,'2024-05-26 22:06:53','2024-05-26 22:06:53'),
(2161,'cbae4f01-1c4b-11ef-9214-42010a8e0014',1,'2024-05-26 22:43:35','2024-05-26 22:43:35'),
(2162,'cbae4f01-1c4b-11ef-9214-42010a8e0014',1,'2024-05-26 22:54:20','2024-05-26 22:54:20'),
(2163,'cbae4f01-1c4b-11ef-9214-42010a8e0014',1,'2024-05-27 00:17:55','2024-05-27 00:17:55'),
(2164,'cbae4f01-1c4b-11ef-9214-42010a8e0014',1,'2024-05-27 00:21:22','2024-05-27 00:21:22'),
(2165,'cbae4f01-1c4b-11ef-9214-42010a8e0014',1,'2024-05-27 05:12:00','2024-05-27 05:12:00'),
(2166,'cbae4f01-1c4b-11ef-9214-42010a8e0014',1,'2024-05-27 05:13:32','2024-05-27 05:13:32'),
(2167,'cbae4f01-1c4b-11ef-9214-42010a8e0014',1,'2024-05-27 05:17:31','2024-05-27 05:17:31'),
(2168,'cbae4f01-1c4b-11ef-9214-42010a8e0014',1,'2024-05-27 05:20:14','2024-05-27 05:20:14'),
(2169,'cbae4f01-1c4b-11ef-9214-42010a8e0014',1,'2024-05-27 05:23:49','2024-05-27 05:23:49'),
(2170,'cbae4f01-1c4b-11ef-9214-42010a8e0014',1,'2024-05-27 05:26:37','2024-05-27 05:26:37'),
(2171,'cbae4f01-1c4b-11ef-9214-42010a8e0014',1,'2024-05-27 05:32:26','2024-05-27 05:32:26'),
(2172,'cbae073a-1c4b-11ef-9214-42010a8e0014',1,'2024-05-27 06:24:33','2024-05-27 06:24:33'),
(2173,'cbadffd1-1c4b-11ef-9214-42010a8e0014',1,'2024-05-27 13:37:38','2024-05-27 13:37:38'),
(2174,'cbadffd1-1c4b-11ef-9214-42010a8e0014',1,'2024-05-27 14:20:49','2024-05-27 14:20:49'),
(2175,'cbae560e-1c4b-11ef-9214-42010a8e0014',1,'2024-05-27 14:40:29','2024-05-27 14:40:29'),
(2176,'cbae6dbb-1c4b-11ef-9214-42010a8e0014',1,'2024-05-27 15:18:30','2024-05-27 15:18:30'),
(2177,'cbae073a-1c4b-11ef-9214-42010a8e0014',1,'2024-05-27 15:57:24','2024-05-27 15:57:24'),
(2178,'cbae073a-1c4b-11ef-9214-42010a8e0014',1,'2024-05-27 16:33:54','2024-05-27 16:33:54'),
(2179,'cbae6dbb-1c4b-11ef-9214-42010a8e0014',1,'2024-05-27 20:13:02','2024-05-27 20:13:02'),
(2180,'cbae6dbb-1c4b-11ef-9214-42010a8e0014',1,'2024-05-27 20:20:41','2024-05-27 20:20:41'),
(2181,'cbadffd1-1c4b-11ef-9214-42010a8e0014',1,'2024-05-27 20:24:57','2024-05-27 20:24:57'),
(2182,'cbae073a-1c4b-11ef-9214-42010a8e0014',1,'2024-05-27 20:45:07','2024-05-27 20:45:07'),
(2183,'cbae073a-1c4b-11ef-9214-42010a8e0014',1,'2024-05-27 21:04:52','2024-05-27 21:04:52'),
(2184,'cbadffd1-1c4b-11ef-9214-42010a8e0014',1,'2024-05-27 21:11:47','2024-05-27 21:11:47'),
(2185,'cbadffd1-1c4b-11ef-9214-42010a8e0014',1,'2024-05-27 21:17:42','2024-05-27 21:17:42'),
(2186,'cbadffd1-1c4b-11ef-9214-42010a8e0014',1,'2024-05-27 21:22:26','2024-05-27 21:22:26'),
(2188,'cbae073a-1c4b-11ef-9214-42010a8e0014',1,'2024-05-27 21:29:22','2024-05-27 21:29:22'),
(2189,'cbadffd1-1c4b-11ef-9214-42010a8e0014',1,'2024-05-27 21:33:22','2024-05-27 21:33:22'),
(2190,'cbae073a-1c4b-11ef-9214-42010a8e0014',1,'2024-05-27 21:36:46','2024-05-27 21:36:46'),
(2191,'cbadffd1-1c4b-11ef-9214-42010a8e0014',1,'2024-05-27 21:38:35','2024-05-27 21:38:35'),
(2192,'cbadffd1-1c4b-11ef-9214-42010a8e0014',1,'2024-05-27 21:38:35','2024-05-27 21:38:35'),
(2193,'cbadffd1-1c4b-11ef-9214-42010a8e0014',1,'2024-05-27 21:40:35','2024-05-27 21:40:35'),
(2194,'cbae073a-1c4b-11ef-9214-42010a8e0014',1,'2024-05-27 21:52:33','2024-05-27 21:52:33'),
(2195,'cbae073a-1c4b-11ef-9214-42010a8e0014',1,'2024-05-27 22:08:46','2024-05-27 22:08:46'),
(2196,'cbae073a-1c4b-11ef-9214-42010a8e0014',1,'2024-05-27 23:08:39','2024-05-27 23:08:39'),
(2197,'cbae073a-1c4b-11ef-9214-42010a8e0014',1,'2024-05-27 23:24:57','2024-05-27 23:24:57'),
(2198,'cbae4f01-1c4b-11ef-9214-42010a8e0014',1,'2024-05-28 01:54:18','2024-05-28 01:54:18'),
(2199,'cbae4f01-1c4b-11ef-9214-42010a8e0014',1,'2024-05-28 01:54:18','2024-05-28 01:54:18'),
(2200,'cbae4f01-1c4b-11ef-9214-42010a8e0014',1,'2024-05-28 02:13:10','2024-05-28 02:13:10'),
(2201,'cbae4f01-1c4b-11ef-9214-42010a8e0014',1,'2024-05-28 02:35:06','2024-05-28 02:35:06'),
(2202,'cbae4f01-1c4b-11ef-9214-42010a8e0014',1,'2024-05-28 02:35:06','2024-05-28 02:35:06'),
(2203,'cbae4f01-1c4b-11ef-9214-42010a8e0014',1,'2024-05-28 04:00:40','2024-05-28 04:00:40'),
(2204,'cbae4f01-1c4b-11ef-9214-42010a8e0014',1,'2024-05-28 04:07:07','2024-05-28 04:07:07'),
(2205,'cbae4f01-1c4b-11ef-9214-42010a8e0014',1,'2024-05-28 04:08:58','2024-05-28 04:08:58'),
(2206,'cbadffd1-1c4b-11ef-9214-42010a8e0014',1,'2024-05-28 12:45:10','2024-05-28 12:45:10'),
(2207,'cbadffd1-1c4b-11ef-9214-42010a8e0014',1,'2024-05-28 13:02:21','2024-05-28 13:02:21'),
(2208,'cbadffd1-1c4b-11ef-9214-42010a8e0014',1,'2024-05-28 13:08:46','2024-05-28 13:08:46'),
(2209,'cbadffd1-1c4b-11ef-9214-42010a8e0014',1,'2024-05-28 13:17:45','2024-05-28 13:17:45'),
(2210,'cbadffd1-1c4b-11ef-9214-42010a8e0014',1,'2024-05-28 13:53:38','2024-05-28 13:53:38'),
(2211,'cbadffd1-1c4b-11ef-9214-42010a8e0014',1,'2024-05-28 14:13:37','2024-05-28 14:13:37'),
(2212,'cbadffd1-1c4b-11ef-9214-42010a8e0014',1,'2024-05-28 14:36:24','2024-05-28 14:36:24'),
(2213,'cbae4f01-1c4b-11ef-9214-42010a8e0014',1,'2024-05-28 14:43:49','2024-05-28 14:43:49'),
(2214,'cbadffd1-1c4b-11ef-9214-42010a8e0014',1,'2024-05-28 15:10:35','2024-05-28 15:10:35'),
(2215,'cbadffd1-1c4b-11ef-9214-42010a8e0014',1,'2024-05-28 16:02:37','2024-05-28 16:02:37'),
(2216,'cbadffd1-1c4b-11ef-9214-42010a8e0014',1,'2024-05-28 17:00:52','2024-05-28 17:00:52'),
(2217,'cbae6dbb-1c4b-11ef-9214-42010a8e0014',1,'2024-05-28 17:06:55','2024-05-28 17:06:55'),
(2218,'cbae6dbb-1c4b-11ef-9214-42010a8e0014',1,'2024-05-28 17:18:22','2024-05-28 17:18:22'),
(2219,'cbadffd1-1c4b-11ef-9214-42010a8e0014',1,'2024-05-28 19:44:39','2024-05-28 19:44:39'),
(2220,'cbae073a-1c4b-11ef-9214-42010a8e0014',1,'2024-05-28 19:56:52','2024-05-28 19:56:52'),
(2221,'cbae073a-1c4b-11ef-9214-42010a8e0014',1,'2024-05-28 20:03:21','2024-05-28 20:03:21'),
(2222,'cbae073a-1c4b-11ef-9214-42010a8e0014',1,'2024-05-28 20:21:56','2024-05-28 20:21:56'),
(2223,'cbae073a-1c4b-11ef-9214-42010a8e0014',1,'2024-05-28 20:30:35','2024-05-28 20:30:35'),
(2224,'cbae073a-1c4b-11ef-9214-42010a8e0014',1,'2024-05-28 20:36:32','2024-05-28 20:36:32'),
(2225,'cbae073a-1c4b-11ef-9214-42010a8e0014',1,'2024-05-28 20:46:31','2024-05-28 20:46:31'),
(2226,'cbadffd1-1c4b-11ef-9214-42010a8e0014',1,'2024-05-28 20:56:44','2024-05-28 20:56:44'),
(2227,'cbae4f01-1c4b-11ef-9214-42010a8e0014',1,'2024-05-28 21:14:15','2024-05-28 21:14:15'),
(2228,'cbae0828-1c4b-11ef-9214-42010a8e0014',1,'2024-05-28 21:14:54','2024-05-28 21:14:54'),
(2229,'cbae08ce-1c4b-11ef-9214-42010a8e0014',1,'2024-05-28 21:15:01','2024-05-28 21:15:01'),
(2230,'cbae110b-1c4b-11ef-9214-42010a8e0014',1,'2024-05-28 21:15:07','2024-05-28 21:15:07'),
(2231,'cbae4f01-1c4b-11ef-9214-42010a8e0014',1,'2024-05-28 21:20:58','2024-05-28 21:20:58'),
(2232,'cbae4f01-1c4b-11ef-9214-42010a8e0014',1,'2024-05-28 21:22:31','2024-05-28 21:22:31'),
(2233,'cbae073a-1c4b-11ef-9214-42010a8e0014',1,'2024-05-28 21:31:20','2024-05-28 21:31:20'),
(2234,'cbadffd1-1c4b-11ef-9214-42010a8e0014',1,'2024-05-28 21:33:31','2024-05-28 21:33:31'),
(2235,'cbadffd1-1c4b-11ef-9214-42010a8e0014',1,'2024-05-28 21:49:26','2024-05-28 21:49:26'),
(2236,'cbae4f01-1c4b-11ef-9214-42010a8e0014',1,'2024-05-28 21:51:12','2024-05-28 21:51:12'),
(2237,'cbae610a-1c4b-11ef-9214-42010a8e0014',1,'2024-05-28 22:20:53','2024-05-28 22:20:53'),
(2238,'cbae4f01-1c4b-11ef-9214-42010a8e0014',1,'2024-05-28 22:26:32','2024-05-28 22:26:32'),
(2239,'cbae4f01-1c4b-11ef-9214-42010a8e0014',1,'2024-05-28 22:36:24','2024-05-28 22:36:24'),
(2240,'cbae4f01-1c4b-11ef-9214-42010a8e0014',1,'2024-05-28 22:43:30','2024-05-28 22:43:30'),
(2241,'cbae4f01-1c4b-11ef-9214-42010a8e0014',1,'2024-05-28 22:45:30','2024-05-28 22:45:30'),
(2242,'cbae4f01-1c4b-11ef-9214-42010a8e0014',1,'2024-05-28 22:54:31','2024-05-28 22:54:31'),
(2243,'cbae4f01-1c4b-11ef-9214-42010a8e0014',1,'2024-05-28 23:19:53','2024-05-28 23:19:53'),
(2244,'cbae4f01-1c4b-11ef-9214-42010a8e0014',1,'2024-05-28 23:55:34','2024-05-28 23:55:34'),
(2245,'cbae56cd-1c4b-11ef-9214-42010a8e0014',1,'2024-05-29 00:19:26','2024-05-29 00:19:26'),
(2246,'cbae56cd-1c4b-11ef-9214-42010a8e0014',1,'2024-05-29 00:21:52','2024-05-29 00:21:52'),
(2247,'cbae56cd-1c4b-11ef-9214-42010a8e0014',1,'2024-05-29 00:22:58','2024-05-29 00:22:58'),
(2248,'cbae4f01-1c4b-11ef-9214-42010a8e0014',1,'2024-05-29 01:15:19','2024-05-29 01:15:19'),
(2249,'cbae4f01-1c4b-11ef-9214-42010a8e0014',1,'2024-05-29 01:17:58','2024-05-29 01:17:58'),
(2250,'cbae4f01-1c4b-11ef-9214-42010a8e0014',1,'2024-05-29 01:39:47','2024-05-29 01:39:47'),
(2251,'cbae4f01-1c4b-11ef-9214-42010a8e0014',1,'2024-05-29 01:57:53','2024-05-29 01:57:53'),
(2252,'cbae4f01-1c4b-11ef-9214-42010a8e0014',1,'2024-05-29 02:47:30','2024-05-29 02:47:30'),
(2253,'cbae4f01-1c4b-11ef-9214-42010a8e0014',1,'2024-05-29 03:10:35','2024-05-29 03:10:35'),
(2254,'cbae4f01-1c4b-11ef-9214-42010a8e0014',1,'2024-05-29 04:31:08','2024-05-29 04:31:08'),
(2255,'cbae4f01-1c4b-11ef-9214-42010a8e0014',1,'2024-05-29 05:33:35','2024-05-29 05:33:35'),
(2256,'cbae110b-1c4b-11ef-9214-42010a8e0014',1,'2024-05-29 12:48:48','2024-05-29 12:48:48'),
(2257,'cbadffd1-1c4b-11ef-9214-42010a8e0014',1,'2024-05-29 12:57:17','2024-05-29 12:57:17'),
(2258,'cbae6391-1c4b-11ef-9214-42010a8e0014',1,'2024-05-29 13:03:50','2024-05-29 13:03:50'),
(2259,'cbae6391-1c4b-11ef-9214-42010a8e0014',1,'2024-05-29 13:06:51','2024-05-29 13:06:51'),
(2260,'cbae52c9-1c4b-11ef-9214-42010a8e0014',1,'2024-05-29 13:41:42','2024-05-29 13:41:42'),
(2261,'cbadffd1-1c4b-11ef-9214-42010a8e0014',1,'2024-05-29 13:59:30','2024-05-29 13:59:30'),
(2262,'cbae073a-1c4b-11ef-9214-42010a8e0014',1,'2024-05-29 14:04:36','2024-05-29 14:04:36'),
(2263,'cbae073a-1c4b-11ef-9214-42010a8e0014',1,'2024-05-29 14:07:46','2024-05-29 14:07:46'),
(2264,'cbadffd1-1c4b-11ef-9214-42010a8e0014',1,'2024-05-29 14:08:03','2024-05-29 14:08:03'),
(2265,'cbadffd1-1c4b-11ef-9214-42010a8e0014',1,'2024-05-29 14:13:36','2024-05-29 14:13:36'),
(2266,'cbae52c9-1c4b-11ef-9214-42010a8e0014',1,'2024-05-29 14:17:10','2024-05-29 14:17:10'),
(2267,'cbadffd1-1c4b-11ef-9214-42010a8e0014',1,'2024-05-29 14:19:18','2024-05-29 14:19:18'),
(2268,'cbadffd1-1c4b-11ef-9214-42010a8e0014',1,'2024-05-29 14:39:06','2024-05-29 14:39:06'),
(2269,'cbadffd1-1c4b-11ef-9214-42010a8e0014',1,'2024-05-29 14:54:25','2024-05-29 14:54:25'),
(2270,'cbadffd1-1c4b-11ef-9214-42010a8e0014',1,'2024-05-29 15:06:02','2024-05-29 15:06:02'),
(2271,'cbae6391-1c4b-11ef-9214-42010a8e0014',1,'2024-05-29 15:15:11','2024-05-29 15:15:11'),
(2272,'cbae073a-1c4b-11ef-9214-42010a8e0014',1,'2024-05-29 15:24:35','2024-05-29 15:24:35'),
(2273,'cbae073a-1c4b-11ef-9214-42010a8e0014',1,'2024-05-29 15:25:22','2024-05-29 15:25:22'),
(2274,'cbae073a-1c4b-11ef-9214-42010a8e0014',1,'2024-05-29 15:25:27','2024-05-29 15:25:27'),
(2275,'cbadffd1-1c4b-11ef-9214-42010a8e0014',1,'2024-05-29 15:47:02','2024-05-29 15:47:02'),
(2276,'cbae2b96-1c4b-11ef-9214-42010a8e0014',1,'2024-05-29 15:48:00','2024-05-29 15:48:00'),
(2277,'cbadffd1-1c4b-11ef-9214-42010a8e0014',1,'2024-05-29 15:48:23','2024-05-29 15:48:23'),
(2278,'cbae4f01-1c4b-11ef-9214-42010a8e0014',1,'2024-05-29 15:49:56','2024-05-29 15:49:56'),
(2279,'cbae2b96-1c4b-11ef-9214-42010a8e0014',1,'2024-05-29 15:53:40','2024-05-29 15:53:40'),
(2280,'cbadffd1-1c4b-11ef-9214-42010a8e0014',1,'2024-05-29 15:53:55','2024-05-29 15:53:55'),
(2281,'cbae4f01-1c4b-11ef-9214-42010a8e0014',1,'2024-05-29 15:54:34','2024-05-29 15:54:34'),
(2282,'cbae4f01-1c4b-11ef-9214-42010a8e0014',1,'2024-05-29 16:00:22','2024-05-29 16:00:22'),
(2283,'cbae4f01-1c4b-11ef-9214-42010a8e0014',1,'2024-05-29 16:01:43','2024-05-29 16:01:43'),
(2284,'cbae4f01-1c4b-11ef-9214-42010a8e0014',1,'2024-05-29 16:08:10','2024-05-29 16:08:10'),
(2285,'cbae2b96-1c4b-11ef-9214-42010a8e0014',1,'2024-05-29 16:13:53','2024-05-29 16:13:53'),
(2286,'cbae4f01-1c4b-11ef-9214-42010a8e0014',1,'2024-05-29 16:16:02','2024-05-29 16:16:02'),
(2287,'cbadffd1-1c4b-11ef-9214-42010a8e0014',1,'2024-05-29 16:16:59','2024-05-29 16:16:59'),
(2288,'cbadffd1-1c4b-11ef-9214-42010a8e0014',1,'2024-05-29 16:20:04','2024-05-29 16:20:04'),
(2289,'cbadffd1-1c4b-11ef-9214-42010a8e0014',1,'2024-05-29 16:22:25','2024-05-29 16:22:25'),
(2290,'cbae4f01-1c4b-11ef-9214-42010a8e0014',1,'2024-05-29 16:22:58','2024-05-29 16:22:58'),
(2291,'cbadffd1-1c4b-11ef-9214-42010a8e0014',1,'2024-05-29 16:24:24','2024-05-29 16:24:24'),
(2292,'cbae4f01-1c4b-11ef-9214-42010a8e0014',1,'2024-05-29 16:27:43','2024-05-29 16:27:43'),
(2293,'cbae4f01-1c4b-11ef-9214-42010a8e0014',1,'2024-05-29 16:36:22','2024-05-29 16:36:22'),
(2294,'cbae073a-1c4b-11ef-9214-42010a8e0014',1,'2024-05-29 16:37:43','2024-05-29 16:37:43'),
(2295,'cbae4f01-1c4b-11ef-9214-42010a8e0014',1,'2024-05-29 16:49:05','2024-05-29 16:49:05'),
(2296,'cbae073a-1c4b-11ef-9214-42010a8e0014',1,'2024-05-29 17:13:25','2024-05-29 17:13:25'),
(2297,'cbae4f01-1c4b-11ef-9214-42010a8e0014',1,'2024-05-29 17:23:10','2024-05-29 17:23:10'),
(2298,'cbae4f01-1c4b-11ef-9214-42010a8e0014',1,'2024-05-29 17:29:13','2024-05-29 17:29:13'),
(2299,'cbae073a-1c4b-11ef-9214-42010a8e0014',1,'2024-05-29 17:58:04','2024-05-29 17:58:04'),
(2300,'cbae4f01-1c4b-11ef-9214-42010a8e0014',1,'2024-05-29 17:59:39','2024-05-29 17:59:39'),
(2301,'cbae4f01-1c4b-11ef-9214-42010a8e0014',1,'2024-05-29 17:59:40','2024-05-29 17:59:40'),
(2302,'cbae4f01-1c4b-11ef-9214-42010a8e0014',1,'2024-05-29 18:03:06','2024-05-29 18:03:06'),
(2303,'cbae0828-1c4b-11ef-9214-42010a8e0014',1,'2024-05-29 18:09:52','2024-05-29 18:09:52'),
(2304,'cbadffd1-1c4b-11ef-9214-42010a8e0014',1,'2024-05-29 18:10:23','2024-05-29 18:10:23'),
(2305,'cbae2b96-1c4b-11ef-9214-42010a8e0014',1,'2024-05-29 18:11:27','2024-05-29 18:11:27'),
(2306,'cbae0828-1c4b-11ef-9214-42010a8e0014',1,'2024-05-29 18:11:40','2024-05-29 18:11:40'),
(2307,'cbadffd1-1c4b-11ef-9214-42010a8e0014',1,'2024-05-29 18:12:02','2024-05-29 18:12:02'),
(2308,'cbae610a-1c4b-11ef-9214-42010a8e0014',1,'2024-05-29 18:20:18','2024-05-29 18:20:18'),
(2309,'cbae4f01-1c4b-11ef-9214-42010a8e0014',1,'2024-05-29 18:27:43','2024-05-29 18:27:43'),
(2310,'cbadffd1-1c4b-11ef-9214-42010a8e0014',1,'2024-05-29 18:41:06','2024-05-29 18:41:06'),
(2311,'cbae4f01-1c4b-11ef-9214-42010a8e0014',1,'2024-05-29 18:55:26','2024-05-29 18:55:26'),
(2312,'cbae4f01-1c4b-11ef-9214-42010a8e0014',1,'2024-05-29 19:03:53','2024-05-29 19:03:53'),
(2313,'cbae4f01-1c4b-11ef-9214-42010a8e0014',1,'2024-05-29 19:08:18','2024-05-29 19:08:18'),
(2314,'cbae4f01-1c4b-11ef-9214-42010a8e0014',1,'2024-05-29 19:09:55','2024-05-29 19:09:55'),
(2315,'cbae4f01-1c4b-11ef-9214-42010a8e0014',1,'2024-05-29 19:20:53','2024-05-29 19:20:53'),
(2316,'cbae4f01-1c4b-11ef-9214-42010a8e0014',1,'2024-05-29 19:36:42','2024-05-29 19:36:42'),
(2317,'cbadffd1-1c4b-11ef-9214-42010a8e0014',1,'2024-05-29 19:42:59','2024-05-29 19:42:59'),
(2318,'cbae4f01-1c4b-11ef-9214-42010a8e0014',1,'2024-05-29 19:43:48','2024-05-29 19:43:48'),
(2319,'cbae110b-1c4b-11ef-9214-42010a8e0014',1,'2024-05-29 19:50:17','2024-05-29 19:50:17'),
(2320,'cbae073a-1c4b-11ef-9214-42010a8e0014',1,'2024-05-29 19:50:48','2024-05-29 19:50:48'),
(2321,'cbae1323-1c4b-11ef-9214-42010a8e0014',1,'2024-05-29 19:51:04','2024-05-29 19:51:04'),
(2322,'cbae110b-1c4b-11ef-9214-42010a8e0014',1,'2024-05-29 19:58:02','2024-05-29 19:58:02'),
(2323,'cbae073a-1c4b-11ef-9214-42010a8e0014',1,'2024-05-29 20:03:52','2024-05-29 20:03:52'),
(2324,'cbae073a-1c4b-11ef-9214-42010a8e0014',1,'2024-05-29 20:16:49','2024-05-29 20:16:49'),
(2325,'cbadffd1-1c4b-11ef-9214-42010a8e0014',1,'2024-05-29 20:30:49','2024-05-29 20:30:49'),
(2326,'cbae4f01-1c4b-11ef-9214-42010a8e0014',1,'2024-05-29 20:47:09','2024-05-29 20:47:09'),
(2327,'7e85ee9f-1394-4025-9fcf-2d3b7fd14222',1,'2024-05-29 20:47:10','2024-05-29 20:47:10'),
(2328,'7e85ee9f-1394-4025-9fcf-2d3b7fd14222',1,'2024-05-29 20:47:50','2024-05-29 20:47:50'),
(2329,'7e85ee9f-1394-4025-9fcf-2d3b7fd14222',1,'2024-05-29 20:48:13','2024-05-29 20:48:13'),
(2330,'cbae073a-1c4b-11ef-9214-42010a8e0014',1,'2024-05-29 20:48:24','2024-05-29 20:48:24'),
(2331,'7e85ee9f-1394-4025-9fcf-2d3b7fd14222',1,'2024-05-29 20:51:24','2024-05-29 20:51:24'),
(2332,'cbadffd1-1c4b-11ef-9214-42010a8e0014',1,'2024-05-29 20:52:56','2024-05-29 20:52:56'),
(2333,'cbae4f01-1c4b-11ef-9214-42010a8e0014',1,'2024-05-29 20:59:35','2024-05-29 20:59:35'),
(2334,'cbae073a-1c4b-11ef-9214-42010a8e0014',1,'2024-05-29 21:02:26','2024-05-29 21:02:26'),
(2335,'cbae4f01-1c4b-11ef-9214-42010a8e0014',1,'2024-05-29 21:30:54','2024-05-29 21:30:54'),
(2336,'cbae4f01-1c4b-11ef-9214-42010a8e0014',1,'2024-05-29 21:48:17','2024-05-29 21:48:17'),
(2337,'cbae4f01-1c4b-11ef-9214-42010a8e0014',1,'2024-05-29 21:48:18','2024-05-29 21:48:18'),
(2338,'cbae4f01-1c4b-11ef-9214-42010a8e0014',1,'2024-05-29 21:54:51','2024-05-29 21:54:51'),
(2339,'cbae4f01-1c4b-11ef-9214-42010a8e0014',1,'2024-05-29 21:56:48','2024-05-29 21:56:48'),
(2340,'cbae4f01-1c4b-11ef-9214-42010a8e0014',1,'2024-05-29 21:56:48','2024-05-29 21:56:48'),
(2341,'cbae4f01-1c4b-11ef-9214-42010a8e0014',1,'2024-05-29 21:57:47','2024-05-29 21:57:47'),
(2342,'cbae4811-1c4b-11ef-9214-42010a8e0014',1,'2024-05-29 22:00:14','2024-05-29 22:00:14'),
(2343,'cbae4811-1c4b-11ef-9214-42010a8e0014',1,'2024-05-29 22:01:14','2024-05-29 22:01:14'),
(2344,'cbae4f01-1c4b-11ef-9214-42010a8e0014',1,'2024-05-29 23:17:19','2024-05-29 23:17:19'),
(2345,'cbae4f01-1c4b-11ef-9214-42010a8e0014',1,'2024-05-29 23:23:12','2024-05-29 23:23:12'),
(2346,'cbae4f01-1c4b-11ef-9214-42010a8e0014',1,'2024-05-29 23:26:30','2024-05-29 23:26:30'),
(2347,'cbae4f01-1c4b-11ef-9214-42010a8e0014',1,'2024-05-29 23:28:12','2024-05-29 23:28:12'),
(2348,'cbae073a-1c4b-11ef-9214-42010a8e0014',1,'2024-05-30 00:23:19','2024-05-30 00:23:19'),
(2349,'cbae4f01-1c4b-11ef-9214-42010a8e0014',1,'2024-05-30 00:28:42','2024-05-30 00:28:42'),
(2350,'cbae4f01-1c4b-11ef-9214-42010a8e0014',1,'2024-05-30 00:57:26','2024-05-30 00:57:26'),
(2351,'cbae4f01-1c4b-11ef-9214-42010a8e0014',1,'2024-05-30 01:14:18','2024-05-30 01:14:18'),
(2352,'cbae6391-1c4b-11ef-9214-42010a8e0014',1,'2024-05-30 01:26:26','2024-05-30 01:26:26'),
(2353,'cbae6391-1c4b-11ef-9214-42010a8e0014',1,'2024-05-30 01:29:00','2024-05-30 01:29:00'),
(2354,'cbadffd1-1c4b-11ef-9214-42010a8e0014',1,'2024-05-30 01:33:13','2024-05-30 01:33:13'),
(2355,'cbadffd1-1c4b-11ef-9214-42010a8e0014',1,'2024-05-30 01:39:27','2024-05-30 01:39:27'),
(2356,'cbadffd1-1c4b-11ef-9214-42010a8e0014',1,'2024-05-30 02:02:08','2024-05-30 02:02:08'),
(2357,'cbae6654-1c4b-11ef-9214-42010a8e0014',1,'2024-05-30 02:07:17','2024-05-30 02:07:17'),
(2358,'cbadffd1-1c4b-11ef-9214-42010a8e0014',1,'2024-05-30 02:10:25','2024-05-30 02:10:25'),
(2359,'cbadffd1-1c4b-11ef-9214-42010a8e0014',1,'2024-05-30 02:10:25','2024-05-30 02:10:25'),
(2360,'cbadffd1-1c4b-11ef-9214-42010a8e0014',1,'2024-05-30 02:10:25','2024-05-30 02:10:25'),
(2361,'cbadffd1-1c4b-11ef-9214-42010a8e0014',1,'2024-05-30 02:10:25','2024-05-30 02:10:25'),
(2362,'cbadffd1-1c4b-11ef-9214-42010a8e0014',1,'2024-05-30 02:10:26','2024-05-30 02:10:26'),
(2363,'cbadffd1-1c4b-11ef-9214-42010a8e0014',1,'2024-05-30 02:10:26','2024-05-30 02:10:26'),
(2364,'cbadffd1-1c4b-11ef-9214-42010a8e0014',1,'2024-05-30 02:10:26','2024-05-30 02:10:26'),
(2365,'cbadffd1-1c4b-11ef-9214-42010a8e0014',1,'2024-05-30 02:10:27','2024-05-30 02:10:27'),
(2366,'cbadffd1-1c4b-11ef-9214-42010a8e0014',1,'2024-05-30 02:10:27','2024-05-30 02:10:27'),
(2367,'cbadffd1-1c4b-11ef-9214-42010a8e0014',1,'2024-05-30 02:10:28','2024-05-30 02:10:28'),
(2368,'cbadffd1-1c4b-11ef-9214-42010a8e0014',1,'2024-05-30 02:10:28','2024-05-30 02:10:28'),
(2369,'cbadffd1-1c4b-11ef-9214-42010a8e0014',1,'2024-05-30 02:10:29','2024-05-30 02:10:29'),
(2370,'cbadffd1-1c4b-11ef-9214-42010a8e0014',1,'2024-05-30 02:10:30','2024-05-30 02:10:30'),
(2371,'cbadffd1-1c4b-11ef-9214-42010a8e0014',1,'2024-05-30 02:10:30','2024-05-30 02:10:30'),
(2372,'cbadffd1-1c4b-11ef-9214-42010a8e0014',1,'2024-05-30 02:10:30','2024-05-30 02:10:30'),
(2373,'cbadffd1-1c4b-11ef-9214-42010a8e0014',1,'2024-05-30 02:10:32','2024-05-30 02:10:32'),
(2374,'cbadffd1-1c4b-11ef-9214-42010a8e0014',1,'2024-05-30 02:10:32','2024-05-30 02:10:32'),
(2375,'cbadffd1-1c4b-11ef-9214-42010a8e0014',1,'2024-05-30 02:10:33','2024-05-30 02:10:33'),
(2376,'cbadffd1-1c4b-11ef-9214-42010a8e0014',1,'2024-05-30 02:10:33','2024-05-30 02:10:33'),
(2377,'cbadffd1-1c4b-11ef-9214-42010a8e0014',1,'2024-05-30 02:10:33','2024-05-30 02:10:33'),
(2378,'cbadffd1-1c4b-11ef-9214-42010a8e0014',1,'2024-05-30 02:10:33','2024-05-30 02:10:33'),
(2379,'cbadffd1-1c4b-11ef-9214-42010a8e0014',1,'2024-05-30 02:10:34','2024-05-30 02:10:34'),
(2380,'cbadffd1-1c4b-11ef-9214-42010a8e0014',1,'2024-05-30 02:10:34','2024-05-30 02:10:34'),
(2381,'cbadffd1-1c4b-11ef-9214-42010a8e0014',1,'2024-05-30 02:10:35','2024-05-30 02:10:35'),
(2382,'cbadffd1-1c4b-11ef-9214-42010a8e0014',1,'2024-05-30 02:10:35','2024-05-30 02:10:35'),
(2383,'cbadffd1-1c4b-11ef-9214-42010a8e0014',1,'2024-05-30 02:10:36','2024-05-30 02:10:36'),
(2384,'cbadffd1-1c4b-11ef-9214-42010a8e0014',1,'2024-05-30 02:10:36','2024-05-30 02:10:36'),
(2385,'cbadffd1-1c4b-11ef-9214-42010a8e0014',1,'2024-05-30 02:10:37','2024-05-30 02:10:37'),
(2386,'cbadffd1-1c4b-11ef-9214-42010a8e0014',1,'2024-05-30 02:10:37','2024-05-30 02:10:37'),
(2387,'cbadffd1-1c4b-11ef-9214-42010a8e0014',1,'2024-05-30 02:10:38','2024-05-30 02:10:38'),
(2388,'cbadffd1-1c4b-11ef-9214-42010a8e0014',1,'2024-05-30 02:10:39','2024-05-30 02:10:39'),
(2389,'cbadffd1-1c4b-11ef-9214-42010a8e0014',1,'2024-05-30 02:10:39','2024-05-30 02:10:39'),
(2390,'cbadffd1-1c4b-11ef-9214-42010a8e0014',1,'2024-05-30 02:10:40','2024-05-30 02:10:40'),
(2391,'cbadffd1-1c4b-11ef-9214-42010a8e0014',1,'2024-05-30 02:10:40','2024-05-30 02:10:40'),
(2392,'cbadffd1-1c4b-11ef-9214-42010a8e0014',1,'2024-05-30 02:10:41','2024-05-30 02:10:41'),
(2393,'cbadffd1-1c4b-11ef-9214-42010a8e0014',1,'2024-05-30 02:10:42','2024-05-30 02:10:42'),
(2394,'cbadffd1-1c4b-11ef-9214-42010a8e0014',1,'2024-05-30 02:10:43','2024-05-30 02:10:43'),
(2395,'cbadffd1-1c4b-11ef-9214-42010a8e0014',1,'2024-05-30 02:10:43','2024-05-30 02:10:43'),
(2396,'cbadffd1-1c4b-11ef-9214-42010a8e0014',1,'2024-05-30 02:10:43','2024-05-30 02:10:43'),
(2397,'cbadffd1-1c4b-11ef-9214-42010a8e0014',1,'2024-05-30 02:10:43','2024-05-30 02:10:43'),
(2398,'cbadffd1-1c4b-11ef-9214-42010a8e0014',1,'2024-05-30 02:12:30','2024-05-30 02:12:30'),
(2399,'cbadffd1-1c4b-11ef-9214-42010a8e0014',1,'2024-05-30 02:16:57','2024-05-30 02:16:57'),
(2400,'cbadffd1-1c4b-11ef-9214-42010a8e0014',1,'2024-05-30 02:17:00','2024-05-30 02:17:00'),
(2401,'cbadffd1-1c4b-11ef-9214-42010a8e0014',1,'2024-05-30 02:17:00','2024-05-30 02:17:00'),
(2402,'cbadffd1-1c4b-11ef-9214-42010a8e0014',1,'2024-05-30 02:17:00','2024-05-30 02:17:00'),
(2403,'cbadffd1-1c4b-11ef-9214-42010a8e0014',1,'2024-05-30 02:17:02','2024-05-30 02:17:02'),
(2404,'cbadffd1-1c4b-11ef-9214-42010a8e0014',1,'2024-05-30 02:17:02','2024-05-30 02:17:02'),
(2405,'cbadffd1-1c4b-11ef-9214-42010a8e0014',1,'2024-05-30 02:17:03','2024-05-30 02:17:03'),
(2406,'cbadffd1-1c4b-11ef-9214-42010a8e0014',1,'2024-05-30 02:17:03','2024-05-30 02:17:03'),
(2407,'cbadffd1-1c4b-11ef-9214-42010a8e0014',1,'2024-05-30 02:17:03','2024-05-30 02:17:03'),
(2408,'cbadffd1-1c4b-11ef-9214-42010a8e0014',1,'2024-05-30 02:17:03','2024-05-30 02:17:03'),
(2409,'cbadffd1-1c4b-11ef-9214-42010a8e0014',1,'2024-05-30 02:17:03','2024-05-30 02:17:03'),
(2410,'cbadffd1-1c4b-11ef-9214-42010a8e0014',1,'2024-05-30 02:17:03','2024-05-30 02:17:03'),
(2411,'cbadffd1-1c4b-11ef-9214-42010a8e0014',1,'2024-05-30 02:17:03','2024-05-30 02:17:03'),
(2412,'cbadffd1-1c4b-11ef-9214-42010a8e0014',1,'2024-05-30 02:17:03','2024-05-30 02:17:03'),
(2413,'cbadffd1-1c4b-11ef-9214-42010a8e0014',1,'2024-05-30 02:17:04','2024-05-30 02:17:04'),
(2414,'cbadffd1-1c4b-11ef-9214-42010a8e0014',1,'2024-05-30 02:17:04','2024-05-30 02:17:04'),
(2415,'cbadffd1-1c4b-11ef-9214-42010a8e0014',1,'2024-05-30 02:17:04','2024-05-30 02:17:04'),
(2416,'cbadffd1-1c4b-11ef-9214-42010a8e0014',1,'2024-05-30 02:17:04','2024-05-30 02:17:04'),
(2417,'cbadffd1-1c4b-11ef-9214-42010a8e0014',1,'2024-05-30 02:17:04','2024-05-30 02:17:04'),
(2418,'cbadffd1-1c4b-11ef-9214-42010a8e0014',1,'2024-05-30 02:17:04','2024-05-30 02:17:04'),
(2419,'cbadffd1-1c4b-11ef-9214-42010a8e0014',1,'2024-05-30 02:17:04','2024-05-30 02:17:04'),
(2420,'cbadffd1-1c4b-11ef-9214-42010a8e0014',1,'2024-05-30 02:17:04','2024-05-30 02:17:04'),
(2421,'cbadffd1-1c4b-11ef-9214-42010a8e0014',1,'2024-05-30 02:17:04','2024-05-30 02:17:04'),
(2422,'cbadffd1-1c4b-11ef-9214-42010a8e0014',1,'2024-05-30 02:17:04','2024-05-30 02:17:04'),
(2423,'cbadffd1-1c4b-11ef-9214-42010a8e0014',1,'2024-05-30 02:17:04','2024-05-30 02:17:04'),
(2424,'cbadffd1-1c4b-11ef-9214-42010a8e0014',1,'2024-05-30 02:17:04','2024-05-30 02:17:04'),
(2425,'cbadffd1-1c4b-11ef-9214-42010a8e0014',1,'2024-05-30 02:17:05','2024-05-30 02:17:05'),
(2426,'cbadffd1-1c4b-11ef-9214-42010a8e0014',1,'2024-05-30 02:17:05','2024-05-30 02:17:05'),
(2427,'cbadffd1-1c4b-11ef-9214-42010a8e0014',1,'2024-05-30 02:17:05','2024-05-30 02:17:05'),
(2428,'cbadffd1-1c4b-11ef-9214-42010a8e0014',1,'2024-05-30 02:17:05','2024-05-30 02:17:05'),
(2429,'cbadffd1-1c4b-11ef-9214-42010a8e0014',1,'2024-05-30 02:17:05','2024-05-30 02:17:05'),
(2430,'cbadffd1-1c4b-11ef-9214-42010a8e0014',1,'2024-05-30 02:17:05','2024-05-30 02:17:05'),
(2431,'cbadffd1-1c4b-11ef-9214-42010a8e0014',1,'2024-05-30 02:17:05','2024-05-30 02:17:05'),
(2432,'cbadffd1-1c4b-11ef-9214-42010a8e0014',1,'2024-05-30 02:17:05','2024-05-30 02:17:05'),
(2433,'cbadffd1-1c4b-11ef-9214-42010a8e0014',1,'2024-05-30 02:17:05','2024-05-30 02:17:05'),
(2434,'cbadffd1-1c4b-11ef-9214-42010a8e0014',1,'2024-05-30 02:17:05','2024-05-30 02:17:05'),
(2435,'cbadffd1-1c4b-11ef-9214-42010a8e0014',1,'2024-05-30 02:17:05','2024-05-30 02:17:05'),
(2436,'cbadffd1-1c4b-11ef-9214-42010a8e0014',1,'2024-05-30 02:17:06','2024-05-30 02:17:06'),
(2437,'cbadffd1-1c4b-11ef-9214-42010a8e0014',1,'2024-05-30 02:17:06','2024-05-30 02:17:06'),
(2438,'cbadffd1-1c4b-11ef-9214-42010a8e0014',1,'2024-05-30 02:17:06','2024-05-30 02:17:06'),
(2439,'cbadffd1-1c4b-11ef-9214-42010a8e0014',1,'2024-05-30 02:17:06','2024-05-30 02:17:06'),
(2440,'cbadffd1-1c4b-11ef-9214-42010a8e0014',1,'2024-05-30 02:17:06','2024-05-30 02:17:06'),
(2441,'cbadffd1-1c4b-11ef-9214-42010a8e0014',1,'2024-05-30 02:17:06','2024-05-30 02:17:06'),
(2442,'cbadffd1-1c4b-11ef-9214-42010a8e0014',1,'2024-05-30 02:17:06','2024-05-30 02:17:06'),
(2443,'cbadffd1-1c4b-11ef-9214-42010a8e0014',1,'2024-05-30 02:17:06','2024-05-30 02:17:06'),
(2444,'cbadffd1-1c4b-11ef-9214-42010a8e0014',1,'2024-05-30 02:17:06','2024-05-30 02:17:06'),
(2445,'cbadffd1-1c4b-11ef-9214-42010a8e0014',1,'2024-05-30 02:17:06','2024-05-30 02:17:06'),
(2446,'cbadffd1-1c4b-11ef-9214-42010a8e0014',1,'2024-05-30 02:17:06','2024-05-30 02:17:06'),
(2447,'cbadffd1-1c4b-11ef-9214-42010a8e0014',1,'2024-05-30 02:17:06','2024-05-30 02:17:06'),
(2448,'cbadffd1-1c4b-11ef-9214-42010a8e0014',1,'2024-05-30 02:17:06','2024-05-30 02:17:06'),
(2449,'cbadffd1-1c4b-11ef-9214-42010a8e0014',1,'2024-05-30 02:17:06','2024-05-30 02:17:06'),
(2450,'cbadffd1-1c4b-11ef-9214-42010a8e0014',1,'2024-05-30 02:17:06','2024-05-30 02:17:06'),
(2451,'cbadffd1-1c4b-11ef-9214-42010a8e0014',1,'2024-05-30 02:17:06','2024-05-30 02:17:06'),
(2452,'cbadffd1-1c4b-11ef-9214-42010a8e0014',1,'2024-05-30 02:17:06','2024-05-30 02:17:06'),
(2453,'cbadffd1-1c4b-11ef-9214-42010a8e0014',1,'2024-05-30 02:17:06','2024-05-30 02:17:06'),
(2454,'cbadffd1-1c4b-11ef-9214-42010a8e0014',1,'2024-05-30 02:17:06','2024-05-30 02:17:06'),
(2455,'cbadffd1-1c4b-11ef-9214-42010a8e0014',1,'2024-05-30 02:17:08','2024-05-30 02:17:08'),
(2456,'cbadffd1-1c4b-11ef-9214-42010a8e0014',1,'2024-05-30 02:17:08','2024-05-30 02:17:08'),
(2457,'cbadffd1-1c4b-11ef-9214-42010a8e0014',1,'2024-05-30 02:17:08','2024-05-30 02:17:08'),
(2458,'cbadffd1-1c4b-11ef-9214-42010a8e0014',1,'2024-05-30 02:17:08','2024-05-30 02:17:08'),
(2459,'cbadffd1-1c4b-11ef-9214-42010a8e0014',1,'2024-05-30 02:17:08','2024-05-30 02:17:08'),
(2460,'cbadffd1-1c4b-11ef-9214-42010a8e0014',1,'2024-05-30 02:17:08','2024-05-30 02:17:08'),
(2461,'cbadffd1-1c4b-11ef-9214-42010a8e0014',1,'2024-05-30 02:17:08','2024-05-30 02:17:08'),
(2462,'cbadffd1-1c4b-11ef-9214-42010a8e0014',1,'2024-05-30 02:17:09','2024-05-30 02:17:09'),
(2463,'cbadffd1-1c4b-11ef-9214-42010a8e0014',1,'2024-05-30 02:17:09','2024-05-30 02:17:09'),
(2464,'cbadffd1-1c4b-11ef-9214-42010a8e0014',1,'2024-05-30 02:17:09','2024-05-30 02:17:09'),
(2465,'cbadffd1-1c4b-11ef-9214-42010a8e0014',1,'2024-05-30 02:17:09','2024-05-30 02:17:09'),
(2466,'cbadffd1-1c4b-11ef-9214-42010a8e0014',1,'2024-05-30 02:17:09','2024-05-30 02:17:09'),
(2467,'cbadffd1-1c4b-11ef-9214-42010a8e0014',1,'2024-05-30 02:17:09','2024-05-30 02:17:09'),
(2468,'cbadffd1-1c4b-11ef-9214-42010a8e0014',1,'2024-05-30 02:17:09','2024-05-30 02:17:09'),
(2469,'cbadffd1-1c4b-11ef-9214-42010a8e0014',1,'2024-05-30 02:18:30','2024-05-30 02:18:30'),
(2470,'cbadffd1-1c4b-11ef-9214-42010a8e0014',1,'2024-05-30 02:18:30','2024-05-30 02:18:30'),
(2471,'cbadffd1-1c4b-11ef-9214-42010a8e0014',1,'2024-05-30 02:18:30','2024-05-30 02:18:30'),
(2472,'cbadffd1-1c4b-11ef-9214-42010a8e0014',1,'2024-05-30 02:18:31','2024-05-30 02:18:31'),
(2473,'cbadffd1-1c4b-11ef-9214-42010a8e0014',1,'2024-05-30 02:18:32','2024-05-30 02:18:32'),
(2474,'cbadffd1-1c4b-11ef-9214-42010a8e0014',1,'2024-05-30 02:18:33','2024-05-30 02:18:33'),
(2475,'cbadffd1-1c4b-11ef-9214-42010a8e0014',1,'2024-05-30 02:18:34','2024-05-30 02:18:34'),
(2476,'cbadffd1-1c4b-11ef-9214-42010a8e0014',1,'2024-05-30 02:18:35','2024-05-30 02:18:35'),
(2477,'cbadffd1-1c4b-11ef-9214-42010a8e0014',1,'2024-05-30 02:18:38','2024-05-30 02:18:38'),
(2478,'cbadffd1-1c4b-11ef-9214-42010a8e0014',1,'2024-05-30 02:18:38','2024-05-30 02:18:38'),
(2479,'cbadffd1-1c4b-11ef-9214-42010a8e0014',1,'2024-05-30 02:18:38','2024-05-30 02:18:38'),
(2480,'cbadffd1-1c4b-11ef-9214-42010a8e0014',1,'2024-05-30 02:18:39','2024-05-30 02:18:39'),
(2481,'cbadffd1-1c4b-11ef-9214-42010a8e0014',1,'2024-05-30 02:18:40','2024-05-30 02:18:40'),
(2482,'cbadffd1-1c4b-11ef-9214-42010a8e0014',1,'2024-05-30 02:18:41','2024-05-30 02:18:41'),
(2483,'cbadffd1-1c4b-11ef-9214-42010a8e0014',1,'2024-05-30 02:18:42','2024-05-30 02:18:42'),
(2484,'cbadffd1-1c4b-11ef-9214-42010a8e0014',1,'2024-05-30 02:18:43','2024-05-30 02:18:43'),
(2485,'cbadffd1-1c4b-11ef-9214-42010a8e0014',1,'2024-05-30 02:18:44','2024-05-30 02:18:44'),
(2486,'cbadffd1-1c4b-11ef-9214-42010a8e0014',1,'2024-05-30 02:18:45','2024-05-30 02:18:45'),
(2487,'cbadffd1-1c4b-11ef-9214-42010a8e0014',1,'2024-05-30 02:18:46','2024-05-30 02:18:46'),
(2488,'cbadffd1-1c4b-11ef-9214-42010a8e0014',1,'2024-05-30 02:18:47','2024-05-30 02:18:47'),
(2489,'cbadffd1-1c4b-11ef-9214-42010a8e0014',1,'2024-05-30 02:18:50','2024-05-30 02:18:50'),
(2490,'cbadffd1-1c4b-11ef-9214-42010a8e0014',1,'2024-05-30 02:18:50','2024-05-30 02:18:50'),
(2491,'cbadffd1-1c4b-11ef-9214-42010a8e0014',1,'2024-05-30 02:18:51','2024-05-30 02:18:51'),
(2492,'cbadffd1-1c4b-11ef-9214-42010a8e0014',1,'2024-05-30 02:18:51','2024-05-30 02:18:51'),
(2493,'cbadffd1-1c4b-11ef-9214-42010a8e0014',1,'2024-05-30 02:18:52','2024-05-30 02:18:52'),
(2494,'cbadffd1-1c4b-11ef-9214-42010a8e0014',1,'2024-05-30 02:18:53','2024-05-30 02:18:53'),
(2495,'cbadffd1-1c4b-11ef-9214-42010a8e0014',1,'2024-05-30 02:18:54','2024-05-30 02:18:54'),
(2496,'cbadffd1-1c4b-11ef-9214-42010a8e0014',1,'2024-05-30 02:18:55','2024-05-30 02:18:55'),
(2497,'cbadffd1-1c4b-11ef-9214-42010a8e0014',1,'2024-05-30 02:18:56','2024-05-30 02:18:56'),
(2498,'cbadffd1-1c4b-11ef-9214-42010a8e0014',1,'2024-05-30 02:18:57','2024-05-30 02:18:57'),
(2499,'cbadffd1-1c4b-11ef-9214-42010a8e0014',1,'2024-05-30 02:18:58','2024-05-30 02:18:58'),
(2500,'cbadffd1-1c4b-11ef-9214-42010a8e0014',1,'2024-05-30 02:18:59','2024-05-30 02:18:59'),
(2501,'cbadffd1-1c4b-11ef-9214-42010a8e0014',1,'2024-05-30 02:19:00','2024-05-30 02:19:00'),
(2502,'cbadffd1-1c4b-11ef-9214-42010a8e0014',1,'2024-05-30 02:19:01','2024-05-30 02:19:01'),
(2503,'cbadffd1-1c4b-11ef-9214-42010a8e0014',1,'2024-05-30 02:19:02','2024-05-30 02:19:02'),
(2504,'cbadffd1-1c4b-11ef-9214-42010a8e0014',1,'2024-05-30 02:19:03','2024-05-30 02:19:03'),
(2505,'cbadffd1-1c4b-11ef-9214-42010a8e0014',1,'2024-05-30 02:19:04','2024-05-30 02:19:04'),
(2506,'cbadffd1-1c4b-11ef-9214-42010a8e0014',1,'2024-05-30 02:19:05','2024-05-30 02:19:05'),
(2507,'cbadffd1-1c4b-11ef-9214-42010a8e0014',1,'2024-05-30 02:19:06','2024-05-30 02:19:06'),
(2508,'cbadffd1-1c4b-11ef-9214-42010a8e0014',1,'2024-05-30 02:19:07','2024-05-30 02:19:07'),
(2509,'cbadffd1-1c4b-11ef-9214-42010a8e0014',1,'2024-05-30 02:19:08','2024-05-30 02:19:08'),
(2510,'cbadffd1-1c4b-11ef-9214-42010a8e0014',1,'2024-05-30 02:19:10','2024-05-30 02:19:10'),
(2511,'cbadffd1-1c4b-11ef-9214-42010a8e0014',1,'2024-05-30 02:19:10','2024-05-30 02:19:10'),
(2512,'cbadffd1-1c4b-11ef-9214-42010a8e0014',1,'2024-05-30 02:19:11','2024-05-30 02:19:11'),
(2513,'cbadffd1-1c4b-11ef-9214-42010a8e0014',1,'2024-05-30 02:19:12','2024-05-30 02:19:12'),
(2514,'cbadffd1-1c4b-11ef-9214-42010a8e0014',1,'2024-05-30 02:19:13','2024-05-30 02:19:13'),
(2515,'cbadffd1-1c4b-11ef-9214-42010a8e0014',1,'2024-05-30 02:19:14','2024-05-30 02:19:14'),
(2516,'cbadffd1-1c4b-11ef-9214-42010a8e0014',1,'2024-05-30 02:19:15','2024-05-30 02:19:15'),
(2517,'cbadffd1-1c4b-11ef-9214-42010a8e0014',1,'2024-05-30 02:19:16','2024-05-30 02:19:16'),
(2518,'cbadffd1-1c4b-11ef-9214-42010a8e0014',1,'2024-05-30 02:19:17','2024-05-30 02:19:17'),
(2519,'cbadffd1-1c4b-11ef-9214-42010a8e0014',1,'2024-05-30 02:19:18','2024-05-30 02:19:18'),
(2520,'cbadffd1-1c4b-11ef-9214-42010a8e0014',1,'2024-05-30 02:19:19','2024-05-30 02:19:19'),
(2521,'cbadffd1-1c4b-11ef-9214-42010a8e0014',1,'2024-05-30 02:19:20','2024-05-30 02:19:20'),
(2522,'cbadffd1-1c4b-11ef-9214-42010a8e0014',1,'2024-05-30 02:19:21','2024-05-30 02:19:21'),
(2523,'cbadffd1-1c4b-11ef-9214-42010a8e0014',1,'2024-05-30 02:19:22','2024-05-30 02:19:22'),
(2524,'cbadffd1-1c4b-11ef-9214-42010a8e0014',1,'2024-05-30 02:19:23','2024-05-30 02:19:23'),
(2525,'cbadffd1-1c4b-11ef-9214-42010a8e0014',1,'2024-05-30 02:19:24','2024-05-30 02:19:24'),
(2526,'cbadffd1-1c4b-11ef-9214-42010a8e0014',1,'2024-05-30 02:19:25','2024-05-30 02:19:25'),
(2527,'cbadffd1-1c4b-11ef-9214-42010a8e0014',1,'2024-05-30 02:19:26','2024-05-30 02:19:26'),
(2528,'cbadffd1-1c4b-11ef-9214-42010a8e0014',1,'2024-05-30 02:19:27','2024-05-30 02:19:27'),
(2529,'cbadffd1-1c4b-11ef-9214-42010a8e0014',1,'2024-05-30 02:19:28','2024-05-30 02:19:28'),
(2530,'cbadffd1-1c4b-11ef-9214-42010a8e0014',1,'2024-05-30 02:19:29','2024-05-30 02:19:29'),
(2531,'cbadffd1-1c4b-11ef-9214-42010a8e0014',1,'2024-05-30 02:19:30','2024-05-30 02:19:30'),
(2532,'cbadffd1-1c4b-11ef-9214-42010a8e0014',1,'2024-05-30 02:19:31','2024-05-30 02:19:31'),
(2533,'cbadffd1-1c4b-11ef-9214-42010a8e0014',1,'2024-05-30 02:19:32','2024-05-30 02:19:32'),
(2534,'cbadffd1-1c4b-11ef-9214-42010a8e0014',1,'2024-05-30 02:19:33','2024-05-30 02:19:33'),
(2535,'cbadffd1-1c4b-11ef-9214-42010a8e0014',1,'2024-05-30 02:19:34','2024-05-30 02:19:34'),
(2536,'cbadffd1-1c4b-11ef-9214-42010a8e0014',1,'2024-05-30 02:19:35','2024-05-30 02:19:35'),
(2537,'cbadffd1-1c4b-11ef-9214-42010a8e0014',1,'2024-05-30 02:19:36','2024-05-30 02:19:36'),
(2538,'cbadffd1-1c4b-11ef-9214-42010a8e0014',1,'2024-05-30 02:19:37','2024-05-30 02:19:37'),
(2539,'cbadffd1-1c4b-11ef-9214-42010a8e0014',1,'2024-05-30 02:19:38','2024-05-30 02:19:38'),
(2540,'cbadffd1-1c4b-11ef-9214-42010a8e0014',1,'2024-05-30 02:19:39','2024-05-30 02:19:39'),
(2541,'cbadffd1-1c4b-11ef-9214-42010a8e0014',1,'2024-05-30 02:19:40','2024-05-30 02:19:40'),
(2542,'cbadffd1-1c4b-11ef-9214-42010a8e0014',1,'2024-05-30 02:19:41','2024-05-30 02:19:41'),
(2543,'cbadffd1-1c4b-11ef-9214-42010a8e0014',1,'2024-05-30 02:19:42','2024-05-30 02:19:42'),
(2544,'cbadffd1-1c4b-11ef-9214-42010a8e0014',1,'2024-05-30 02:19:43','2024-05-30 02:19:43'),
(2545,'cbadffd1-1c4b-11ef-9214-42010a8e0014',1,'2024-05-30 02:19:44','2024-05-30 02:19:44'),
(2546,'cbadffd1-1c4b-11ef-9214-42010a8e0014',1,'2024-05-30 02:19:45','2024-05-30 02:19:45'),
(2547,'cbadffd1-1c4b-11ef-9214-42010a8e0014',1,'2024-05-30 02:19:46','2024-05-30 02:19:46'),
(2548,'cbadffd1-1c4b-11ef-9214-42010a8e0014',1,'2024-05-30 02:19:47','2024-05-30 02:19:47'),
(2549,'cbadffd1-1c4b-11ef-9214-42010a8e0014',1,'2024-05-30 02:19:48','2024-05-30 02:19:48'),
(2550,'cbadffd1-1c4b-11ef-9214-42010a8e0014',1,'2024-05-30 02:19:49','2024-05-30 02:19:49'),
(2551,'cbadffd1-1c4b-11ef-9214-42010a8e0014',1,'2024-05-30 02:19:50','2024-05-30 02:19:50'),
(2552,'cbadffd1-1c4b-11ef-9214-42010a8e0014',1,'2024-05-30 02:19:51','2024-05-30 02:19:51'),
(2553,'cbadffd1-1c4b-11ef-9214-42010a8e0014',1,'2024-05-30 02:19:52','2024-05-30 02:19:52'),
(2554,'cbadffd1-1c4b-11ef-9214-42010a8e0014',1,'2024-05-30 02:19:53','2024-05-30 02:19:53'),
(2555,'cbadffd1-1c4b-11ef-9214-42010a8e0014',1,'2024-05-30 02:19:54','2024-05-30 02:19:54'),
(2556,'cbadffd1-1c4b-11ef-9214-42010a8e0014',1,'2024-05-30 02:19:55','2024-05-30 02:19:55'),
(2557,'cbadffd1-1c4b-11ef-9214-42010a8e0014',1,'2024-05-30 02:19:56','2024-05-30 02:19:56'),
(2558,'cbadffd1-1c4b-11ef-9214-42010a8e0014',1,'2024-05-30 02:19:57','2024-05-30 02:19:57'),
(2559,'cbadffd1-1c4b-11ef-9214-42010a8e0014',1,'2024-05-30 02:19:58','2024-05-30 02:19:58'),
(2560,'cbadffd1-1c4b-11ef-9214-42010a8e0014',1,'2024-05-30 02:19:59','2024-05-30 02:19:59'),
(2561,'cbadffd1-1c4b-11ef-9214-42010a8e0014',1,'2024-05-30 02:20:00','2024-05-30 02:20:00'),
(2562,'cbadffd1-1c4b-11ef-9214-42010a8e0014',1,'2024-05-30 02:20:01','2024-05-30 02:20:01'),
(2563,'cbadffd1-1c4b-11ef-9214-42010a8e0014',1,'2024-05-30 02:20:02','2024-05-30 02:20:02'),
(2564,'cbadffd1-1c4b-11ef-9214-42010a8e0014',1,'2024-05-30 02:20:03','2024-05-30 02:20:03'),
(2565,'cbadffd1-1c4b-11ef-9214-42010a8e0014',1,'2024-05-30 02:20:04','2024-05-30 02:20:04'),
(2566,'cbadffd1-1c4b-11ef-9214-42010a8e0014',1,'2024-05-30 02:20:05','2024-05-30 02:20:05'),
(2567,'cbadffd1-1c4b-11ef-9214-42010a8e0014',1,'2024-05-30 02:20:06','2024-05-30 02:20:06'),
(2568,'cbadffd1-1c4b-11ef-9214-42010a8e0014',1,'2024-05-30 02:20:07','2024-05-30 02:20:07'),
(2569,'cbadffd1-1c4b-11ef-9214-42010a8e0014',1,'2024-05-30 02:20:08','2024-05-30 02:20:08'),
(2570,'cbadffd1-1c4b-11ef-9214-42010a8e0014',1,'2024-05-30 02:20:09','2024-05-30 02:20:09'),
(2571,'cbadffd1-1c4b-11ef-9214-42010a8e0014',1,'2024-05-30 02:20:10','2024-05-30 02:20:10'),
(2572,'cbadffd1-1c4b-11ef-9214-42010a8e0014',1,'2024-05-30 02:20:11','2024-05-30 02:20:11'),
(2573,'cbadffd1-1c4b-11ef-9214-42010a8e0014',1,'2024-05-30 02:20:12','2024-05-30 02:20:12'),
(2574,'cbadffd1-1c4b-11ef-9214-42010a8e0014',1,'2024-05-30 02:20:15','2024-05-30 02:20:15'),
(2575,'cbadffd1-1c4b-11ef-9214-42010a8e0014',1,'2024-05-30 02:20:15','2024-05-30 02:20:15'),
(2576,'cbadffd1-1c4b-11ef-9214-42010a8e0014',1,'2024-05-30 02:20:15','2024-05-30 02:20:15'),
(2577,'cbadffd1-1c4b-11ef-9214-42010a8e0014',1,'2024-05-30 02:20:16','2024-05-30 02:20:16'),
(2578,'cbadffd1-1c4b-11ef-9214-42010a8e0014',1,'2024-05-30 02:20:17','2024-05-30 02:20:17'),
(2579,'cbadffd1-1c4b-11ef-9214-42010a8e0014',1,'2024-05-30 02:20:18','2024-05-30 02:20:18'),
(2580,'cbadffd1-1c4b-11ef-9214-42010a8e0014',1,'2024-05-30 02:20:19','2024-05-30 02:20:19'),
(2581,'cbadffd1-1c4b-11ef-9214-42010a8e0014',1,'2024-05-30 02:20:19','2024-05-30 02:20:19'),
(2582,'cbadffd1-1c4b-11ef-9214-42010a8e0014',1,'2024-05-30 02:20:21','2024-05-30 02:20:21'),
(2583,'cbadffd1-1c4b-11ef-9214-42010a8e0014',1,'2024-05-30 02:20:22','2024-05-30 02:20:22'),
(2584,'cbadffd1-1c4b-11ef-9214-42010a8e0014',1,'2024-05-30 02:20:23','2024-05-30 02:20:23'),
(2585,'cbadffd1-1c4b-11ef-9214-42010a8e0014',1,'2024-05-30 02:20:24','2024-05-30 02:20:24'),
(2586,'cbadffd1-1c4b-11ef-9214-42010a8e0014',1,'2024-05-30 02:20:25','2024-05-30 02:20:25'),
(2587,'cbadffd1-1c4b-11ef-9214-42010a8e0014',1,'2024-05-30 02:20:26','2024-05-30 02:20:26'),
(2588,'cbadffd1-1c4b-11ef-9214-42010a8e0014',1,'2024-05-30 02:20:27','2024-05-30 02:20:27'),
(2589,'cbadffd1-1c4b-11ef-9214-42010a8e0014',1,'2024-05-30 02:20:28','2024-05-30 02:20:28'),
(2590,'cbadffd1-1c4b-11ef-9214-42010a8e0014',1,'2024-05-30 02:20:29','2024-05-30 02:20:29'),
(2591,'cbadffd1-1c4b-11ef-9214-42010a8e0014',1,'2024-05-30 02:20:30','2024-05-30 02:20:30'),
(2592,'cbadffd1-1c4b-11ef-9214-42010a8e0014',1,'2024-05-30 02:20:31','2024-05-30 02:20:31'),
(2593,'cbadffd1-1c4b-11ef-9214-42010a8e0014',1,'2024-05-30 02:20:32','2024-05-30 02:20:32'),
(2594,'cbadffd1-1c4b-11ef-9214-42010a8e0014',1,'2024-05-30 02:20:33','2024-05-30 02:20:33'),
(2595,'cbadffd1-1c4b-11ef-9214-42010a8e0014',1,'2024-05-30 02:20:34','2024-05-30 02:20:34'),
(2596,'cbadffd1-1c4b-11ef-9214-42010a8e0014',1,'2024-05-30 02:20:35','2024-05-30 02:20:35'),
(2597,'cbadffd1-1c4b-11ef-9214-42010a8e0014',1,'2024-05-30 02:20:36','2024-05-30 02:20:36'),
(2598,'cbadffd1-1c4b-11ef-9214-42010a8e0014',1,'2024-05-30 02:20:37','2024-05-30 02:20:37'),
(2599,'cbadffd1-1c4b-11ef-9214-42010a8e0014',1,'2024-05-30 02:20:38','2024-05-30 02:20:38'),
(2600,'cbadffd1-1c4b-11ef-9214-42010a8e0014',1,'2024-05-30 02:20:39','2024-05-30 02:20:39'),
(2601,'cbadffd1-1c4b-11ef-9214-42010a8e0014',1,'2024-05-30 02:20:43','2024-05-30 02:20:43'),
(2602,'cbadffd1-1c4b-11ef-9214-42010a8e0014',1,'2024-05-30 02:20:43','2024-05-30 02:20:43'),
(2603,'cbadffd1-1c4b-11ef-9214-42010a8e0014',1,'2024-05-30 02:20:43','2024-05-30 02:20:43'),
(2604,'cbadffd1-1c4b-11ef-9214-42010a8e0014',1,'2024-05-30 02:20:43','2024-05-30 02:20:43'),
(2605,'cbadffd1-1c4b-11ef-9214-42010a8e0014',1,'2024-05-30 02:20:44','2024-05-30 02:20:44'),
(2606,'cbadffd1-1c4b-11ef-9214-42010a8e0014',1,'2024-05-30 02:20:45','2024-05-30 02:20:45'),
(2607,'cbadffd1-1c4b-11ef-9214-42010a8e0014',1,'2024-05-30 02:20:46','2024-05-30 02:20:46'),
(2608,'cbadffd1-1c4b-11ef-9214-42010a8e0014',1,'2024-05-30 02:20:47','2024-05-30 02:20:47'),
(2609,'cbadffd1-1c4b-11ef-9214-42010a8e0014',1,'2024-05-30 02:20:48','2024-05-30 02:20:48'),
(2610,'cbadffd1-1c4b-11ef-9214-42010a8e0014',1,'2024-05-30 02:20:49','2024-05-30 02:20:49'),
(2611,'cbadffd1-1c4b-11ef-9214-42010a8e0014',1,'2024-05-30 02:20:50','2024-05-30 02:20:50'),
(2612,'cbadffd1-1c4b-11ef-9214-42010a8e0014',1,'2024-05-30 02:20:51','2024-05-30 02:20:51'),
(2613,'cbadffd1-1c4b-11ef-9214-42010a8e0014',1,'2024-05-30 02:20:52','2024-05-30 02:20:52'),
(2614,'cbadffd1-1c4b-11ef-9214-42010a8e0014',1,'2024-05-30 02:20:53','2024-05-30 02:20:53'),
(2615,'cbadffd1-1c4b-11ef-9214-42010a8e0014',1,'2024-05-30 02:20:54','2024-05-30 02:20:54'),
(2616,'cbadffd1-1c4b-11ef-9214-42010a8e0014',1,'2024-05-30 02:20:55','2024-05-30 02:20:55'),
(2617,'cbadffd1-1c4b-11ef-9214-42010a8e0014',1,'2024-05-30 02:20:56','2024-05-30 02:20:56'),
(2618,'cbadffd1-1c4b-11ef-9214-42010a8e0014',1,'2024-05-30 02:20:57','2024-05-30 02:20:57'),
(2619,'cbadffd1-1c4b-11ef-9214-42010a8e0014',1,'2024-05-30 02:20:58','2024-05-30 02:20:58'),
(2620,'cbadffd1-1c4b-11ef-9214-42010a8e0014',1,'2024-05-30 02:20:59','2024-05-30 02:20:59'),
(2621,'cbadffd1-1c4b-11ef-9214-42010a8e0014',1,'2024-05-30 02:21:00','2024-05-30 02:21:00'),
(2622,'cbadffd1-1c4b-11ef-9214-42010a8e0014',1,'2024-05-30 02:21:01','2024-05-30 02:21:01'),
(2623,'cbadffd1-1c4b-11ef-9214-42010a8e0014',1,'2024-05-30 02:21:02','2024-05-30 02:21:02'),
(2624,'cbadffd1-1c4b-11ef-9214-42010a8e0014',1,'2024-05-30 02:21:03','2024-05-30 02:21:03'),
(2625,'cbadffd1-1c4b-11ef-9214-42010a8e0014',1,'2024-05-30 02:21:04','2024-05-30 02:21:04'),
(2626,'cbadffd1-1c4b-11ef-9214-42010a8e0014',1,'2024-05-30 02:21:05','2024-05-30 02:21:05'),
(2627,'cbadffd1-1c4b-11ef-9214-42010a8e0014',1,'2024-05-30 02:21:06','2024-05-30 02:21:06'),
(2628,'cbadffd1-1c4b-11ef-9214-42010a8e0014',1,'2024-05-30 02:21:07','2024-05-30 02:21:07'),
(2629,'cbadffd1-1c4b-11ef-9214-42010a8e0014',1,'2024-05-30 02:21:08','2024-05-30 02:21:08'),
(2630,'cbadffd1-1c4b-11ef-9214-42010a8e0014',1,'2024-05-30 02:21:09','2024-05-30 02:21:09'),
(2631,'cbadffd1-1c4b-11ef-9214-42010a8e0014',1,'2024-05-30 02:21:10','2024-05-30 02:21:10'),
(2632,'cbadffd1-1c4b-11ef-9214-42010a8e0014',1,'2024-05-30 02:21:11','2024-05-30 02:21:11'),
(2633,'cbadffd1-1c4b-11ef-9214-42010a8e0014',1,'2024-05-30 02:21:12','2024-05-30 02:21:12'),
(2634,'cbadffd1-1c4b-11ef-9214-42010a8e0014',1,'2024-05-30 02:21:13','2024-05-30 02:21:13'),
(2635,'cbadffd1-1c4b-11ef-9214-42010a8e0014',1,'2024-05-30 02:21:14','2024-05-30 02:21:14'),
(2636,'cbadffd1-1c4b-11ef-9214-42010a8e0014',1,'2024-05-30 02:21:15','2024-05-30 02:21:15'),
(2637,'cbadffd1-1c4b-11ef-9214-42010a8e0014',1,'2024-05-30 02:21:16','2024-05-30 02:21:16'),
(2638,'cbadffd1-1c4b-11ef-9214-42010a8e0014',1,'2024-05-30 02:21:17','2024-05-30 02:21:17'),
(2639,'cbadffd1-1c4b-11ef-9214-42010a8e0014',1,'2024-05-30 02:21:18','2024-05-30 02:21:18'),
(2640,'cbadffd1-1c4b-11ef-9214-42010a8e0014',1,'2024-05-30 02:21:19','2024-05-30 02:21:19'),
(2641,'cbadffd1-1c4b-11ef-9214-42010a8e0014',1,'2024-05-30 02:21:20','2024-05-30 02:21:20'),
(2642,'cbadffd1-1c4b-11ef-9214-42010a8e0014',1,'2024-05-30 02:21:20','2024-05-30 02:21:20'),
(2643,'cbadffd1-1c4b-11ef-9214-42010a8e0014',1,'2024-05-30 02:21:22','2024-05-30 02:21:22'),
(2644,'cbadffd1-1c4b-11ef-9214-42010a8e0014',1,'2024-05-30 02:21:23','2024-05-30 02:21:23'),
(2645,'cbadffd1-1c4b-11ef-9214-42010a8e0014',1,'2024-05-30 02:21:24','2024-05-30 02:21:24'),
(2646,'cbadffd1-1c4b-11ef-9214-42010a8e0014',1,'2024-05-30 02:21:25','2024-05-30 02:21:25'),
(2647,'cbadffd1-1c4b-11ef-9214-42010a8e0014',1,'2024-05-30 02:21:26','2024-05-30 02:21:26'),
(2648,'cbadffd1-1c4b-11ef-9214-42010a8e0014',1,'2024-05-30 02:21:27','2024-05-30 02:21:27'),
(2649,'cbadffd1-1c4b-11ef-9214-42010a8e0014',1,'2024-05-30 02:21:28','2024-05-30 02:21:28'),
(2650,'cbadffd1-1c4b-11ef-9214-42010a8e0014',1,'2024-05-30 02:21:29','2024-05-30 02:21:29'),
(2651,'cbadffd1-1c4b-11ef-9214-42010a8e0014',1,'2024-05-30 02:21:30','2024-05-30 02:21:30'),
(2652,'cbadffd1-1c4b-11ef-9214-42010a8e0014',1,'2024-05-30 02:21:31','2024-05-30 02:21:31'),
(2653,'cbadffd1-1c4b-11ef-9214-42010a8e0014',1,'2024-05-30 02:21:32','2024-05-30 02:21:32'),
(2654,'cbadffd1-1c4b-11ef-9214-42010a8e0014',1,'2024-05-30 02:21:33','2024-05-30 02:21:33'),
(2655,'cbadffd1-1c4b-11ef-9214-42010a8e0014',1,'2024-05-30 02:21:34','2024-05-30 02:21:34'),
(2656,'cbadffd1-1c4b-11ef-9214-42010a8e0014',1,'2024-05-30 02:21:35','2024-05-30 02:21:35'),
(2657,'cbadffd1-1c4b-11ef-9214-42010a8e0014',1,'2024-05-30 02:21:36','2024-05-30 02:21:36'),
(2658,'cbadffd1-1c4b-11ef-9214-42010a8e0014',1,'2024-05-30 02:21:37','2024-05-30 02:21:37'),
(2659,'cbadffd1-1c4b-11ef-9214-42010a8e0014',1,'2024-05-30 02:21:38','2024-05-30 02:21:38'),
(2660,'cbadffd1-1c4b-11ef-9214-42010a8e0014',1,'2024-05-30 02:21:39','2024-05-30 02:21:39'),
(2661,'cbadffd1-1c4b-11ef-9214-42010a8e0014',1,'2024-05-30 02:21:40','2024-05-30 02:21:40'),
(2662,'cbadffd1-1c4b-11ef-9214-42010a8e0014',1,'2024-05-30 02:21:41','2024-05-30 02:21:41'),
(2663,'cbadffd1-1c4b-11ef-9214-42010a8e0014',1,'2024-05-30 02:21:42','2024-05-30 02:21:42'),
(2664,'cbadffd1-1c4b-11ef-9214-42010a8e0014',1,'2024-05-30 02:21:43','2024-05-30 02:21:43'),
(2665,'cbadffd1-1c4b-11ef-9214-42010a8e0014',1,'2024-05-30 02:21:44','2024-05-30 02:21:44'),
(2666,'cbadffd1-1c4b-11ef-9214-42010a8e0014',1,'2024-05-30 02:21:44','2024-05-30 02:21:44'),
(2667,'cbadffd1-1c4b-11ef-9214-42010a8e0014',1,'2024-05-30 02:21:45','2024-05-30 02:21:45'),
(2668,'cbadffd1-1c4b-11ef-9214-42010a8e0014',1,'2024-05-30 02:21:47','2024-05-30 02:21:47'),
(2669,'cbadffd1-1c4b-11ef-9214-42010a8e0014',1,'2024-05-30 02:37:33','2024-05-30 02:37:33'),
(2670,'cbadffd1-1c4b-11ef-9214-42010a8e0014',1,'2024-05-30 02:37:33','2024-05-30 02:37:33'),
(2671,'cbadffd1-1c4b-11ef-9214-42010a8e0014',1,'2024-05-30 02:37:33','2024-05-30 02:37:33'),
(2672,'cbadffd1-1c4b-11ef-9214-42010a8e0014',1,'2024-05-30 02:37:33','2024-05-30 02:37:33'),
(2673,'cbadffd1-1c4b-11ef-9214-42010a8e0014',1,'2024-05-30 02:37:33','2024-05-30 02:37:33'),
(2674,'cbadffd1-1c4b-11ef-9214-42010a8e0014',1,'2024-05-30 02:37:33','2024-05-30 02:37:33'),
(2675,'cbadffd1-1c4b-11ef-9214-42010a8e0014',1,'2024-05-30 02:37:34','2024-05-30 02:37:34'),
(2676,'cbadffd1-1c4b-11ef-9214-42010a8e0014',1,'2024-05-30 02:37:35','2024-05-30 02:37:35'),
(2677,'cbadffd1-1c4b-11ef-9214-42010a8e0014',1,'2024-05-30 02:37:35','2024-05-30 02:37:35'),
(2678,'cbadffd1-1c4b-11ef-9214-42010a8e0014',1,'2024-05-30 02:37:36','2024-05-30 02:37:36'),
(2679,'cbadffd1-1c4b-11ef-9214-42010a8e0014',1,'2024-05-30 02:37:37','2024-05-30 02:37:37'),
(2680,'cbadffd1-1c4b-11ef-9214-42010a8e0014',1,'2024-05-30 02:37:37','2024-05-30 02:37:37'),
(2681,'cbadffd1-1c4b-11ef-9214-42010a8e0014',1,'2024-05-30 02:37:38','2024-05-30 02:37:38'),
(2682,'cbadffd1-1c4b-11ef-9214-42010a8e0014',1,'2024-05-30 02:37:38','2024-05-30 02:37:38'),
(2683,'cbadffd1-1c4b-11ef-9214-42010a8e0014',1,'2024-05-30 02:37:38','2024-05-30 02:37:38'),
(2684,'cbadffd1-1c4b-11ef-9214-42010a8e0014',1,'2024-05-30 02:37:38','2024-05-30 02:37:38'),
(2685,'cbadffd1-1c4b-11ef-9214-42010a8e0014',1,'2024-05-30 02:37:40','2024-05-30 02:37:40'),
(2686,'cbadffd1-1c4b-11ef-9214-42010a8e0014',1,'2024-05-30 02:37:40','2024-05-30 02:37:40'),
(2687,'cbadffd1-1c4b-11ef-9214-42010a8e0014',1,'2024-05-30 02:37:41','2024-05-30 02:37:41'),
(2688,'cbadffd1-1c4b-11ef-9214-42010a8e0014',1,'2024-05-30 02:37:42','2024-05-30 02:37:42'),
(2689,'cbadffd1-1c4b-11ef-9214-42010a8e0014',1,'2024-05-30 02:37:42','2024-05-30 02:37:42'),
(2690,'cbadffd1-1c4b-11ef-9214-42010a8e0014',1,'2024-05-30 02:37:43','2024-05-30 02:37:43'),
(2691,'cbadffd1-1c4b-11ef-9214-42010a8e0014',1,'2024-05-30 02:37:43','2024-05-30 02:37:43'),
(2692,'cbadffd1-1c4b-11ef-9214-42010a8e0014',1,'2024-05-30 02:37:43','2024-05-30 02:37:43'),
(2693,'cbadffd1-1c4b-11ef-9214-42010a8e0014',1,'2024-05-30 02:37:44','2024-05-30 02:37:44'),
(2694,'cbadffd1-1c4b-11ef-9214-42010a8e0014',1,'2024-05-30 02:37:44','2024-05-30 02:37:44'),
(2695,'cbadffd1-1c4b-11ef-9214-42010a8e0014',1,'2024-05-30 02:37:45','2024-05-30 02:37:45'),
(2696,'cbadffd1-1c4b-11ef-9214-42010a8e0014',1,'2024-05-30 02:37:47','2024-05-30 02:37:47'),
(2697,'cbadffd1-1c4b-11ef-9214-42010a8e0014',1,'2024-05-30 02:37:47','2024-05-30 02:37:47'),
(2698,'cbadffd1-1c4b-11ef-9214-42010a8e0014',1,'2024-05-30 02:37:47','2024-05-30 02:37:47'),
(2699,'cbadffd1-1c4b-11ef-9214-42010a8e0014',1,'2024-05-30 02:37:48','2024-05-30 02:37:48'),
(2700,'cbadffd1-1c4b-11ef-9214-42010a8e0014',1,'2024-05-30 02:37:48','2024-05-30 02:37:48'),
(2701,'cbadffd1-1c4b-11ef-9214-42010a8e0014',1,'2024-05-30 02:37:48','2024-05-30 02:37:48'),
(2702,'cbadffd1-1c4b-11ef-9214-42010a8e0014',1,'2024-05-30 02:37:49','2024-05-30 02:37:49'),
(2703,'cbadffd1-1c4b-11ef-9214-42010a8e0014',1,'2024-05-30 02:37:52','2024-05-30 02:37:52'),
(2704,'cbadffd1-1c4b-11ef-9214-42010a8e0014',1,'2024-05-30 02:37:52','2024-05-30 02:37:52'),
(2705,'cbadffd1-1c4b-11ef-9214-42010a8e0014',1,'2024-05-30 02:37:52','2024-05-30 02:37:52'),
(2706,'cbadffd1-1c4b-11ef-9214-42010a8e0014',1,'2024-05-30 02:37:52','2024-05-30 02:37:52'),
(2707,'cbadffd1-1c4b-11ef-9214-42010a8e0014',1,'2024-05-30 02:37:52','2024-05-30 02:37:52'),
(2708,'cbadffd1-1c4b-11ef-9214-42010a8e0014',1,'2024-05-30 02:37:52','2024-05-30 02:37:52'),
(2709,'cbadffd1-1c4b-11ef-9214-42010a8e0014',1,'2024-05-30 02:37:52','2024-05-30 02:37:52'),
(2710,'cbadffd1-1c4b-11ef-9214-42010a8e0014',1,'2024-05-30 02:37:53','2024-05-30 02:37:53'),
(2711,'cbadffd1-1c4b-11ef-9214-42010a8e0014',1,'2024-05-30 02:37:53','2024-05-30 02:37:53'),
(2712,'cbadffd1-1c4b-11ef-9214-42010a8e0014',1,'2024-05-30 02:37:53','2024-05-30 02:37:53'),
(2713,'cbadffd1-1c4b-11ef-9214-42010a8e0014',1,'2024-05-30 02:37:56','2024-05-30 02:37:56'),
(2714,'cbadffd1-1c4b-11ef-9214-42010a8e0014',1,'2024-05-30 02:37:56','2024-05-30 02:37:56'),
(2715,'cbadffd1-1c4b-11ef-9214-42010a8e0014',1,'2024-05-30 02:37:57','2024-05-30 02:37:57'),
(2716,'cbadffd1-1c4b-11ef-9214-42010a8e0014',1,'2024-05-30 02:37:58','2024-05-30 02:37:58'),
(2717,'cbadffd1-1c4b-11ef-9214-42010a8e0014',1,'2024-05-30 02:37:58','2024-05-30 02:37:58'),
(2718,'cbadffd1-1c4b-11ef-9214-42010a8e0014',1,'2024-05-30 02:37:58','2024-05-30 02:37:58'),
(2719,'cbadffd1-1c4b-11ef-9214-42010a8e0014',1,'2024-05-30 02:37:59','2024-05-30 02:37:59'),
(2720,'cbadffd1-1c4b-11ef-9214-42010a8e0014',1,'2024-05-30 02:37:59','2024-05-30 02:37:59'),
(2721,'cbadffd1-1c4b-11ef-9214-42010a8e0014',1,'2024-05-30 02:37:59','2024-05-30 02:37:59'),
(2722,'cbadffd1-1c4b-11ef-9214-42010a8e0014',1,'2024-05-30 02:37:59','2024-05-30 02:37:59'),
(2723,'cbadffd1-1c4b-11ef-9214-42010a8e0014',1,'2024-05-30 02:37:59','2024-05-30 02:37:59'),
(2724,'cbadffd1-1c4b-11ef-9214-42010a8e0014',1,'2024-05-30 02:38:00','2024-05-30 02:38:00'),
(2725,'cbadffd1-1c4b-11ef-9214-42010a8e0014',1,'2024-05-30 02:38:01','2024-05-30 02:38:01'),
(2726,'cbadffd1-1c4b-11ef-9214-42010a8e0014',1,'2024-05-30 02:38:01','2024-05-30 02:38:01'),
(2727,'cbadffd1-1c4b-11ef-9214-42010a8e0014',1,'2024-05-30 02:38:01','2024-05-30 02:38:01'),
(2728,'cbadffd1-1c4b-11ef-9214-42010a8e0014',1,'2024-05-30 02:38:03','2024-05-30 02:38:03'),
(2729,'cbadffd1-1c4b-11ef-9214-42010a8e0014',1,'2024-05-30 02:38:03','2024-05-30 02:38:03'),
(2730,'cbadffd1-1c4b-11ef-9214-42010a8e0014',1,'2024-05-30 02:38:05','2024-05-30 02:38:05'),
(2731,'cbadffd1-1c4b-11ef-9214-42010a8e0014',1,'2024-05-30 02:38:05','2024-05-30 02:38:05'),
(2732,'cbadffd1-1c4b-11ef-9214-42010a8e0014',1,'2024-05-30 02:38:05','2024-05-30 02:38:05'),
(2733,'cbadffd1-1c4b-11ef-9214-42010a8e0014',1,'2024-05-30 02:38:06','2024-05-30 02:38:06'),
(2734,'cbadffd1-1c4b-11ef-9214-42010a8e0014',1,'2024-05-30 02:38:06','2024-05-30 02:38:06'),
(2735,'cbadffd1-1c4b-11ef-9214-42010a8e0014',1,'2024-05-30 02:38:08','2024-05-30 02:38:08'),
(2736,'cbadffd1-1c4b-11ef-9214-42010a8e0014',1,'2024-05-30 02:38:08','2024-05-30 02:38:08'),
(2737,'cbadffd1-1c4b-11ef-9214-42010a8e0014',1,'2024-05-30 02:38:08','2024-05-30 02:38:08'),
(2738,'cbadffd1-1c4b-11ef-9214-42010a8e0014',1,'2024-05-30 02:38:09','2024-05-30 02:38:09'),
(2739,'cbadffd1-1c4b-11ef-9214-42010a8e0014',1,'2024-05-30 02:38:09','2024-05-30 02:38:09'),
(2740,'cbadffd1-1c4b-11ef-9214-42010a8e0014',1,'2024-05-30 02:38:09','2024-05-30 02:38:09'),
(2741,'cbadffd1-1c4b-11ef-9214-42010a8e0014',1,'2024-05-30 02:38:10','2024-05-30 02:38:10'),
(2742,'cbadffd1-1c4b-11ef-9214-42010a8e0014',1,'2024-05-30 02:38:10','2024-05-30 02:38:10'),
(2743,'cbadffd1-1c4b-11ef-9214-42010a8e0014',1,'2024-05-30 02:38:12','2024-05-30 02:38:12'),
(2744,'cbadffd1-1c4b-11ef-9214-42010a8e0014',1,'2024-05-30 02:38:12','2024-05-30 02:38:12'),
(2745,'cbadffd1-1c4b-11ef-9214-42010a8e0014',1,'2024-05-30 02:38:12','2024-05-30 02:38:12'),
(2746,'cbadffd1-1c4b-11ef-9214-42010a8e0014',1,'2024-05-30 02:38:13','2024-05-30 02:38:13'),
(2747,'cbadffd1-1c4b-11ef-9214-42010a8e0014',1,'2024-05-30 02:38:13','2024-05-30 02:38:13'),
(2748,'cbadffd1-1c4b-11ef-9214-42010a8e0014',1,'2024-05-30 02:38:13','2024-05-30 02:38:13'),
(2749,'cbadffd1-1c4b-11ef-9214-42010a8e0014',1,'2024-05-30 02:38:13','2024-05-30 02:38:13'),
(2750,'cbadffd1-1c4b-11ef-9214-42010a8e0014',1,'2024-05-30 02:38:13','2024-05-30 02:38:13'),
(2751,'cbadffd1-1c4b-11ef-9214-42010a8e0014',1,'2024-05-30 02:38:13','2024-05-30 02:38:13'),
(2752,'cbadffd1-1c4b-11ef-9214-42010a8e0014',1,'2024-05-30 02:38:13','2024-05-30 02:38:13'),
(2753,'cbadffd1-1c4b-11ef-9214-42010a8e0014',1,'2024-05-30 02:38:17','2024-05-30 02:38:17'),
(2754,'cbadffd1-1c4b-11ef-9214-42010a8e0014',1,'2024-05-30 02:38:17','2024-05-30 02:38:17'),
(2755,'cbadffd1-1c4b-11ef-9214-42010a8e0014',1,'2024-05-30 02:38:18','2024-05-30 02:38:18'),
(2756,'cbadffd1-1c4b-11ef-9214-42010a8e0014',1,'2024-05-30 02:38:19','2024-05-30 02:38:19'),
(2757,'cbadffd1-1c4b-11ef-9214-42010a8e0014',1,'2024-05-30 02:38:21','2024-05-30 02:38:21'),
(2758,'cbadffd1-1c4b-11ef-9214-42010a8e0014',1,'2024-05-30 02:38:22','2024-05-30 02:38:22'),
(2759,'cbadffd1-1c4b-11ef-9214-42010a8e0014',1,'2024-05-30 02:38:22','2024-05-30 02:38:22'),
(2760,'cbadffd1-1c4b-11ef-9214-42010a8e0014',1,'2024-05-30 02:38:22','2024-05-30 02:38:22'),
(2761,'cbadffd1-1c4b-11ef-9214-42010a8e0014',1,'2024-05-30 02:38:22','2024-05-30 02:38:22'),
(2762,'cbadffd1-1c4b-11ef-9214-42010a8e0014',1,'2024-05-30 02:38:22','2024-05-30 02:38:22'),
(2763,'cbadffd1-1c4b-11ef-9214-42010a8e0014',1,'2024-05-30 02:38:23','2024-05-30 02:38:23'),
(2764,'cbadffd1-1c4b-11ef-9214-42010a8e0014',1,'2024-05-30 02:38:23','2024-05-30 02:38:23'),
(2765,'cbadffd1-1c4b-11ef-9214-42010a8e0014',1,'2024-05-30 02:38:24','2024-05-30 02:38:24'),
(2766,'cbadffd1-1c4b-11ef-9214-42010a8e0014',1,'2024-05-30 02:38:24','2024-05-30 02:38:24'),
(2767,'cbadffd1-1c4b-11ef-9214-42010a8e0014',1,'2024-05-30 02:38:24','2024-05-30 02:38:24'),
(2768,'cbadffd1-1c4b-11ef-9214-42010a8e0014',1,'2024-05-30 02:38:24','2024-05-30 02:38:24'),
(2769,'cbadffd1-1c4b-11ef-9214-42010a8e0014',1,'2024-05-30 02:38:24','2024-05-30 02:38:24'),
(2770,'cbadffd1-1c4b-11ef-9214-42010a8e0014',1,'2024-05-30 02:38:24','2024-05-30 02:38:24'),
(2771,'cbadffd1-1c4b-11ef-9214-42010a8e0014',1,'2024-05-30 02:38:24','2024-05-30 02:38:24'),
(2772,'cbadffd1-1c4b-11ef-9214-42010a8e0014',1,'2024-05-30 02:38:24','2024-05-30 02:38:24'),
(2773,'cbadffd1-1c4b-11ef-9214-42010a8e0014',1,'2024-05-30 02:38:24','2024-05-30 02:38:24'),
(2774,'cbadffd1-1c4b-11ef-9214-42010a8e0014',1,'2024-05-30 02:38:24','2024-05-30 02:38:24'),
(2775,'cbadffd1-1c4b-11ef-9214-42010a8e0014',1,'2024-05-30 02:38:24','2024-05-30 02:38:24'),
(2776,'cbadffd1-1c4b-11ef-9214-42010a8e0014',1,'2024-05-30 02:38:24','2024-05-30 02:38:24'),
(2777,'cbadffd1-1c4b-11ef-9214-42010a8e0014',1,'2024-05-30 02:38:24','2024-05-30 02:38:24'),
(2778,'cbadffd1-1c4b-11ef-9214-42010a8e0014',1,'2024-05-30 02:38:24','2024-05-30 02:38:24'),
(2779,'cbadffd1-1c4b-11ef-9214-42010a8e0014',1,'2024-05-30 02:38:25','2024-05-30 02:38:25'),
(2780,'cbadffd1-1c4b-11ef-9214-42010a8e0014',1,'2024-05-30 02:38:25','2024-05-30 02:38:25'),
(2781,'cbadffd1-1c4b-11ef-9214-42010a8e0014',1,'2024-05-30 02:38:25','2024-05-30 02:38:25'),
(2782,'cbadffd1-1c4b-11ef-9214-42010a8e0014',1,'2024-05-30 02:38:25','2024-05-30 02:38:25'),
(2783,'cbadffd1-1c4b-11ef-9214-42010a8e0014',1,'2024-05-30 02:38:26','2024-05-30 02:38:26'),
(2784,'cbadffd1-1c4b-11ef-9214-42010a8e0014',1,'2024-05-30 02:38:26','2024-05-30 02:38:26'),
(2785,'cbadffd1-1c4b-11ef-9214-42010a8e0014',1,'2024-05-30 02:38:26','2024-05-30 02:38:26'),
(2786,'cbadffd1-1c4b-11ef-9214-42010a8e0014',1,'2024-05-30 02:38:26','2024-05-30 02:38:26'),
(2787,'cbadffd1-1c4b-11ef-9214-42010a8e0014',1,'2024-05-30 02:38:26','2024-05-30 02:38:26'),
(2788,'cbadffd1-1c4b-11ef-9214-42010a8e0014',1,'2024-05-30 02:38:26','2024-05-30 02:38:26'),
(2789,'cbadffd1-1c4b-11ef-9214-42010a8e0014',1,'2024-05-30 02:38:26','2024-05-30 02:38:26'),
(2790,'cbadffd1-1c4b-11ef-9214-42010a8e0014',1,'2024-05-30 02:38:27','2024-05-30 02:38:27'),
(2791,'cbadffd1-1c4b-11ef-9214-42010a8e0014',1,'2024-05-30 02:38:29','2024-05-30 02:38:29'),
(2792,'cbadffd1-1c4b-11ef-9214-42010a8e0014',1,'2024-05-30 02:38:34','2024-05-30 02:38:34'),
(2793,'cbadffd1-1c4b-11ef-9214-42010a8e0014',1,'2024-05-30 02:38:34','2024-05-30 02:38:34'),
(2794,'cbadffd1-1c4b-11ef-9214-42010a8e0014',1,'2024-05-30 02:38:34','2024-05-30 02:38:34'),
(2795,'cbadffd1-1c4b-11ef-9214-42010a8e0014',1,'2024-05-30 02:38:35','2024-05-30 02:38:35'),
(2796,'cbadffd1-1c4b-11ef-9214-42010a8e0014',1,'2024-05-30 02:38:36','2024-05-30 02:38:36'),
(2797,'cbadffd1-1c4b-11ef-9214-42010a8e0014',1,'2024-05-30 02:38:36','2024-05-30 02:38:36'),
(2798,'cbadffd1-1c4b-11ef-9214-42010a8e0014',1,'2024-05-30 02:38:36','2024-05-30 02:38:36'),
(2799,'cbadffd1-1c4b-11ef-9214-42010a8e0014',1,'2024-05-30 02:38:36','2024-05-30 02:38:36'),
(2800,'cbadffd1-1c4b-11ef-9214-42010a8e0014',1,'2024-05-30 02:38:36','2024-05-30 02:38:36'),
(2801,'cbadffd1-1c4b-11ef-9214-42010a8e0014',1,'2024-05-30 02:38:43','2024-05-30 02:38:43'),
(2802,'cbadffd1-1c4b-11ef-9214-42010a8e0014',1,'2024-05-30 02:38:45','2024-05-30 02:38:45'),
(2803,'cbadffd1-1c4b-11ef-9214-42010a8e0014',1,'2024-05-30 02:38:45','2024-05-30 02:38:45'),
(2804,'cbadffd1-1c4b-11ef-9214-42010a8e0014',1,'2024-05-30 02:38:45','2024-05-30 02:38:45'),
(2805,'cbadffd1-1c4b-11ef-9214-42010a8e0014',1,'2024-05-30 02:38:46','2024-05-30 02:38:46'),
(2806,'cbadffd1-1c4b-11ef-9214-42010a8e0014',1,'2024-05-30 02:38:46','2024-05-30 02:38:46'),
(2807,'cbadffd1-1c4b-11ef-9214-42010a8e0014',1,'2024-05-30 02:38:46','2024-05-30 02:38:46'),
(2808,'cbadffd1-1c4b-11ef-9214-42010a8e0014',1,'2024-05-30 02:38:46','2024-05-30 02:38:46'),
(2809,'cbadffd1-1c4b-11ef-9214-42010a8e0014',1,'2024-05-30 02:38:47','2024-05-30 02:38:47'),
(2810,'cbadffd1-1c4b-11ef-9214-42010a8e0014',1,'2024-05-30 02:38:47','2024-05-30 02:38:47'),
(2811,'cbadffd1-1c4b-11ef-9214-42010a8e0014',1,'2024-05-30 02:38:47','2024-05-30 02:38:47'),
(2812,'cbadffd1-1c4b-11ef-9214-42010a8e0014',1,'2024-05-30 02:38:47','2024-05-30 02:38:47'),
(2813,'cbadffd1-1c4b-11ef-9214-42010a8e0014',1,'2024-05-30 02:38:47','2024-05-30 02:38:47'),
(2814,'cbadffd1-1c4b-11ef-9214-42010a8e0014',1,'2024-05-30 02:38:47','2024-05-30 02:38:47'),
(2815,'cbadffd1-1c4b-11ef-9214-42010a8e0014',1,'2024-05-30 02:38:47','2024-05-30 02:38:47'),
(2816,'cbadffd1-1c4b-11ef-9214-42010a8e0014',1,'2024-05-30 02:38:47','2024-05-30 02:38:47'),
(2817,'cbadffd1-1c4b-11ef-9214-42010a8e0014',1,'2024-05-30 02:38:47','2024-05-30 02:38:47'),
(2818,'cbadffd1-1c4b-11ef-9214-42010a8e0014',1,'2024-05-30 02:38:47','2024-05-30 02:38:47'),
(2819,'cbadffd1-1c4b-11ef-9214-42010a8e0014',1,'2024-05-30 02:38:47','2024-05-30 02:38:47'),
(2820,'cbadffd1-1c4b-11ef-9214-42010a8e0014',1,'2024-05-30 02:38:47','2024-05-30 02:38:47'),
(2821,'cbadffd1-1c4b-11ef-9214-42010a8e0014',1,'2024-05-30 02:38:47','2024-05-30 02:38:47'),
(2822,'cbadffd1-1c4b-11ef-9214-42010a8e0014',1,'2024-05-30 02:38:47','2024-05-30 02:38:47'),
(2823,'cbadffd1-1c4b-11ef-9214-42010a8e0014',1,'2024-05-30 02:38:47','2024-05-30 02:38:47'),
(2824,'cbadffd1-1c4b-11ef-9214-42010a8e0014',1,'2024-05-30 02:38:47','2024-05-30 02:38:47'),
(2825,'cbadffd1-1c4b-11ef-9214-42010a8e0014',1,'2024-05-30 02:38:47','2024-05-30 02:38:47'),
(2826,'cbadffd1-1c4b-11ef-9214-42010a8e0014',1,'2024-05-30 02:38:47','2024-05-30 02:38:47'),
(2827,'cbadffd1-1c4b-11ef-9214-42010a8e0014',1,'2024-05-30 02:38:47','2024-05-30 02:38:47'),
(2828,'cbadffd1-1c4b-11ef-9214-42010a8e0014',1,'2024-05-30 02:38:47','2024-05-30 02:38:47'),
(2829,'cbadffd1-1c4b-11ef-9214-42010a8e0014',1,'2024-05-30 02:38:47','2024-05-30 02:38:47'),
(2830,'cbadffd1-1c4b-11ef-9214-42010a8e0014',1,'2024-05-30 02:38:47','2024-05-30 02:38:47'),
(2831,'cbadffd1-1c4b-11ef-9214-42010a8e0014',1,'2024-05-30 02:38:47','2024-05-30 02:38:47'),
(2832,'cbadffd1-1c4b-11ef-9214-42010a8e0014',1,'2024-05-30 02:38:47','2024-05-30 02:38:47'),
(2833,'cbadffd1-1c4b-11ef-9214-42010a8e0014',1,'2024-05-30 02:38:47','2024-05-30 02:38:47'),
(2834,'cbadffd1-1c4b-11ef-9214-42010a8e0014',1,'2024-05-30 02:38:47','2024-05-30 02:38:47'),
(2835,'cbadffd1-1c4b-11ef-9214-42010a8e0014',1,'2024-05-30 02:38:47','2024-05-30 02:38:47'),
(2836,'cbadffd1-1c4b-11ef-9214-42010a8e0014',1,'2024-05-30 02:38:47','2024-05-30 02:38:47'),
(2837,'cbadffd1-1c4b-11ef-9214-42010a8e0014',1,'2024-05-30 02:38:47','2024-05-30 02:38:47'),
(2838,'cbadffd1-1c4b-11ef-9214-42010a8e0014',1,'2024-05-30 02:38:47','2024-05-30 02:38:47'),
(2839,'cbadffd1-1c4b-11ef-9214-42010a8e0014',1,'2024-05-30 02:38:47','2024-05-30 02:38:47'),
(2840,'cbadffd1-1c4b-11ef-9214-42010a8e0014',1,'2024-05-30 02:38:47','2024-05-30 02:38:47'),
(2841,'cbadffd1-1c4b-11ef-9214-42010a8e0014',1,'2024-05-30 02:38:47','2024-05-30 02:38:47'),
(2842,'cbadffd1-1c4b-11ef-9214-42010a8e0014',1,'2024-05-30 02:38:47','2024-05-30 02:38:47'),
(2843,'cbadffd1-1c4b-11ef-9214-42010a8e0014',1,'2024-05-30 02:38:47','2024-05-30 02:38:47'),
(2844,'cbadffd1-1c4b-11ef-9214-42010a8e0014',1,'2024-05-30 02:38:47','2024-05-30 02:38:47'),
(2845,'cbadffd1-1c4b-11ef-9214-42010a8e0014',1,'2024-05-30 02:38:47','2024-05-30 02:38:47'),
(2846,'cbadffd1-1c4b-11ef-9214-42010a8e0014',1,'2024-05-30 02:38:47','2024-05-30 02:38:47'),
(2847,'cbadffd1-1c4b-11ef-9214-42010a8e0014',1,'2024-05-30 02:38:47','2024-05-30 02:38:47'),
(2848,'cbadffd1-1c4b-11ef-9214-42010a8e0014',1,'2024-05-30 02:38:47','2024-05-30 02:38:47'),
(2849,'cbadffd1-1c4b-11ef-9214-42010a8e0014',1,'2024-05-30 02:38:47','2024-05-30 02:38:47'),
(2850,'cbadffd1-1c4b-11ef-9214-42010a8e0014',1,'2024-05-30 02:38:47','2024-05-30 02:38:47'),
(2851,'cbadffd1-1c4b-11ef-9214-42010a8e0014',1,'2024-05-30 02:38:47','2024-05-30 02:38:47'),
(2852,'cbadffd1-1c4b-11ef-9214-42010a8e0014',1,'2024-05-30 02:38:47','2024-05-30 02:38:47'),
(2853,'cbadffd1-1c4b-11ef-9214-42010a8e0014',1,'2024-05-30 02:38:47','2024-05-30 02:38:47'),
(2854,'cbadffd1-1c4b-11ef-9214-42010a8e0014',1,'2024-05-30 02:38:47','2024-05-30 02:38:47'),
(2855,'cbadffd1-1c4b-11ef-9214-42010a8e0014',1,'2024-05-30 02:38:47','2024-05-30 02:38:47'),
(2856,'cbadffd1-1c4b-11ef-9214-42010a8e0014',1,'2024-05-30 02:38:47','2024-05-30 02:38:47'),
(2857,'cbadffd1-1c4b-11ef-9214-42010a8e0014',1,'2024-05-30 02:38:47','2024-05-30 02:38:47'),
(2858,'cbadffd1-1c4b-11ef-9214-42010a8e0014',1,'2024-05-30 02:38:47','2024-05-30 02:38:47'),
(2859,'cbadffd1-1c4b-11ef-9214-42010a8e0014',1,'2024-05-30 02:38:47','2024-05-30 02:38:47'),
(2860,'cbadffd1-1c4b-11ef-9214-42010a8e0014',1,'2024-05-30 02:38:48','2024-05-30 02:38:48'),
(2861,'cbadffd1-1c4b-11ef-9214-42010a8e0014',1,'2024-05-30 02:38:48','2024-05-30 02:38:48'),
(2862,'cbadffd1-1c4b-11ef-9214-42010a8e0014',1,'2024-05-30 02:38:48','2024-05-30 02:38:48'),
(2863,'cbadffd1-1c4b-11ef-9214-42010a8e0014',1,'2024-05-30 02:38:48','2024-05-30 02:38:48'),
(2864,'cbadffd1-1c4b-11ef-9214-42010a8e0014',1,'2024-05-30 02:38:48','2024-05-30 02:38:48'),
(2865,'cbadffd1-1c4b-11ef-9214-42010a8e0014',1,'2024-05-30 02:38:48','2024-05-30 02:38:48'),
(2866,'cbadffd1-1c4b-11ef-9214-42010a8e0014',1,'2024-05-30 02:38:48','2024-05-30 02:38:48'),
(2867,'cbadffd1-1c4b-11ef-9214-42010a8e0014',1,'2024-05-30 02:38:48','2024-05-30 02:38:48'),
(2868,'cbadffd1-1c4b-11ef-9214-42010a8e0014',1,'2024-05-30 02:40:12','2024-05-30 02:40:12'),
(2869,'cbadffd1-1c4b-11ef-9214-42010a8e0014',1,'2024-05-30 02:40:13','2024-05-30 02:40:13'),
(2870,'cbadffd1-1c4b-11ef-9214-42010a8e0014',1,'2024-05-30 02:40:15','2024-05-30 02:40:15'),
(2871,'cbadffd1-1c4b-11ef-9214-42010a8e0014',1,'2024-05-30 02:40:15','2024-05-30 02:40:15'),
(2872,'cbadffd1-1c4b-11ef-9214-42010a8e0014',1,'2024-05-30 02:40:16','2024-05-30 02:40:16'),
(2873,'cbadffd1-1c4b-11ef-9214-42010a8e0014',1,'2024-05-30 02:40:16','2024-05-30 02:40:16'),
(2874,'cbadffd1-1c4b-11ef-9214-42010a8e0014',1,'2024-05-30 02:40:16','2024-05-30 02:40:16'),
(2875,'cbadffd1-1c4b-11ef-9214-42010a8e0014',1,'2024-05-30 02:40:16','2024-05-30 02:40:16'),
(2876,'cbadffd1-1c4b-11ef-9214-42010a8e0014',1,'2024-05-30 02:40:16','2024-05-30 02:40:16'),
(2877,'cbadffd1-1c4b-11ef-9214-42010a8e0014',1,'2024-05-30 02:40:16','2024-05-30 02:40:16'),
(2878,'cbadffd1-1c4b-11ef-9214-42010a8e0014',1,'2024-05-30 02:40:17','2024-05-30 02:40:17'),
(2879,'cbadffd1-1c4b-11ef-9214-42010a8e0014',1,'2024-05-30 02:40:17','2024-05-30 02:40:17'),
(2880,'cbadffd1-1c4b-11ef-9214-42010a8e0014',1,'2024-05-30 02:40:18','2024-05-30 02:40:18'),
(2881,'cbadffd1-1c4b-11ef-9214-42010a8e0014',1,'2024-05-30 02:40:18','2024-05-30 02:40:18'),
(2882,'cbadffd1-1c4b-11ef-9214-42010a8e0014',1,'2024-05-30 02:40:18','2024-05-30 02:40:18'),
(2883,'cbadffd1-1c4b-11ef-9214-42010a8e0014',1,'2024-05-30 02:40:21','2024-05-30 02:40:21'),
(2884,'cbadffd1-1c4b-11ef-9214-42010a8e0014',1,'2024-05-30 02:40:21','2024-05-30 02:40:21'),
(2885,'cbadffd1-1c4b-11ef-9214-42010a8e0014',1,'2024-05-30 02:40:21','2024-05-30 02:40:21'),
(2886,'cbadffd1-1c4b-11ef-9214-42010a8e0014',1,'2024-05-30 02:40:21','2024-05-30 02:40:21'),
(2887,'cbadffd1-1c4b-11ef-9214-42010a8e0014',1,'2024-05-30 02:40:21','2024-05-30 02:40:21'),
(2888,'cbadffd1-1c4b-11ef-9214-42010a8e0014',1,'2024-05-30 02:40:21','2024-05-30 02:40:21'),
(2889,'cbadffd1-1c4b-11ef-9214-42010a8e0014',1,'2024-05-30 02:40:22','2024-05-30 02:40:22'),
(2890,'cbadffd1-1c4b-11ef-9214-42010a8e0014',1,'2024-05-30 02:40:22','2024-05-30 02:40:22'),
(2891,'cbadffd1-1c4b-11ef-9214-42010a8e0014',1,'2024-05-30 02:40:22','2024-05-30 02:40:22'),
(2892,'cbadffd1-1c4b-11ef-9214-42010a8e0014',1,'2024-05-30 02:40:22','2024-05-30 02:40:22'),
(2893,'cbadffd1-1c4b-11ef-9214-42010a8e0014',1,'2024-05-30 02:40:22','2024-05-30 02:40:22'),
(2894,'cbadffd1-1c4b-11ef-9214-42010a8e0014',1,'2024-05-30 02:40:23','2024-05-30 02:40:23'),
(2895,'cbadffd1-1c4b-11ef-9214-42010a8e0014',1,'2024-05-30 02:40:23','2024-05-30 02:40:23'),
(2896,'cbadffd1-1c4b-11ef-9214-42010a8e0014',1,'2024-05-30 02:40:25','2024-05-30 02:40:25'),
(2897,'cbadffd1-1c4b-11ef-9214-42010a8e0014',1,'2024-05-30 02:40:25','2024-05-30 02:40:25'),
(2898,'cbadffd1-1c4b-11ef-9214-42010a8e0014',1,'2024-05-30 02:40:25','2024-05-30 02:40:25'),
(2899,'cbadffd1-1c4b-11ef-9214-42010a8e0014',1,'2024-05-30 02:40:25','2024-05-30 02:40:25'),
(2900,'cbadffd1-1c4b-11ef-9214-42010a8e0014',1,'2024-05-30 02:40:25','2024-05-30 02:40:25'),
(2901,'cbadffd1-1c4b-11ef-9214-42010a8e0014',1,'2024-05-30 02:40:26','2024-05-30 02:40:26'),
(2902,'cbadffd1-1c4b-11ef-9214-42010a8e0014',1,'2024-05-30 02:40:26','2024-05-30 02:40:26'),
(2903,'cbadffd1-1c4b-11ef-9214-42010a8e0014',1,'2024-05-30 02:40:26','2024-05-30 02:40:26'),
(2904,'cbadffd1-1c4b-11ef-9214-42010a8e0014',1,'2024-05-30 02:40:27','2024-05-30 02:40:27'),
(2905,'cbadffd1-1c4b-11ef-9214-42010a8e0014',1,'2024-05-30 02:40:27','2024-05-30 02:40:27'),
(2906,'cbadffd1-1c4b-11ef-9214-42010a8e0014',1,'2024-05-30 02:40:27','2024-05-30 02:40:27'),
(2907,'cbadffd1-1c4b-11ef-9214-42010a8e0014',1,'2024-05-30 02:40:28','2024-05-30 02:40:28'),
(2908,'cbadffd1-1c4b-11ef-9214-42010a8e0014',1,'2024-05-30 02:40:28','2024-05-30 02:40:28'),
(2909,'cbadffd1-1c4b-11ef-9214-42010a8e0014',1,'2024-05-30 02:40:29','2024-05-30 02:40:29'),
(2910,'cbadffd1-1c4b-11ef-9214-42010a8e0014',1,'2024-05-30 02:40:29','2024-05-30 02:40:29'),
(2911,'cbadffd1-1c4b-11ef-9214-42010a8e0014',1,'2024-05-30 02:40:30','2024-05-30 02:40:30'),
(2912,'cbadffd1-1c4b-11ef-9214-42010a8e0014',1,'2024-05-30 02:40:30','2024-05-30 02:40:30'),
(2913,'cbadffd1-1c4b-11ef-9214-42010a8e0014',1,'2024-05-30 02:40:30','2024-05-30 02:40:30'),
(2914,'cbadffd1-1c4b-11ef-9214-42010a8e0014',1,'2024-05-30 02:40:30','2024-05-30 02:40:30'),
(2915,'cbadffd1-1c4b-11ef-9214-42010a8e0014',1,'2024-05-30 02:40:30','2024-05-30 02:40:30'),
(2916,'cbadffd1-1c4b-11ef-9214-42010a8e0014',1,'2024-05-30 02:40:31','2024-05-30 02:40:31'),
(2917,'cbadffd1-1c4b-11ef-9214-42010a8e0014',1,'2024-05-30 02:40:31','2024-05-30 02:40:31'),
(2918,'cbadffd1-1c4b-11ef-9214-42010a8e0014',1,'2024-05-30 02:40:32','2024-05-30 02:40:32'),
(2919,'cbadffd1-1c4b-11ef-9214-42010a8e0014',1,'2024-05-30 02:40:32','2024-05-30 02:40:32'),
(2920,'cbadffd1-1c4b-11ef-9214-42010a8e0014',1,'2024-05-30 02:40:33','2024-05-30 02:40:33'),
(2921,'cbadffd1-1c4b-11ef-9214-42010a8e0014',1,'2024-05-30 02:40:33','2024-05-30 02:40:33'),
(2922,'cbadffd1-1c4b-11ef-9214-42010a8e0014',1,'2024-05-30 02:40:33','2024-05-30 02:40:33'),
(2923,'cbadffd1-1c4b-11ef-9214-42010a8e0014',1,'2024-05-30 02:40:34','2024-05-30 02:40:34'),
(2924,'cbadffd1-1c4b-11ef-9214-42010a8e0014',1,'2024-05-30 02:40:34','2024-05-30 02:40:34'),
(2925,'cbadffd1-1c4b-11ef-9214-42010a8e0014',1,'2024-05-30 02:40:34','2024-05-30 02:40:34'),
(2926,'cbadffd1-1c4b-11ef-9214-42010a8e0014',1,'2024-05-30 02:40:34','2024-05-30 02:40:34'),
(2927,'cbadffd1-1c4b-11ef-9214-42010a8e0014',1,'2024-05-30 02:40:35','2024-05-30 02:40:35'),
(2928,'cbadffd1-1c4b-11ef-9214-42010a8e0014',1,'2024-05-30 02:40:35','2024-05-30 02:40:35'),
(2929,'cbadffd1-1c4b-11ef-9214-42010a8e0014',1,'2024-05-30 02:40:35','2024-05-30 02:40:35'),
(2930,'cbadffd1-1c4b-11ef-9214-42010a8e0014',1,'2024-05-30 02:40:36','2024-05-30 02:40:36'),
(2931,'cbadffd1-1c4b-11ef-9214-42010a8e0014',1,'2024-05-30 02:40:36','2024-05-30 02:40:36'),
(2932,'cbadffd1-1c4b-11ef-9214-42010a8e0014',1,'2024-05-30 02:40:37','2024-05-30 02:40:37'),
(2933,'cbadffd1-1c4b-11ef-9214-42010a8e0014',1,'2024-05-30 02:40:37','2024-05-30 02:40:37'),
(2934,'cbadffd1-1c4b-11ef-9214-42010a8e0014',1,'2024-05-30 02:40:37','2024-05-30 02:40:37'),
(2935,'cbadffd1-1c4b-11ef-9214-42010a8e0014',1,'2024-05-30 02:40:38','2024-05-30 02:40:38'),
(2936,'cbadffd1-1c4b-11ef-9214-42010a8e0014',1,'2024-05-30 02:40:38','2024-05-30 02:40:38'),
(2937,'cbadffd1-1c4b-11ef-9214-42010a8e0014',1,'2024-05-30 02:40:38','2024-05-30 02:40:38'),
(2938,'cbadffd1-1c4b-11ef-9214-42010a8e0014',1,'2024-05-30 02:40:39','2024-05-30 02:40:39'),
(2939,'cbadffd1-1c4b-11ef-9214-42010a8e0014',1,'2024-05-30 02:40:39','2024-05-30 02:40:39'),
(2940,'cbadffd1-1c4b-11ef-9214-42010a8e0014',1,'2024-05-30 02:40:40','2024-05-30 02:40:40'),
(2941,'cbadffd1-1c4b-11ef-9214-42010a8e0014',1,'2024-05-30 02:40:40','2024-05-30 02:40:40'),
(2942,'cbadffd1-1c4b-11ef-9214-42010a8e0014',1,'2024-05-30 02:40:40','2024-05-30 02:40:40'),
(2943,'cbadffd1-1c4b-11ef-9214-42010a8e0014',1,'2024-05-30 02:40:40','2024-05-30 02:40:40'),
(2944,'cbadffd1-1c4b-11ef-9214-42010a8e0014',1,'2024-05-30 02:40:40','2024-05-30 02:40:40'),
(2945,'cbadffd1-1c4b-11ef-9214-42010a8e0014',1,'2024-05-30 02:40:41','2024-05-30 02:40:41'),
(2946,'cbadffd1-1c4b-11ef-9214-42010a8e0014',1,'2024-05-30 02:40:42','2024-05-30 02:40:42'),
(2947,'cbadffd1-1c4b-11ef-9214-42010a8e0014',1,'2024-05-30 02:40:42','2024-05-30 02:40:42'),
(2948,'cbadffd1-1c4b-11ef-9214-42010a8e0014',1,'2024-05-30 02:40:42','2024-05-30 02:40:42'),
(2949,'cbadffd1-1c4b-11ef-9214-42010a8e0014',1,'2024-05-30 02:40:42','2024-05-30 02:40:42'),
(2950,'cbadffd1-1c4b-11ef-9214-42010a8e0014',1,'2024-05-30 02:40:43','2024-05-30 02:40:43'),
(2951,'cbadffd1-1c4b-11ef-9214-42010a8e0014',1,'2024-05-30 02:40:44','2024-05-30 02:40:44'),
(2952,'cbadffd1-1c4b-11ef-9214-42010a8e0014',1,'2024-05-30 02:40:44','2024-05-30 02:40:44'),
(2953,'cbadffd1-1c4b-11ef-9214-42010a8e0014',1,'2024-05-30 02:40:44','2024-05-30 02:40:44'),
(2954,'cbadffd1-1c4b-11ef-9214-42010a8e0014',1,'2024-05-30 02:40:44','2024-05-30 02:40:44'),
(2955,'cbadffd1-1c4b-11ef-9214-42010a8e0014',1,'2024-05-30 02:40:44','2024-05-30 02:40:44'),
(2956,'cbadffd1-1c4b-11ef-9214-42010a8e0014',1,'2024-05-30 02:40:45','2024-05-30 02:40:45'),
(2957,'cbadffd1-1c4b-11ef-9214-42010a8e0014',1,'2024-05-30 02:40:46','2024-05-30 02:40:46'),
(2958,'cbadffd1-1c4b-11ef-9214-42010a8e0014',1,'2024-05-30 02:40:46','2024-05-30 02:40:46'),
(2959,'cbadffd1-1c4b-11ef-9214-42010a8e0014',1,'2024-05-30 02:40:46','2024-05-30 02:40:46'),
(2960,'cbadffd1-1c4b-11ef-9214-42010a8e0014',1,'2024-05-30 02:40:46','2024-05-30 02:40:46'),
(2961,'cbadffd1-1c4b-11ef-9214-42010a8e0014',1,'2024-05-30 02:40:47','2024-05-30 02:40:47'),
(2962,'cbadffd1-1c4b-11ef-9214-42010a8e0014',1,'2024-05-30 02:40:47','2024-05-30 02:40:47'),
(2963,'cbadffd1-1c4b-11ef-9214-42010a8e0014',1,'2024-05-30 02:40:48','2024-05-30 02:40:48'),
(2964,'cbadffd1-1c4b-11ef-9214-42010a8e0014',1,'2024-05-30 02:40:48','2024-05-30 02:40:48'),
(2965,'cbadffd1-1c4b-11ef-9214-42010a8e0014',1,'2024-05-30 02:40:48','2024-05-30 02:40:48'),
(2966,'cbadffd1-1c4b-11ef-9214-42010a8e0014',1,'2024-05-30 02:40:49','2024-05-30 02:40:49'),
(2967,'cbadffd1-1c4b-11ef-9214-42010a8e0014',1,'2024-05-30 02:40:49','2024-05-30 02:40:49'),
(2968,'cbadffd1-1c4b-11ef-9214-42010a8e0014',1,'2024-05-30 02:40:49','2024-05-30 02:40:49'),
(2969,'cbadffd1-1c4b-11ef-9214-42010a8e0014',1,'2024-05-30 02:40:49','2024-05-30 02:40:49'),
(2970,'cbadffd1-1c4b-11ef-9214-42010a8e0014',1,'2024-05-30 02:40:50','2024-05-30 02:40:50'),
(2971,'cbadffd1-1c4b-11ef-9214-42010a8e0014',1,'2024-05-30 02:40:50','2024-05-30 02:40:50'),
(2972,'cbadffd1-1c4b-11ef-9214-42010a8e0014',1,'2024-05-30 02:40:50','2024-05-30 02:40:50'),
(2973,'cbadffd1-1c4b-11ef-9214-42010a8e0014',1,'2024-05-30 02:40:51','2024-05-30 02:40:51'),
(2974,'cbadffd1-1c4b-11ef-9214-42010a8e0014',1,'2024-05-30 02:40:52','2024-05-30 02:40:52'),
(2975,'cbadffd1-1c4b-11ef-9214-42010a8e0014',1,'2024-05-30 02:40:52','2024-05-30 02:40:52'),
(2976,'cbadffd1-1c4b-11ef-9214-42010a8e0014',1,'2024-05-30 02:40:52','2024-05-30 02:40:52'),
(2977,'cbadffd1-1c4b-11ef-9214-42010a8e0014',1,'2024-05-30 02:40:53','2024-05-30 02:40:53'),
(2978,'cbadffd1-1c4b-11ef-9214-42010a8e0014',1,'2024-05-30 02:40:53','2024-05-30 02:40:53'),
(2979,'cbadffd1-1c4b-11ef-9214-42010a8e0014',1,'2024-05-30 02:40:53','2024-05-30 02:40:53'),
(2980,'cbadffd1-1c4b-11ef-9214-42010a8e0014',1,'2024-05-30 02:40:54','2024-05-30 02:40:54'),
(2981,'cbadffd1-1c4b-11ef-9214-42010a8e0014',1,'2024-05-30 02:40:54','2024-05-30 02:40:54'),
(2982,'cbadffd1-1c4b-11ef-9214-42010a8e0014',1,'2024-05-30 02:40:55','2024-05-30 02:40:55'),
(2983,'cbadffd1-1c4b-11ef-9214-42010a8e0014',1,'2024-05-30 02:40:55','2024-05-30 02:40:55'),
(2984,'cbadffd1-1c4b-11ef-9214-42010a8e0014',1,'2024-05-30 02:40:56','2024-05-30 02:40:56'),
(2985,'cbadffd1-1c4b-11ef-9214-42010a8e0014',1,'2024-05-30 02:40:56','2024-05-30 02:40:56'),
(2986,'cbadffd1-1c4b-11ef-9214-42010a8e0014',1,'2024-05-30 02:40:56','2024-05-30 02:40:56'),
(2987,'cbadffd1-1c4b-11ef-9214-42010a8e0014',1,'2024-05-30 02:40:57','2024-05-30 02:40:57'),
(2988,'cbadffd1-1c4b-11ef-9214-42010a8e0014',1,'2024-05-30 02:40:57','2024-05-30 02:40:57'),
(2989,'cbadffd1-1c4b-11ef-9214-42010a8e0014',1,'2024-05-30 02:40:57','2024-05-30 02:40:57'),
(2990,'cbadffd1-1c4b-11ef-9214-42010a8e0014',1,'2024-05-30 02:40:58','2024-05-30 02:40:58'),
(2991,'cbadffd1-1c4b-11ef-9214-42010a8e0014',1,'2024-05-30 02:40:58','2024-05-30 02:40:58'),
(2992,'cbadffd1-1c4b-11ef-9214-42010a8e0014',1,'2024-05-30 02:40:58','2024-05-30 02:40:58'),
(2993,'cbadffd1-1c4b-11ef-9214-42010a8e0014',1,'2024-05-30 02:40:59','2024-05-30 02:40:59'),
(2994,'cbadffd1-1c4b-11ef-9214-42010a8e0014',1,'2024-05-30 02:40:59','2024-05-30 02:40:59'),
(2995,'cbadffd1-1c4b-11ef-9214-42010a8e0014',1,'2024-05-30 02:41:00','2024-05-30 02:41:00'),
(2996,'cbadffd1-1c4b-11ef-9214-42010a8e0014',1,'2024-05-30 02:41:00','2024-05-30 02:41:00'),
(2997,'cbadffd1-1c4b-11ef-9214-42010a8e0014',1,'2024-05-30 02:41:00','2024-05-30 02:41:00'),
(2998,'cbadffd1-1c4b-11ef-9214-42010a8e0014',1,'2024-05-30 02:41:01','2024-05-30 02:41:01'),
(2999,'cbadffd1-1c4b-11ef-9214-42010a8e0014',1,'2024-05-30 02:41:01','2024-05-30 02:41:01'),
(3000,'cbadffd1-1c4b-11ef-9214-42010a8e0014',1,'2024-05-30 02:41:02','2024-05-30 02:41:02'),
(3001,'cbadffd1-1c4b-11ef-9214-42010a8e0014',1,'2024-05-30 02:41:02','2024-05-30 02:41:02'),
(3002,'cbadffd1-1c4b-11ef-9214-42010a8e0014',1,'2024-05-30 02:41:02','2024-05-30 02:41:02'),
(3003,'cbadffd1-1c4b-11ef-9214-42010a8e0014',1,'2024-05-30 02:41:02','2024-05-30 02:41:02'),
(3004,'cbadffd1-1c4b-11ef-9214-42010a8e0014',1,'2024-05-30 02:41:03','2024-05-30 02:41:03'),
(3005,'cbadffd1-1c4b-11ef-9214-42010a8e0014',1,'2024-05-30 02:41:03','2024-05-30 02:41:03'),
(3006,'cbadffd1-1c4b-11ef-9214-42010a8e0014',1,'2024-05-30 02:41:03','2024-05-30 02:41:03'),
(3007,'cbadffd1-1c4b-11ef-9214-42010a8e0014',1,'2024-05-30 02:41:03','2024-05-30 02:41:03'),
(3008,'cbadffd1-1c4b-11ef-9214-42010a8e0014',1,'2024-05-30 02:41:04','2024-05-30 02:41:04'),
(3009,'cbadffd1-1c4b-11ef-9214-42010a8e0014',1,'2024-05-30 02:41:04','2024-05-30 02:41:04'),
(3010,'cbadffd1-1c4b-11ef-9214-42010a8e0014',1,'2024-05-30 02:41:05','2024-05-30 02:41:05'),
(3011,'cbadffd1-1c4b-11ef-9214-42010a8e0014',1,'2024-05-30 02:41:05','2024-05-30 02:41:05'),
(3012,'cbadffd1-1c4b-11ef-9214-42010a8e0014',1,'2024-05-30 02:41:05','2024-05-30 02:41:05'),
(3013,'cbadffd1-1c4b-11ef-9214-42010a8e0014',1,'2024-05-30 02:41:06','2024-05-30 02:41:06'),
(3014,'cbadffd1-1c4b-11ef-9214-42010a8e0014',1,'2024-05-30 02:41:06','2024-05-30 02:41:06'),
(3015,'cbadffd1-1c4b-11ef-9214-42010a8e0014',1,'2024-05-30 02:41:07','2024-05-30 02:41:07'),
(3016,'cbadffd1-1c4b-11ef-9214-42010a8e0014',1,'2024-05-30 02:41:07','2024-05-30 02:41:07'),
(3017,'cbadffd1-1c4b-11ef-9214-42010a8e0014',1,'2024-05-30 02:41:07','2024-05-30 02:41:07'),
(3018,'cbadffd1-1c4b-11ef-9214-42010a8e0014',1,'2024-05-30 02:41:11','2024-05-30 02:41:11'),
(3019,'cbadffd1-1c4b-11ef-9214-42010a8e0014',1,'2024-05-30 02:41:11','2024-05-30 02:41:11'),
(3020,'cbadffd1-1c4b-11ef-9214-42010a8e0014',1,'2024-05-30 02:41:12','2024-05-30 02:41:12'),
(3021,'cbadffd1-1c4b-11ef-9214-42010a8e0014',1,'2024-05-30 02:41:12','2024-05-30 02:41:12'),
(3022,'cbadffd1-1c4b-11ef-9214-42010a8e0014',1,'2024-05-30 02:41:12','2024-05-30 02:41:12'),
(3023,'cbadffd1-1c4b-11ef-9214-42010a8e0014',1,'2024-05-30 02:41:12','2024-05-30 02:41:12'),
(3024,'cbadffd1-1c4b-11ef-9214-42010a8e0014',1,'2024-05-30 02:41:13','2024-05-30 02:41:13'),
(3025,'cbadffd1-1c4b-11ef-9214-42010a8e0014',1,'2024-05-30 02:41:13','2024-05-30 02:41:13'),
(3026,'cbadffd1-1c4b-11ef-9214-42010a8e0014',1,'2024-05-30 02:41:14','2024-05-30 02:41:14'),
(3027,'cbadffd1-1c4b-11ef-9214-42010a8e0014',1,'2024-05-30 02:41:14','2024-05-30 02:41:14'),
(3028,'cbadffd1-1c4b-11ef-9214-42010a8e0014',1,'2024-05-30 02:41:14','2024-05-30 02:41:14'),
(3029,'cbadffd1-1c4b-11ef-9214-42010a8e0014',1,'2024-05-30 02:41:14','2024-05-30 02:41:14'),
(3030,'cbadffd1-1c4b-11ef-9214-42010a8e0014',1,'2024-05-30 02:41:14','2024-05-30 02:41:14'),
(3031,'cbadffd1-1c4b-11ef-9214-42010a8e0014',1,'2024-05-30 02:41:15','2024-05-30 02:41:15'),
(3032,'cbadffd1-1c4b-11ef-9214-42010a8e0014',1,'2024-05-30 02:41:15','2024-05-30 02:41:15'),
(3033,'cbadffd1-1c4b-11ef-9214-42010a8e0014',1,'2024-05-30 02:41:16','2024-05-30 02:41:16'),
(3034,'cbadffd1-1c4b-11ef-9214-42010a8e0014',1,'2024-05-30 02:41:16','2024-05-30 02:41:16'),
(3035,'cbadffd1-1c4b-11ef-9214-42010a8e0014',1,'2024-05-30 02:41:16','2024-05-30 02:41:16'),
(3036,'cbadffd1-1c4b-11ef-9214-42010a8e0014',1,'2024-05-30 02:41:16','2024-05-30 02:41:16'),
(3037,'cbadffd1-1c4b-11ef-9214-42010a8e0014',1,'2024-05-30 02:41:17','2024-05-30 02:41:17'),
(3038,'cbadffd1-1c4b-11ef-9214-42010a8e0014',1,'2024-05-30 02:41:17','2024-05-30 02:41:17'),
(3039,'cbadffd1-1c4b-11ef-9214-42010a8e0014',1,'2024-05-30 02:41:17','2024-05-30 02:41:17'),
(3040,'cbadffd1-1c4b-11ef-9214-42010a8e0014',1,'2024-05-30 02:41:18','2024-05-30 02:41:18'),
(3041,'cbadffd1-1c4b-11ef-9214-42010a8e0014',1,'2024-05-30 02:41:18','2024-05-30 02:41:18'),
(3042,'cbadffd1-1c4b-11ef-9214-42010a8e0014',1,'2024-05-30 02:41:18','2024-05-30 02:41:18'),
(3043,'cbadffd1-1c4b-11ef-9214-42010a8e0014',1,'2024-05-30 02:41:19','2024-05-30 02:41:19'),
(3044,'cbadffd1-1c4b-11ef-9214-42010a8e0014',1,'2024-05-30 02:41:19','2024-05-30 02:41:19'),
(3045,'cbadffd1-1c4b-11ef-9214-42010a8e0014',1,'2024-05-30 02:41:20','2024-05-30 02:41:20'),
(3046,'cbadffd1-1c4b-11ef-9214-42010a8e0014',1,'2024-05-30 02:41:20','2024-05-30 02:41:20'),
(3047,'cbadffd1-1c4b-11ef-9214-42010a8e0014',1,'2024-05-30 02:41:21','2024-05-30 02:41:21'),
(3048,'cbadffd1-1c4b-11ef-9214-42010a8e0014',1,'2024-05-30 02:41:21','2024-05-30 02:41:21'),
(3049,'cbadffd1-1c4b-11ef-9214-42010a8e0014',1,'2024-05-30 02:41:21','2024-05-30 02:41:21'),
(3050,'cbadffd1-1c4b-11ef-9214-42010a8e0014',1,'2024-05-30 02:41:22','2024-05-30 02:41:22'),
(3051,'cbadffd1-1c4b-11ef-9214-42010a8e0014',1,'2024-05-30 02:41:22','2024-05-30 02:41:22'),
(3052,'cbadffd1-1c4b-11ef-9214-42010a8e0014',1,'2024-05-30 02:41:22','2024-05-30 02:41:22'),
(3053,'cbadffd1-1c4b-11ef-9214-42010a8e0014',1,'2024-05-30 02:41:23','2024-05-30 02:41:23'),
(3054,'cbadffd1-1c4b-11ef-9214-42010a8e0014',1,'2024-05-30 02:41:23','2024-05-30 02:41:23'),
(3055,'cbadffd1-1c4b-11ef-9214-42010a8e0014',1,'2024-05-30 02:41:23','2024-05-30 02:41:23'),
(3056,'cbadffd1-1c4b-11ef-9214-42010a8e0014',1,'2024-05-30 02:41:23','2024-05-30 02:41:23'),
(3057,'cbadffd1-1c4b-11ef-9214-42010a8e0014',1,'2024-05-30 02:41:24','2024-05-30 02:41:24'),
(3058,'cbadffd1-1c4b-11ef-9214-42010a8e0014',1,'2024-05-30 02:41:24','2024-05-30 02:41:24'),
(3059,'cbadffd1-1c4b-11ef-9214-42010a8e0014',1,'2024-05-30 02:41:24','2024-05-30 02:41:24'),
(3060,'cbadffd1-1c4b-11ef-9214-42010a8e0014',1,'2024-05-30 02:41:25','2024-05-30 02:41:25'),
(3061,'cbadffd1-1c4b-11ef-9214-42010a8e0014',1,'2024-05-30 02:41:25','2024-05-30 02:41:25'),
(3062,'cbadffd1-1c4b-11ef-9214-42010a8e0014',1,'2024-05-30 02:41:26','2024-05-30 02:41:26'),
(3063,'cbadffd1-1c4b-11ef-9214-42010a8e0014',1,'2024-05-30 02:41:26','2024-05-30 02:41:26'),
(3064,'cbadffd1-1c4b-11ef-9214-42010a8e0014',1,'2024-05-30 02:41:27','2024-05-30 02:41:27'),
(3065,'cbadffd1-1c4b-11ef-9214-42010a8e0014',1,'2024-05-30 02:41:27','2024-05-30 02:41:27'),
(3066,'cbadffd1-1c4b-11ef-9214-42010a8e0014',1,'2024-05-30 02:41:28','2024-05-30 02:41:28'),
(3067,'cbadffd1-1c4b-11ef-9214-42010a8e0014',1,'2024-05-30 02:41:28','2024-05-30 02:41:28'),
(3068,'cbadffd1-1c4b-11ef-9214-42010a8e0014',1,'2024-05-30 02:52:18','2024-05-30 02:52:18'),
(3069,'cbadffd1-1c4b-11ef-9214-42010a8e0014',1,'2024-05-30 02:52:19','2024-05-30 02:52:19'),
(3070,'cbadffd1-1c4b-11ef-9214-42010a8e0014',1,'2024-05-30 02:52:19','2024-05-30 02:52:19'),
(3071,'cbadffd1-1c4b-11ef-9214-42010a8e0014',1,'2024-05-30 02:52:19','2024-05-30 02:52:19'),
(3072,'cbadffd1-1c4b-11ef-9214-42010a8e0014',1,'2024-05-30 02:52:20','2024-05-30 02:52:20'),
(3073,'cbadffd1-1c4b-11ef-9214-42010a8e0014',1,'2024-05-30 02:52:20','2024-05-30 02:52:20'),
(3074,'cbadffd1-1c4b-11ef-9214-42010a8e0014',1,'2024-05-30 02:52:20','2024-05-30 02:52:20'),
(3075,'cbadffd1-1c4b-11ef-9214-42010a8e0014',1,'2024-05-30 02:52:20','2024-05-30 02:52:20'),
(3076,'cbadffd1-1c4b-11ef-9214-42010a8e0014',1,'2024-05-30 02:52:21','2024-05-30 02:52:21'),
(3077,'cbadffd1-1c4b-11ef-9214-42010a8e0014',1,'2024-05-30 02:52:21','2024-05-30 02:52:21'),
(3078,'cbadffd1-1c4b-11ef-9214-42010a8e0014',1,'2024-05-30 02:52:22','2024-05-30 02:52:22'),
(3079,'cbadffd1-1c4b-11ef-9214-42010a8e0014',1,'2024-05-30 02:52:22','2024-05-30 02:52:22'),
(3080,'cbadffd1-1c4b-11ef-9214-42010a8e0014',1,'2024-05-30 02:52:23','2024-05-30 02:52:23'),
(3081,'cbadffd1-1c4b-11ef-9214-42010a8e0014',1,'2024-05-30 02:52:23','2024-05-30 02:52:23'),
(3082,'cbadffd1-1c4b-11ef-9214-42010a8e0014',1,'2024-05-30 02:52:24','2024-05-30 02:52:24'),
(3083,'cbadffd1-1c4b-11ef-9214-42010a8e0014',1,'2024-05-30 02:52:24','2024-05-30 02:52:24'),
(3084,'cbadffd1-1c4b-11ef-9214-42010a8e0014',1,'2024-05-30 02:52:25','2024-05-30 02:52:25'),
(3085,'cbadffd1-1c4b-11ef-9214-42010a8e0014',1,'2024-05-30 02:52:25','2024-05-30 02:52:25'),
(3086,'cbadffd1-1c4b-11ef-9214-42010a8e0014',1,'2024-05-30 02:52:26','2024-05-30 02:52:26'),
(3087,'cbadffd1-1c4b-11ef-9214-42010a8e0014',1,'2024-05-30 02:52:26','2024-05-30 02:52:26'),
(3088,'cbadffd1-1c4b-11ef-9214-42010a8e0014',1,'2024-05-30 02:52:27','2024-05-30 02:52:27'),
(3089,'cbadffd1-1c4b-11ef-9214-42010a8e0014',1,'2024-05-30 02:52:27','2024-05-30 02:52:27'),
(3090,'cbadffd1-1c4b-11ef-9214-42010a8e0014',1,'2024-05-30 02:52:28','2024-05-30 02:52:28'),
(3091,'cbadffd1-1c4b-11ef-9214-42010a8e0014',1,'2024-05-30 02:52:28','2024-05-30 02:52:28'),
(3092,'cbadffd1-1c4b-11ef-9214-42010a8e0014',1,'2024-05-30 02:52:29','2024-05-30 02:52:29'),
(3093,'cbadffd1-1c4b-11ef-9214-42010a8e0014',1,'2024-05-30 02:52:29','2024-05-30 02:52:29'),
(3094,'cbadffd1-1c4b-11ef-9214-42010a8e0014',1,'2024-05-30 02:52:30','2024-05-30 02:52:30'),
(3095,'cbadffd1-1c4b-11ef-9214-42010a8e0014',1,'2024-05-30 02:52:30','2024-05-30 02:52:30'),
(3096,'cbadffd1-1c4b-11ef-9214-42010a8e0014',1,'2024-05-30 02:52:31','2024-05-30 02:52:31'),
(3097,'cbadffd1-1c4b-11ef-9214-42010a8e0014',1,'2024-05-30 02:52:31','2024-05-30 02:52:31'),
(3098,'cbadffd1-1c4b-11ef-9214-42010a8e0014',1,'2024-05-30 02:52:32','2024-05-30 02:52:32'),
(3099,'cbadffd1-1c4b-11ef-9214-42010a8e0014',1,'2024-05-30 02:52:34','2024-05-30 02:52:34'),
(3100,'cbadffd1-1c4b-11ef-9214-42010a8e0014',1,'2024-05-30 02:52:34','2024-05-30 02:52:34'),
(3101,'cbadffd1-1c4b-11ef-9214-42010a8e0014',1,'2024-05-30 02:52:34','2024-05-30 02:52:34'),
(3102,'cbadffd1-1c4b-11ef-9214-42010a8e0014',1,'2024-05-30 02:52:35','2024-05-30 02:52:35'),
(3103,'cbadffd1-1c4b-11ef-9214-42010a8e0014',1,'2024-05-30 02:52:35','2024-05-30 02:52:35'),
(3104,'cbadffd1-1c4b-11ef-9214-42010a8e0014',1,'2024-05-30 02:52:35','2024-05-30 02:52:35'),
(3105,'cbadffd1-1c4b-11ef-9214-42010a8e0014',1,'2024-05-30 02:52:35','2024-05-30 02:52:35'),
(3106,'cbadffd1-1c4b-11ef-9214-42010a8e0014',1,'2024-05-30 02:52:36','2024-05-30 02:52:36'),
(3107,'cbadffd1-1c4b-11ef-9214-42010a8e0014',1,'2024-05-30 02:52:36','2024-05-30 02:52:36'),
(3108,'cbadffd1-1c4b-11ef-9214-42010a8e0014',1,'2024-05-30 02:52:37','2024-05-30 02:52:37'),
(3109,'cbadffd1-1c4b-11ef-9214-42010a8e0014',1,'2024-05-30 02:52:37','2024-05-30 02:52:37'),
(3110,'cbadffd1-1c4b-11ef-9214-42010a8e0014',1,'2024-05-30 02:52:38','2024-05-30 02:52:38'),
(3111,'cbadffd1-1c4b-11ef-9214-42010a8e0014',1,'2024-05-30 02:52:38','2024-05-30 02:52:38'),
(3112,'cbadffd1-1c4b-11ef-9214-42010a8e0014',1,'2024-05-30 02:52:39','2024-05-30 02:52:39'),
(3113,'cbadffd1-1c4b-11ef-9214-42010a8e0014',1,'2024-05-30 02:52:39','2024-05-30 02:52:39'),
(3114,'cbadffd1-1c4b-11ef-9214-42010a8e0014',1,'2024-05-30 02:52:40','2024-05-30 02:52:40'),
(3115,'cbadffd1-1c4b-11ef-9214-42010a8e0014',1,'2024-05-30 02:52:40','2024-05-30 02:52:40'),
(3116,'cbadffd1-1c4b-11ef-9214-42010a8e0014',1,'2024-05-30 02:52:41','2024-05-30 02:52:41'),
(3117,'cbadffd1-1c4b-11ef-9214-42010a8e0014',1,'2024-05-30 02:52:42','2024-05-30 02:52:42'),
(3118,'cbadffd1-1c4b-11ef-9214-42010a8e0014',1,'2024-05-30 02:52:42','2024-05-30 02:52:42'),
(3119,'cbadffd1-1c4b-11ef-9214-42010a8e0014',1,'2024-05-30 02:52:42','2024-05-30 02:52:42'),
(3120,'cbadffd1-1c4b-11ef-9214-42010a8e0014',1,'2024-05-30 02:52:43','2024-05-30 02:52:43'),
(3121,'cbadffd1-1c4b-11ef-9214-42010a8e0014',1,'2024-05-30 02:52:43','2024-05-30 02:52:43'),
(3122,'cbadffd1-1c4b-11ef-9214-42010a8e0014',1,'2024-05-30 02:52:44','2024-05-30 02:52:44'),
(3123,'cbadffd1-1c4b-11ef-9214-42010a8e0014',1,'2024-05-30 02:52:45','2024-05-30 02:52:45'),
(3124,'cbadffd1-1c4b-11ef-9214-42010a8e0014',1,'2024-05-30 02:52:45','2024-05-30 02:52:45'),
(3125,'cbadffd1-1c4b-11ef-9214-42010a8e0014',1,'2024-05-30 02:52:47','2024-05-30 02:52:47'),
(3126,'cbadffd1-1c4b-11ef-9214-42010a8e0014',1,'2024-05-30 02:52:47','2024-05-30 02:52:47'),
(3127,'cbadffd1-1c4b-11ef-9214-42010a8e0014',1,'2024-05-30 02:52:47','2024-05-30 02:52:47'),
(3128,'cbadffd1-1c4b-11ef-9214-42010a8e0014',1,'2024-05-30 02:52:48','2024-05-30 02:52:48'),
(3129,'cbadffd1-1c4b-11ef-9214-42010a8e0014',1,'2024-05-30 02:52:48','2024-05-30 02:52:48'),
(3130,'cbadffd1-1c4b-11ef-9214-42010a8e0014',1,'2024-05-30 02:52:51','2024-05-30 02:52:51'),
(3131,'cbadffd1-1c4b-11ef-9214-42010a8e0014',1,'2024-05-30 02:52:51','2024-05-30 02:52:51'),
(3132,'cbadffd1-1c4b-11ef-9214-42010a8e0014',1,'2024-05-30 02:52:52','2024-05-30 02:52:52'),
(3133,'cbadffd1-1c4b-11ef-9214-42010a8e0014',1,'2024-05-30 02:52:52','2024-05-30 02:52:52'),
(3134,'cbadffd1-1c4b-11ef-9214-42010a8e0014',1,'2024-05-30 02:52:52','2024-05-30 02:52:52'),
(3135,'cbadffd1-1c4b-11ef-9214-42010a8e0014',1,'2024-05-30 02:52:52','2024-05-30 02:52:52'),
(3136,'cbadffd1-1c4b-11ef-9214-42010a8e0014',1,'2024-05-30 02:52:53','2024-05-30 02:52:53'),
(3137,'cbadffd1-1c4b-11ef-9214-42010a8e0014',1,'2024-05-30 02:52:53','2024-05-30 02:52:53'),
(3138,'cbadffd1-1c4b-11ef-9214-42010a8e0014',1,'2024-05-30 02:52:54','2024-05-30 02:52:54'),
(3139,'cbadffd1-1c4b-11ef-9214-42010a8e0014',1,'2024-05-30 02:52:54','2024-05-30 02:52:54'),
(3140,'cbadffd1-1c4b-11ef-9214-42010a8e0014',1,'2024-05-30 02:52:54','2024-05-30 02:52:54'),
(3141,'cbadffd1-1c4b-11ef-9214-42010a8e0014',1,'2024-05-30 02:52:54','2024-05-30 02:52:54'),
(3142,'cbadffd1-1c4b-11ef-9214-42010a8e0014',1,'2024-05-30 02:52:54','2024-05-30 02:52:54'),
(3143,'cbadffd1-1c4b-11ef-9214-42010a8e0014',1,'2024-05-30 02:52:55','2024-05-30 02:52:55'),
(3144,'cbadffd1-1c4b-11ef-9214-42010a8e0014',1,'2024-05-30 02:52:56','2024-05-30 02:52:56'),
(3145,'cbadffd1-1c4b-11ef-9214-42010a8e0014',1,'2024-05-30 02:52:56','2024-05-30 02:52:56'),
(3146,'cbadffd1-1c4b-11ef-9214-42010a8e0014',1,'2024-05-30 02:52:56','2024-05-30 02:52:56'),
(3147,'cbadffd1-1c4b-11ef-9214-42010a8e0014',1,'2024-05-30 02:52:57','2024-05-30 02:52:57'),
(3148,'cbadffd1-1c4b-11ef-9214-42010a8e0014',1,'2024-05-30 02:52:57','2024-05-30 02:52:57'),
(3149,'cbadffd1-1c4b-11ef-9214-42010a8e0014',1,'2024-05-30 02:52:57','2024-05-30 02:52:57'),
(3150,'cbadffd1-1c4b-11ef-9214-42010a8e0014',1,'2024-05-30 02:53:00','2024-05-30 02:53:00'),
(3151,'cbadffd1-1c4b-11ef-9214-42010a8e0014',1,'2024-05-30 02:53:00','2024-05-30 02:53:00'),
(3152,'cbadffd1-1c4b-11ef-9214-42010a8e0014',1,'2024-05-30 02:53:00','2024-05-30 02:53:00'),
(3153,'cbadffd1-1c4b-11ef-9214-42010a8e0014',1,'2024-05-30 02:53:01','2024-05-30 02:53:01'),
(3154,'cbadffd1-1c4b-11ef-9214-42010a8e0014',1,'2024-05-30 02:53:01','2024-05-30 02:53:01'),
(3155,'cbadffd1-1c4b-11ef-9214-42010a8e0014',1,'2024-05-30 02:53:01','2024-05-30 02:53:01'),
(3156,'cbadffd1-1c4b-11ef-9214-42010a8e0014',1,'2024-05-30 02:53:01','2024-05-30 02:53:01'),
(3157,'cbadffd1-1c4b-11ef-9214-42010a8e0014',1,'2024-05-30 02:53:02','2024-05-30 02:53:02'),
(3158,'cbadffd1-1c4b-11ef-9214-42010a8e0014',1,'2024-05-30 02:53:02','2024-05-30 02:53:02'),
(3159,'cbadffd1-1c4b-11ef-9214-42010a8e0014',1,'2024-05-30 02:53:02','2024-05-30 02:53:02'),
(3160,'cbadffd1-1c4b-11ef-9214-42010a8e0014',1,'2024-05-30 02:53:03','2024-05-30 02:53:03'),
(3161,'cbadffd1-1c4b-11ef-9214-42010a8e0014',1,'2024-05-30 02:53:03','2024-05-30 02:53:03'),
(3162,'cbadffd1-1c4b-11ef-9214-42010a8e0014',1,'2024-05-30 02:53:04','2024-05-30 02:53:04'),
(3163,'cbadffd1-1c4b-11ef-9214-42010a8e0014',1,'2024-05-30 02:53:05','2024-05-30 02:53:05'),
(3164,'cbadffd1-1c4b-11ef-9214-42010a8e0014',1,'2024-05-30 02:53:05','2024-05-30 02:53:05'),
(3165,'cbadffd1-1c4b-11ef-9214-42010a8e0014',1,'2024-05-30 02:53:05','2024-05-30 02:53:05'),
(3166,'cbadffd1-1c4b-11ef-9214-42010a8e0014',1,'2024-05-30 02:53:07','2024-05-30 02:53:07'),
(3167,'cbadffd1-1c4b-11ef-9214-42010a8e0014',1,'2024-05-30 02:53:07','2024-05-30 02:53:07'),
(3168,'cbadffd1-1c4b-11ef-9214-42010a8e0014',1,'2024-05-30 02:53:07','2024-05-30 02:53:07'),
(3169,'cbadffd1-1c4b-11ef-9214-42010a8e0014',1,'2024-05-30 02:53:07','2024-05-30 02:53:07'),
(3170,'cbadffd1-1c4b-11ef-9214-42010a8e0014',1,'2024-05-30 02:53:08','2024-05-30 02:53:08'),
(3171,'cbadffd1-1c4b-11ef-9214-42010a8e0014',1,'2024-05-30 02:53:08','2024-05-30 02:53:08'),
(3172,'cbadffd1-1c4b-11ef-9214-42010a8e0014',1,'2024-05-30 02:53:09','2024-05-30 02:53:09'),
(3173,'cbadffd1-1c4b-11ef-9214-42010a8e0014',1,'2024-05-30 02:53:09','2024-05-30 02:53:09'),
(3174,'cbadffd1-1c4b-11ef-9214-42010a8e0014',1,'2024-05-30 02:53:10','2024-05-30 02:53:10'),
(3175,'cbadffd1-1c4b-11ef-9214-42010a8e0014',1,'2024-05-30 02:53:10','2024-05-30 02:53:10'),
(3176,'cbadffd1-1c4b-11ef-9214-42010a8e0014',1,'2024-05-30 02:53:11','2024-05-30 02:53:11'),
(3177,'cbadffd1-1c4b-11ef-9214-42010a8e0014',1,'2024-05-30 02:53:12','2024-05-30 02:53:12'),
(3178,'cbadffd1-1c4b-11ef-9214-42010a8e0014',1,'2024-05-30 02:53:12','2024-05-30 02:53:12'),
(3179,'cbadffd1-1c4b-11ef-9214-42010a8e0014',1,'2024-05-30 02:53:12','2024-05-30 02:53:12'),
(3180,'cbadffd1-1c4b-11ef-9214-42010a8e0014',1,'2024-05-30 02:53:13','2024-05-30 02:53:13'),
(3181,'cbadffd1-1c4b-11ef-9214-42010a8e0014',1,'2024-05-30 02:53:16','2024-05-30 02:53:16'),
(3182,'cbadffd1-1c4b-11ef-9214-42010a8e0014',1,'2024-05-30 02:53:16','2024-05-30 02:53:16'),
(3183,'cbadffd1-1c4b-11ef-9214-42010a8e0014',1,'2024-05-30 02:53:18','2024-05-30 02:53:18'),
(3184,'cbadffd1-1c4b-11ef-9214-42010a8e0014',1,'2024-05-30 02:53:18','2024-05-30 02:53:18'),
(3185,'cbadffd1-1c4b-11ef-9214-42010a8e0014',1,'2024-05-30 02:53:18','2024-05-30 02:53:18'),
(3186,'cbadffd1-1c4b-11ef-9214-42010a8e0014',1,'2024-05-30 02:53:18','2024-05-30 02:53:18'),
(3187,'cbadffd1-1c4b-11ef-9214-42010a8e0014',1,'2024-05-30 02:53:19','2024-05-30 02:53:19'),
(3188,'cbadffd1-1c4b-11ef-9214-42010a8e0014',1,'2024-05-30 02:53:19','2024-05-30 02:53:19'),
(3189,'cbadffd1-1c4b-11ef-9214-42010a8e0014',1,'2024-05-30 02:53:19','2024-05-30 02:53:19'),
(3190,'cbadffd1-1c4b-11ef-9214-42010a8e0014',1,'2024-05-30 02:53:20','2024-05-30 02:53:20'),
(3191,'cbadffd1-1c4b-11ef-9214-42010a8e0014',1,'2024-05-30 02:53:20','2024-05-30 02:53:20'),
(3192,'cbadffd1-1c4b-11ef-9214-42010a8e0014',1,'2024-05-30 02:53:22','2024-05-30 02:53:22'),
(3193,'cbadffd1-1c4b-11ef-9214-42010a8e0014',1,'2024-05-30 02:53:22','2024-05-30 02:53:22'),
(3194,'cbadffd1-1c4b-11ef-9214-42010a8e0014',1,'2024-05-30 02:53:22','2024-05-30 02:53:22'),
(3195,'cbadffd1-1c4b-11ef-9214-42010a8e0014',1,'2024-05-30 02:53:22','2024-05-30 02:53:22'),
(3196,'cbadffd1-1c4b-11ef-9214-42010a8e0014',1,'2024-05-30 02:53:23','2024-05-30 02:53:23'),
(3197,'cbadffd1-1c4b-11ef-9214-42010a8e0014',1,'2024-05-30 02:53:23','2024-05-30 02:53:23'),
(3198,'cbadffd1-1c4b-11ef-9214-42010a8e0014',1,'2024-05-30 02:53:23','2024-05-30 02:53:23'),
(3199,'cbadffd1-1c4b-11ef-9214-42010a8e0014',1,'2024-05-30 02:53:23','2024-05-30 02:53:23'),
(3200,'cbadffd1-1c4b-11ef-9214-42010a8e0014',1,'2024-05-30 02:53:24','2024-05-30 02:53:24'),
(3201,'cbadffd1-1c4b-11ef-9214-42010a8e0014',1,'2024-05-30 02:53:25','2024-05-30 02:53:25'),
(3202,'cbadffd1-1c4b-11ef-9214-42010a8e0014',1,'2024-05-30 02:53:25','2024-05-30 02:53:25'),
(3203,'cbadffd1-1c4b-11ef-9214-42010a8e0014',1,'2024-05-30 02:53:25','2024-05-30 02:53:25'),
(3204,'cbadffd1-1c4b-11ef-9214-42010a8e0014',1,'2024-05-30 02:53:25','2024-05-30 02:53:25'),
(3205,'cbadffd1-1c4b-11ef-9214-42010a8e0014',1,'2024-05-30 02:53:25','2024-05-30 02:53:25'),
(3206,'cbadffd1-1c4b-11ef-9214-42010a8e0014',1,'2024-05-30 02:53:29','2024-05-30 02:53:29'),
(3207,'cbadffd1-1c4b-11ef-9214-42010a8e0014',1,'2024-05-30 02:53:29','2024-05-30 02:53:29'),
(3208,'cbadffd1-1c4b-11ef-9214-42010a8e0014',1,'2024-05-30 02:53:29','2024-05-30 02:53:29'),
(3209,'cbadffd1-1c4b-11ef-9214-42010a8e0014',1,'2024-05-30 02:53:30','2024-05-30 02:53:30'),
(3210,'cbadffd1-1c4b-11ef-9214-42010a8e0014',1,'2024-05-30 02:53:30','2024-05-30 02:53:30'),
(3211,'cbadffd1-1c4b-11ef-9214-42010a8e0014',1,'2024-05-30 02:53:30','2024-05-30 02:53:30'),
(3212,'cbadffd1-1c4b-11ef-9214-42010a8e0014',1,'2024-05-30 02:53:30','2024-05-30 02:53:30'),
(3213,'cbadffd1-1c4b-11ef-9214-42010a8e0014',1,'2024-05-30 02:53:31','2024-05-30 02:53:31'),
(3214,'cbadffd1-1c4b-11ef-9214-42010a8e0014',1,'2024-05-30 02:53:31','2024-05-30 02:53:31'),
(3215,'cbadffd1-1c4b-11ef-9214-42010a8e0014',1,'2024-05-30 02:53:31','2024-05-30 02:53:31'),
(3216,'cbadffd1-1c4b-11ef-9214-42010a8e0014',1,'2024-05-30 02:53:32','2024-05-30 02:53:32'),
(3217,'cbadffd1-1c4b-11ef-9214-42010a8e0014',1,'2024-05-30 02:53:32','2024-05-30 02:53:32'),
(3218,'cbadffd1-1c4b-11ef-9214-42010a8e0014',1,'2024-05-30 02:53:33','2024-05-30 02:53:33'),
(3219,'cbadffd1-1c4b-11ef-9214-42010a8e0014',1,'2024-05-30 02:53:35','2024-05-30 02:53:35'),
(3220,'cbadffd1-1c4b-11ef-9214-42010a8e0014',1,'2024-05-30 02:53:35','2024-05-30 02:53:35'),
(3221,'cbadffd1-1c4b-11ef-9214-42010a8e0014',1,'2024-05-30 02:53:35','2024-05-30 02:53:35'),
(3222,'cbadffd1-1c4b-11ef-9214-42010a8e0014',1,'2024-05-30 02:53:36','2024-05-30 02:53:36'),
(3223,'cbadffd1-1c4b-11ef-9214-42010a8e0014',1,'2024-05-30 02:53:36','2024-05-30 02:53:36'),
(3224,'cbadffd1-1c4b-11ef-9214-42010a8e0014',1,'2024-05-30 02:53:36','2024-05-30 02:53:36'),
(3225,'cbadffd1-1c4b-11ef-9214-42010a8e0014',1,'2024-05-30 02:53:36','2024-05-30 02:53:36'),
(3226,'cbadffd1-1c4b-11ef-9214-42010a8e0014',1,'2024-05-30 02:53:37','2024-05-30 02:53:37'),
(3227,'cbadffd1-1c4b-11ef-9214-42010a8e0014',1,'2024-05-30 02:53:37','2024-05-30 02:53:37'),
(3228,'cbadffd1-1c4b-11ef-9214-42010a8e0014',1,'2024-05-30 02:53:37','2024-05-30 02:53:37'),
(3229,'cbadffd1-1c4b-11ef-9214-42010a8e0014',1,'2024-05-30 02:53:40','2024-05-30 02:53:40'),
(3230,'cbadffd1-1c4b-11ef-9214-42010a8e0014',1,'2024-05-30 02:53:40','2024-05-30 02:53:40'),
(3231,'cbadffd1-1c4b-11ef-9214-42010a8e0014',1,'2024-05-30 02:53:40','2024-05-30 02:53:40'),
(3232,'cbadffd1-1c4b-11ef-9214-42010a8e0014',1,'2024-05-30 02:53:40','2024-05-30 02:53:40'),
(3233,'cbadffd1-1c4b-11ef-9214-42010a8e0014',1,'2024-05-30 02:53:41','2024-05-30 02:53:41'),
(3234,'cbadffd1-1c4b-11ef-9214-42010a8e0014',1,'2024-05-30 02:53:41','2024-05-30 02:53:41'),
(3235,'cbadffd1-1c4b-11ef-9214-42010a8e0014',1,'2024-05-30 02:53:41','2024-05-30 02:53:41'),
(3236,'cbadffd1-1c4b-11ef-9214-42010a8e0014',1,'2024-05-30 02:53:42','2024-05-30 02:53:42'),
(3237,'cbadffd1-1c4b-11ef-9214-42010a8e0014',1,'2024-05-30 02:53:42','2024-05-30 02:53:42'),
(3238,'cbadffd1-1c4b-11ef-9214-42010a8e0014',1,'2024-05-30 02:53:44','2024-05-30 02:53:44'),
(3239,'cbadffd1-1c4b-11ef-9214-42010a8e0014',1,'2024-05-30 02:53:45','2024-05-30 02:53:45'),
(3240,'cbadffd1-1c4b-11ef-9214-42010a8e0014',1,'2024-05-30 02:53:46','2024-05-30 02:53:46'),
(3241,'cbadffd1-1c4b-11ef-9214-42010a8e0014',1,'2024-05-30 02:53:46','2024-05-30 02:53:46'),
(3242,'cbadffd1-1c4b-11ef-9214-42010a8e0014',1,'2024-05-30 02:53:46','2024-05-30 02:53:46'),
(3243,'cbadffd1-1c4b-11ef-9214-42010a8e0014',1,'2024-05-30 02:53:46','2024-05-30 02:53:46'),
(3244,'cbadffd1-1c4b-11ef-9214-42010a8e0014',1,'2024-05-30 02:53:46','2024-05-30 02:53:46'),
(3245,'cbadffd1-1c4b-11ef-9214-42010a8e0014',1,'2024-05-30 02:53:47','2024-05-30 02:53:47'),
(3246,'cbadffd1-1c4b-11ef-9214-42010a8e0014',1,'2024-05-30 02:53:47','2024-05-30 02:53:47'),
(3247,'cbadffd1-1c4b-11ef-9214-42010a8e0014',1,'2024-05-30 02:53:47','2024-05-30 02:53:47'),
(3248,'cbadffd1-1c4b-11ef-9214-42010a8e0014',1,'2024-05-30 02:53:48','2024-05-30 02:53:48'),
(3249,'cbadffd1-1c4b-11ef-9214-42010a8e0014',1,'2024-05-30 02:53:48','2024-05-30 02:53:48'),
(3250,'cbadffd1-1c4b-11ef-9214-42010a8e0014',1,'2024-05-30 02:53:48','2024-05-30 02:53:48'),
(3251,'cbadffd1-1c4b-11ef-9214-42010a8e0014',1,'2024-05-30 02:53:48','2024-05-30 02:53:48'),
(3252,'cbadffd1-1c4b-11ef-9214-42010a8e0014',1,'2024-05-30 02:53:49','2024-05-30 02:53:49'),
(3253,'cbadffd1-1c4b-11ef-9214-42010a8e0014',1,'2024-05-30 02:53:49','2024-05-30 02:53:49'),
(3254,'cbadffd1-1c4b-11ef-9214-42010a8e0014',1,'2024-05-30 02:53:50','2024-05-30 02:53:50'),
(3255,'cbadffd1-1c4b-11ef-9214-42010a8e0014',1,'2024-05-30 02:53:50','2024-05-30 02:53:50'),
(3256,'cbadffd1-1c4b-11ef-9214-42010a8e0014',1,'2024-05-30 02:53:51','2024-05-30 02:53:51'),
(3257,'cbadffd1-1c4b-11ef-9214-42010a8e0014',1,'2024-05-30 02:53:51','2024-05-30 02:53:51'),
(3258,'cbadffd1-1c4b-11ef-9214-42010a8e0014',1,'2024-05-30 02:53:52','2024-05-30 02:53:52'),
(3259,'cbadffd1-1c4b-11ef-9214-42010a8e0014',1,'2024-05-30 02:53:52','2024-05-30 02:53:52'),
(3260,'cbadffd1-1c4b-11ef-9214-42010a8e0014',1,'2024-05-30 02:53:53','2024-05-30 02:53:53'),
(3261,'cbadffd1-1c4b-11ef-9214-42010a8e0014',1,'2024-05-30 02:53:53','2024-05-30 02:53:53'),
(3262,'cbadffd1-1c4b-11ef-9214-42010a8e0014',1,'2024-05-30 02:53:54','2024-05-30 02:53:54'),
(3263,'cbadffd1-1c4b-11ef-9214-42010a8e0014',1,'2024-05-30 02:53:54','2024-05-30 02:53:54'),
(3264,'cbadffd1-1c4b-11ef-9214-42010a8e0014',1,'2024-05-30 02:53:55','2024-05-30 02:53:55'),
(3265,'cbadffd1-1c4b-11ef-9214-42010a8e0014',1,'2024-05-30 02:53:55','2024-05-30 02:53:55'),
(3266,'cbadffd1-1c4b-11ef-9214-42010a8e0014',1,'2024-05-30 02:53:56','2024-05-30 02:53:56'),
(3267,'cbadffd1-1c4b-11ef-9214-42010a8e0014',1,'2024-05-30 02:53:56','2024-05-30 02:53:56'),
(3268,'cbae4f01-1c4b-11ef-9214-42010a8e0014',1,'2024-05-30 02:56:40','2024-05-30 02:56:40'),
(3269,'cbae4f01-1c4b-11ef-9214-42010a8e0014',1,'2024-05-30 02:56:41','2024-05-30 02:56:41'),
(3270,'cbae4f01-1c4b-11ef-9214-42010a8e0014',1,'2024-05-30 03:03:36','2024-05-30 03:03:36'),
(3271,'cbadffd1-1c4b-11ef-9214-42010a8e0014',1,'2024-05-30 03:05:03','2024-05-30 03:05:03'),
(3272,'cbae0828-1c4b-11ef-9214-42010a8e0014',1,'2024-05-30 03:05:04','2024-05-30 03:05:04'),
(3273,'cbae08ce-1c4b-11ef-9214-42010a8e0014',1,'2024-05-30 03:05:05','2024-05-30 03:05:05'),
(3274,'cbae110b-1c4b-11ef-9214-42010a8e0014',1,'2024-05-30 03:05:06','2024-05-30 03:05:06'),
(3275,'cbadffd1-1c4b-11ef-9214-42010a8e0014',1,'2024-05-30 03:05:07','2024-05-30 03:05:07'),
(3276,'cbae0828-1c4b-11ef-9214-42010a8e0014',1,'2024-05-30 03:05:07','2024-05-30 03:05:07'),
(3277,'cbae08ce-1c4b-11ef-9214-42010a8e0014',1,'2024-05-30 03:05:08','2024-05-30 03:05:08'),
(3278,'cbae110b-1c4b-11ef-9214-42010a8e0014',1,'2024-05-30 03:05:10','2024-05-30 03:05:10'),
(3279,'cbadffd1-1c4b-11ef-9214-42010a8e0014',1,'2024-05-30 03:05:25','2024-05-30 03:05:25'),
(3280,'cbae0828-1c4b-11ef-9214-42010a8e0014',1,'2024-05-30 03:05:26','2024-05-30 03:05:26'),
(3281,'cbae08ce-1c4b-11ef-9214-42010a8e0014',1,'2024-05-30 03:05:26','2024-05-30 03:05:26'),
(3282,'cbae110b-1c4b-11ef-9214-42010a8e0014',1,'2024-05-30 03:05:27','2024-05-30 03:05:27'),
(3283,'cbadffd1-1c4b-11ef-9214-42010a8e0014',1,'2024-05-30 03:05:28','2024-05-30 03:05:28'),
(3284,'cbae0828-1c4b-11ef-9214-42010a8e0014',1,'2024-05-30 03:05:29','2024-05-30 03:05:29'),
(3285,'cbae08ce-1c4b-11ef-9214-42010a8e0014',1,'2024-05-30 03:05:30','2024-05-30 03:05:30'),
(3286,'cbae110b-1c4b-11ef-9214-42010a8e0014',1,'2024-05-30 03:05:31','2024-05-30 03:05:31'),
(3287,'cbadffd1-1c4b-11ef-9214-42010a8e0014',1,'2024-05-30 03:05:32','2024-05-30 03:05:32'),
(3288,'cbae0828-1c4b-11ef-9214-42010a8e0014',1,'2024-05-30 03:05:33','2024-05-30 03:05:33'),
(3289,'cbae08ce-1c4b-11ef-9214-42010a8e0014',1,'2024-05-30 03:05:34','2024-05-30 03:05:34'),
(3290,'cbae110b-1c4b-11ef-9214-42010a8e0014',1,'2024-05-30 03:05:35','2024-05-30 03:05:35'),
(3291,'cbadffd1-1c4b-11ef-9214-42010a8e0014',1,'2024-05-30 03:05:36','2024-05-30 03:05:36'),
(3292,'cbae0828-1c4b-11ef-9214-42010a8e0014',1,'2024-05-30 03:05:37','2024-05-30 03:05:37'),
(3293,'cbae08ce-1c4b-11ef-9214-42010a8e0014',1,'2024-05-30 03:05:38','2024-05-30 03:05:38'),
(3294,'cbae110b-1c4b-11ef-9214-42010a8e0014',1,'2024-05-30 03:05:39','2024-05-30 03:05:39'),
(3295,'cbadffd1-1c4b-11ef-9214-42010a8e0014',1,'2024-05-30 03:05:40','2024-05-30 03:05:40'),
(3296,'cbae0828-1c4b-11ef-9214-42010a8e0014',1,'2024-05-30 03:05:41','2024-05-30 03:05:41'),
(3297,'cbae08ce-1c4b-11ef-9214-42010a8e0014',1,'2024-05-30 03:05:42','2024-05-30 03:05:42'),
(3298,'cbae110b-1c4b-11ef-9214-42010a8e0014',1,'2024-05-30 03:05:43','2024-05-30 03:05:43'),
(3299,'cbadffd1-1c4b-11ef-9214-42010a8e0014',1,'2024-05-30 03:05:44','2024-05-30 03:05:44'),
(3300,'cbae0828-1c4b-11ef-9214-42010a8e0014',1,'2024-05-30 03:05:45','2024-05-30 03:05:45'),
(3301,'cbae08ce-1c4b-11ef-9214-42010a8e0014',1,'2024-05-30 03:05:46','2024-05-30 03:05:46'),
(3302,'cbae0828-1c4b-11ef-9214-42010a8e0014',1,'2024-05-30 03:05:50','2024-05-30 03:05:50'),
(3303,'cbadffd1-1c4b-11ef-9214-42010a8e0014',1,'2024-05-30 03:05:50','2024-05-30 03:05:50'),
(3304,'cbae110b-1c4b-11ef-9214-42010a8e0014',1,'2024-05-30 03:05:51','2024-05-30 03:05:51'),
(3305,'cbae08ce-1c4b-11ef-9214-42010a8e0014',1,'2024-05-30 03:05:52','2024-05-30 03:05:52'),
(3306,'cbae110b-1c4b-11ef-9214-42010a8e0014',1,'2024-05-30 03:05:53','2024-05-30 03:05:53'),
(3307,'cbadffd1-1c4b-11ef-9214-42010a8e0014',1,'2024-05-30 03:05:53','2024-05-30 03:05:53'),
(3308,'cbae0828-1c4b-11ef-9214-42010a8e0014',1,'2024-05-30 03:05:53','2024-05-30 03:05:53'),
(3309,'cbae08ce-1c4b-11ef-9214-42010a8e0014',1,'2024-05-30 03:05:54','2024-05-30 03:05:54'),
(3310,'cbae110b-1c4b-11ef-9214-42010a8e0014',1,'2024-05-30 03:05:55','2024-05-30 03:05:55'),
(3311,'cbadffd1-1c4b-11ef-9214-42010a8e0014',1,'2024-05-30 03:05:56','2024-05-30 03:05:56'),
(3312,'cbae0828-1c4b-11ef-9214-42010a8e0014',1,'2024-05-30 03:05:57','2024-05-30 03:05:57'),
(3313,'cbae08ce-1c4b-11ef-9214-42010a8e0014',1,'2024-05-30 03:05:58','2024-05-30 03:05:58'),
(3314,'cbae110b-1c4b-11ef-9214-42010a8e0014',1,'2024-05-30 03:05:59','2024-05-30 03:05:59'),
(3315,'cbadffd1-1c4b-11ef-9214-42010a8e0014',1,'2024-05-30 03:06:00','2024-05-30 03:06:00'),
(3316,'cbae0828-1c4b-11ef-9214-42010a8e0014',1,'2024-05-30 03:06:01','2024-05-30 03:06:01'),
(3317,'cbae08ce-1c4b-11ef-9214-42010a8e0014',1,'2024-05-30 03:06:02','2024-05-30 03:06:02'),
(3318,'cbae110b-1c4b-11ef-9214-42010a8e0014',1,'2024-05-30 03:06:03','2024-05-30 03:06:03'),
(3319,'cbadffd1-1c4b-11ef-9214-42010a8e0014',1,'2024-05-30 03:06:04','2024-05-30 03:06:04'),
(3320,'cbae0828-1c4b-11ef-9214-42010a8e0014',1,'2024-05-30 03:06:05','2024-05-30 03:06:05'),
(3321,'cbae08ce-1c4b-11ef-9214-42010a8e0014',1,'2024-05-30 03:06:06','2024-05-30 03:06:06'),
(3322,'cbae110b-1c4b-11ef-9214-42010a8e0014',1,'2024-05-30 03:06:07','2024-05-30 03:06:07'),
(3323,'cbadffd1-1c4b-11ef-9214-42010a8e0014',1,'2024-05-30 03:06:08','2024-05-30 03:06:08'),
(3324,'cbae0828-1c4b-11ef-9214-42010a8e0014',1,'2024-05-30 03:06:09','2024-05-30 03:06:09'),
(3325,'cbae08ce-1c4b-11ef-9214-42010a8e0014',1,'2024-05-30 03:06:10','2024-05-30 03:06:10'),
(3326,'cbae110b-1c4b-11ef-9214-42010a8e0014',1,'2024-05-30 03:06:11','2024-05-30 03:06:11'),
(3327,'cbadffd1-1c4b-11ef-9214-42010a8e0014',1,'2024-05-30 03:06:12','2024-05-30 03:06:12'),
(3328,'cbae0828-1c4b-11ef-9214-42010a8e0014',1,'2024-05-30 03:06:13','2024-05-30 03:06:13'),
(3329,'cbae08ce-1c4b-11ef-9214-42010a8e0014',1,'2024-05-30 03:06:14','2024-05-30 03:06:14'),
(3330,'cbae110b-1c4b-11ef-9214-42010a8e0014',1,'2024-05-30 03:06:15','2024-05-30 03:06:15'),
(3331,'cbadffd1-1c4b-11ef-9214-42010a8e0014',1,'2024-05-30 03:06:16','2024-05-30 03:06:16'),
(3332,'cbae0828-1c4b-11ef-9214-42010a8e0014',1,'2024-05-30 03:06:17','2024-05-30 03:06:17'),
(3333,'cbae08ce-1c4b-11ef-9214-42010a8e0014',1,'2024-05-30 03:06:18','2024-05-30 03:06:18'),
(3334,'cbae110b-1c4b-11ef-9214-42010a8e0014',1,'2024-05-30 03:06:19','2024-05-30 03:06:19'),
(3335,'cbadffd1-1c4b-11ef-9214-42010a8e0014',1,'2024-05-30 03:06:20','2024-05-30 03:06:20'),
(3336,'cbae0828-1c4b-11ef-9214-42010a8e0014',1,'2024-05-30 03:06:21','2024-05-30 03:06:21'),
(3337,'cbae08ce-1c4b-11ef-9214-42010a8e0014',1,'2024-05-30 03:06:22','2024-05-30 03:06:22'),
(3338,'cbae110b-1c4b-11ef-9214-42010a8e0014',1,'2024-05-30 03:06:23','2024-05-30 03:06:23'),
(3339,'cbadffd1-1c4b-11ef-9214-42010a8e0014',1,'2024-05-30 03:06:24','2024-05-30 03:06:24'),
(3340,'cbae0828-1c4b-11ef-9214-42010a8e0014',1,'2024-05-30 03:06:25','2024-05-30 03:06:25'),
(3341,'cbae08ce-1c4b-11ef-9214-42010a8e0014',1,'2024-05-30 03:06:26','2024-05-30 03:06:26'),
(3342,'cbae110b-1c4b-11ef-9214-42010a8e0014',1,'2024-05-30 03:06:27','2024-05-30 03:06:27'),
(3343,'cbadffd1-1c4b-11ef-9214-42010a8e0014',1,'2024-05-30 03:06:28','2024-05-30 03:06:28'),
(3344,'cbae0828-1c4b-11ef-9214-42010a8e0014',1,'2024-05-30 03:06:29','2024-05-30 03:06:29'),
(3345,'cbae08ce-1c4b-11ef-9214-42010a8e0014',1,'2024-05-30 03:06:30','2024-05-30 03:06:30'),
(3346,'cbae110b-1c4b-11ef-9214-42010a8e0014',1,'2024-05-30 03:06:31','2024-05-30 03:06:31'),
(3347,'cbadffd1-1c4b-11ef-9214-42010a8e0014',1,'2024-05-30 03:06:32','2024-05-30 03:06:32'),
(3348,'cbae0828-1c4b-11ef-9214-42010a8e0014',1,'2024-05-30 03:06:33','2024-05-30 03:06:33'),
(3349,'cbae08ce-1c4b-11ef-9214-42010a8e0014',1,'2024-05-30 03:06:34','2024-05-30 03:06:34'),
(3350,'cbae110b-1c4b-11ef-9214-42010a8e0014',1,'2024-05-30 03:06:35','2024-05-30 03:06:35'),
(3351,'cbadffd1-1c4b-11ef-9214-42010a8e0014',1,'2024-05-30 03:06:36','2024-05-30 03:06:36'),
(3352,'cbae0828-1c4b-11ef-9214-42010a8e0014',1,'2024-05-30 03:06:37','2024-05-30 03:06:37'),
(3353,'cbae08ce-1c4b-11ef-9214-42010a8e0014',1,'2024-05-30 03:06:38','2024-05-30 03:06:38'),
(3354,'cbae110b-1c4b-11ef-9214-42010a8e0014',1,'2024-05-30 03:06:39','2024-05-30 03:06:39'),
(3355,'cbadffd1-1c4b-11ef-9214-42010a8e0014',1,'2024-05-30 03:06:40','2024-05-30 03:06:40'),
(3356,'cbae0828-1c4b-11ef-9214-42010a8e0014',1,'2024-05-30 03:06:41','2024-05-30 03:06:41'),
(3357,'cbae08ce-1c4b-11ef-9214-42010a8e0014',1,'2024-05-30 03:06:42','2024-05-30 03:06:42'),
(3358,'cbae110b-1c4b-11ef-9214-42010a8e0014',1,'2024-05-30 03:06:43','2024-05-30 03:06:43'),
(3359,'cbadffd1-1c4b-11ef-9214-42010a8e0014',1,'2024-05-30 03:06:44','2024-05-30 03:06:44'),
(3360,'cbae0828-1c4b-11ef-9214-42010a8e0014',1,'2024-05-30 03:06:45','2024-05-30 03:06:45'),
(3361,'cbae08ce-1c4b-11ef-9214-42010a8e0014',1,'2024-05-30 03:06:46','2024-05-30 03:06:46'),
(3362,'cbae110b-1c4b-11ef-9214-42010a8e0014',1,'2024-05-30 03:06:47','2024-05-30 03:06:47'),
(3363,'cbadffd1-1c4b-11ef-9214-42010a8e0014',1,'2024-05-30 03:06:48','2024-05-30 03:06:48'),
(3364,'cbae0828-1c4b-11ef-9214-42010a8e0014',1,'2024-05-30 03:06:49','2024-05-30 03:06:49'),
(3365,'cbae08ce-1c4b-11ef-9214-42010a8e0014',1,'2024-05-30 03:06:50','2024-05-30 03:06:50'),
(3366,'cbae110b-1c4b-11ef-9214-42010a8e0014',1,'2024-05-30 03:06:51','2024-05-30 03:06:51'),
(3367,'cbadffd1-1c4b-11ef-9214-42010a8e0014',1,'2024-05-30 03:06:52','2024-05-30 03:06:52'),
(3368,'cbae0828-1c4b-11ef-9214-42010a8e0014',1,'2024-05-30 03:06:53','2024-05-30 03:06:53'),
(3369,'cbae08ce-1c4b-11ef-9214-42010a8e0014',1,'2024-05-30 03:06:54','2024-05-30 03:06:54'),
(3370,'cbae110b-1c4b-11ef-9214-42010a8e0014',1,'2024-05-30 03:06:55','2024-05-30 03:06:55'),
(3371,'cbadffd1-1c4b-11ef-9214-42010a8e0014',1,'2024-05-30 03:06:56','2024-05-30 03:06:56'),
(3372,'cbae0828-1c4b-11ef-9214-42010a8e0014',1,'2024-05-30 03:06:57','2024-05-30 03:06:57'),
(3373,'cbae08ce-1c4b-11ef-9214-42010a8e0014',1,'2024-05-30 03:06:58','2024-05-30 03:06:58'),
(3374,'cbae110b-1c4b-11ef-9214-42010a8e0014',1,'2024-05-30 03:06:59','2024-05-30 03:06:59'),
(3375,'cbae0828-1c4b-11ef-9214-42010a8e0014',1,'2024-05-30 03:07:02','2024-05-30 03:07:02'),
(3376,'cbadffd1-1c4b-11ef-9214-42010a8e0014',1,'2024-05-30 03:07:02','2024-05-30 03:07:02'),
(3377,'cbae08ce-1c4b-11ef-9214-42010a8e0014',1,'2024-05-30 03:07:02','2024-05-30 03:07:02'),
(3378,'cbae110b-1c4b-11ef-9214-42010a8e0014',1,'2024-05-30 03:07:03','2024-05-30 03:07:03'),
(3379,'cbadffd1-1c4b-11ef-9214-42010a8e0014',1,'2024-05-30 03:07:04','2024-05-30 03:07:04'),
(3380,'cbae0828-1c4b-11ef-9214-42010a8e0014',1,'2024-05-30 03:07:05','2024-05-30 03:07:05'),
(3381,'cbae08ce-1c4b-11ef-9214-42010a8e0014',1,'2024-05-30 03:07:06','2024-05-30 03:07:06'),
(3382,'cbae110b-1c4b-11ef-9214-42010a8e0014',1,'2024-05-30 03:07:07','2024-05-30 03:07:07'),
(3383,'cbadffd1-1c4b-11ef-9214-42010a8e0014',1,'2024-05-30 03:07:08','2024-05-30 03:07:08'),
(3384,'cbae0828-1c4b-11ef-9214-42010a8e0014',1,'2024-05-30 03:07:09','2024-05-30 03:07:09'),
(3385,'cbae08ce-1c4b-11ef-9214-42010a8e0014',1,'2024-05-30 03:07:10','2024-05-30 03:07:10'),
(3386,'cbae110b-1c4b-11ef-9214-42010a8e0014',1,'2024-05-30 03:07:11','2024-05-30 03:07:11'),
(3387,'cbadffd1-1c4b-11ef-9214-42010a8e0014',1,'2024-05-30 03:07:12','2024-05-30 03:07:12'),
(3388,'cbae0828-1c4b-11ef-9214-42010a8e0014',1,'2024-05-30 03:07:13','2024-05-30 03:07:13'),
(3389,'cbae08ce-1c4b-11ef-9214-42010a8e0014',1,'2024-05-30 03:07:14','2024-05-30 03:07:14'),
(3390,'cbae110b-1c4b-11ef-9214-42010a8e0014',1,'2024-05-30 03:07:15','2024-05-30 03:07:15'),
(3391,'cbadffd1-1c4b-11ef-9214-42010a8e0014',1,'2024-05-30 03:07:16','2024-05-30 03:07:16'),
(3392,'cbae0828-1c4b-11ef-9214-42010a8e0014',1,'2024-05-30 03:07:17','2024-05-30 03:07:17'),
(3393,'cbae08ce-1c4b-11ef-9214-42010a8e0014',1,'2024-05-30 03:07:18','2024-05-30 03:07:18'),
(3394,'cbae110b-1c4b-11ef-9214-42010a8e0014',1,'2024-05-30 03:07:19','2024-05-30 03:07:19'),
(3395,'cbadffd1-1c4b-11ef-9214-42010a8e0014',1,'2024-05-30 03:07:20','2024-05-30 03:07:20'),
(3396,'cbae0828-1c4b-11ef-9214-42010a8e0014',1,'2024-05-30 03:07:21','2024-05-30 03:07:21'),
(3397,'cbae08ce-1c4b-11ef-9214-42010a8e0014',1,'2024-05-30 03:07:22','2024-05-30 03:07:22'),
(3398,'cbae110b-1c4b-11ef-9214-42010a8e0014',1,'2024-05-30 03:07:23','2024-05-30 03:07:23'),
(3399,'cbadffd1-1c4b-11ef-9214-42010a8e0014',1,'2024-05-30 03:07:24','2024-05-30 03:07:24'),
(3400,'cbae0828-1c4b-11ef-9214-42010a8e0014',1,'2024-05-30 03:07:25','2024-05-30 03:07:25'),
(3401,'cbae08ce-1c4b-11ef-9214-42010a8e0014',1,'2024-05-30 03:07:26','2024-05-30 03:07:26'),
(3402,'cbae110b-1c4b-11ef-9214-42010a8e0014',1,'2024-05-30 03:07:27','2024-05-30 03:07:27'),
(3403,'cbadffd1-1c4b-11ef-9214-42010a8e0014',1,'2024-05-30 03:07:28','2024-05-30 03:07:28'),
(3404,'cbae0828-1c4b-11ef-9214-42010a8e0014',1,'2024-05-30 03:07:29','2024-05-30 03:07:29'),
(3405,'cbae08ce-1c4b-11ef-9214-42010a8e0014',1,'2024-05-30 03:07:30','2024-05-30 03:07:30'),
(3406,'cbae110b-1c4b-11ef-9214-42010a8e0014',1,'2024-05-30 03:07:31','2024-05-30 03:07:31'),
(3407,'cbadffd1-1c4b-11ef-9214-42010a8e0014',1,'2024-05-30 03:07:32','2024-05-30 03:07:32'),
(3408,'cbae0828-1c4b-11ef-9214-42010a8e0014',1,'2024-05-30 03:07:33','2024-05-30 03:07:33'),
(3409,'cbae08ce-1c4b-11ef-9214-42010a8e0014',1,'2024-05-30 03:07:34','2024-05-30 03:07:34'),
(3410,'cbae110b-1c4b-11ef-9214-42010a8e0014',1,'2024-05-30 03:07:35','2024-05-30 03:07:35'),
(3411,'cbadffd1-1c4b-11ef-9214-42010a8e0014',1,'2024-05-30 03:07:36','2024-05-30 03:07:36'),
(3412,'cbae0828-1c4b-11ef-9214-42010a8e0014',1,'2024-05-30 03:07:37','2024-05-30 03:07:37'),
(3413,'cbae08ce-1c4b-11ef-9214-42010a8e0014',1,'2024-05-30 03:07:38','2024-05-30 03:07:38'),
(3414,'cbae110b-1c4b-11ef-9214-42010a8e0014',1,'2024-05-30 03:07:39','2024-05-30 03:07:39'),
(3415,'cbae08ce-1c4b-11ef-9214-42010a8e0014',1,'2024-05-30 03:07:43','2024-05-30 03:07:43'),
(3416,'cbae0828-1c4b-11ef-9214-42010a8e0014',1,'2024-05-30 03:07:43','2024-05-30 03:07:43'),
(3417,'cbadffd1-1c4b-11ef-9214-42010a8e0014',1,'2024-05-30 03:07:43','2024-05-30 03:07:43'),
(3418,'cbae110b-1c4b-11ef-9214-42010a8e0014',1,'2024-05-30 03:07:44','2024-05-30 03:07:44'),
(3419,'cbadffd1-1c4b-11ef-9214-42010a8e0014',1,'2024-05-30 03:07:44','2024-05-30 03:07:44'),
(3420,'cbae0828-1c4b-11ef-9214-42010a8e0014',1,'2024-05-30 03:07:45','2024-05-30 03:07:45'),
(3421,'cbae08ce-1c4b-11ef-9214-42010a8e0014',1,'2024-05-30 03:07:46','2024-05-30 03:07:46'),
(3422,'cbae110b-1c4b-11ef-9214-42010a8e0014',1,'2024-05-30 03:07:47','2024-05-30 03:07:47'),
(3423,'cbadffd1-1c4b-11ef-9214-42010a8e0014',1,'2024-05-30 03:07:48','2024-05-30 03:07:48'),
(3424,'cbae0828-1c4b-11ef-9214-42010a8e0014',1,'2024-05-30 03:07:49','2024-05-30 03:07:49'),
(3425,'cbae08ce-1c4b-11ef-9214-42010a8e0014',1,'2024-05-30 03:07:50','2024-05-30 03:07:50'),
(3426,'cbae110b-1c4b-11ef-9214-42010a8e0014',1,'2024-05-30 03:07:51','2024-05-30 03:07:51'),
(3427,'cbadffd1-1c4b-11ef-9214-42010a8e0014',1,'2024-05-30 03:07:52','2024-05-30 03:07:52'),
(3428,'cbae0828-1c4b-11ef-9214-42010a8e0014',1,'2024-05-30 03:07:53','2024-05-30 03:07:53'),
(3429,'cbae08ce-1c4b-11ef-9214-42010a8e0014',1,'2024-05-30 03:07:54','2024-05-30 03:07:54'),
(3430,'cbae110b-1c4b-11ef-9214-42010a8e0014',1,'2024-05-30 03:07:55','2024-05-30 03:07:55'),
(3431,'cbadffd1-1c4b-11ef-9214-42010a8e0014',1,'2024-05-30 03:07:56','2024-05-30 03:07:56'),
(3432,'cbae0828-1c4b-11ef-9214-42010a8e0014',1,'2024-05-30 03:07:57','2024-05-30 03:07:57'),
(3433,'cbae08ce-1c4b-11ef-9214-42010a8e0014',1,'2024-05-30 03:07:58','2024-05-30 03:07:58'),
(3434,'cbae110b-1c4b-11ef-9214-42010a8e0014',1,'2024-05-30 03:07:59','2024-05-30 03:07:59'),
(3435,'cbadffd1-1c4b-11ef-9214-42010a8e0014',1,'2024-05-30 03:08:00','2024-05-30 03:08:00'),
(3436,'cbae0828-1c4b-11ef-9214-42010a8e0014',1,'2024-05-30 03:08:01','2024-05-30 03:08:01'),
(3437,'cbae08ce-1c4b-11ef-9214-42010a8e0014',1,'2024-05-30 03:08:02','2024-05-30 03:08:02'),
(3438,'cbae110b-1c4b-11ef-9214-42010a8e0014',1,'2024-05-30 03:08:03','2024-05-30 03:08:03'),
(3439,'cbadffd1-1c4b-11ef-9214-42010a8e0014',1,'2024-05-30 03:08:04','2024-05-30 03:08:04'),
(3440,'cbae0828-1c4b-11ef-9214-42010a8e0014',1,'2024-05-30 03:08:05','2024-05-30 03:08:05'),
(3441,'cbae08ce-1c4b-11ef-9214-42010a8e0014',1,'2024-05-30 03:08:06','2024-05-30 03:08:06'),
(3442,'cbae110b-1c4b-11ef-9214-42010a8e0014',1,'2024-05-30 03:08:07','2024-05-30 03:08:07'),
(3443,'cbadffd1-1c4b-11ef-9214-42010a8e0014',1,'2024-05-30 03:08:08','2024-05-30 03:08:08'),
(3444,'cbae0828-1c4b-11ef-9214-42010a8e0014',1,'2024-05-30 03:08:09','2024-05-30 03:08:09'),
(3445,'cbae08ce-1c4b-11ef-9214-42010a8e0014',1,'2024-05-30 03:08:10','2024-05-30 03:08:10'),
(3446,'cbae110b-1c4b-11ef-9214-42010a8e0014',1,'2024-05-30 03:08:11','2024-05-30 03:08:11'),
(3447,'cbadffd1-1c4b-11ef-9214-42010a8e0014',1,'2024-05-30 03:08:12','2024-05-30 03:08:12'),
(3448,'cbae08ce-1c4b-11ef-9214-42010a8e0014',1,'2024-05-30 03:08:14','2024-05-30 03:08:14'),
(3449,'cbae0828-1c4b-11ef-9214-42010a8e0014',1,'2024-05-30 03:08:14','2024-05-30 03:08:14'),
(3450,'cbae110b-1c4b-11ef-9214-42010a8e0014',1,'2024-05-30 03:08:15','2024-05-30 03:08:15'),
(3451,'cbadffd1-1c4b-11ef-9214-42010a8e0014',1,'2024-05-30 03:08:16','2024-05-30 03:08:16'),
(3452,'cbae0828-1c4b-11ef-9214-42010a8e0014',1,'2024-05-30 03:08:17','2024-05-30 03:08:17'),
(3453,'cbae08ce-1c4b-11ef-9214-42010a8e0014',1,'2024-05-30 03:08:18','2024-05-30 03:08:18'),
(3454,'cbae110b-1c4b-11ef-9214-42010a8e0014',1,'2024-05-30 03:08:19','2024-05-30 03:08:19'),
(3455,'cbadffd1-1c4b-11ef-9214-42010a8e0014',1,'2024-05-30 03:08:20','2024-05-30 03:08:20'),
(3456,'cbae0828-1c4b-11ef-9214-42010a8e0014',1,'2024-05-30 03:08:21','2024-05-30 03:08:21'),
(3457,'cbae08ce-1c4b-11ef-9214-42010a8e0014',1,'2024-05-30 03:08:22','2024-05-30 03:08:22'),
(3458,'cbae110b-1c4b-11ef-9214-42010a8e0014',1,'2024-05-30 03:08:24','2024-05-30 03:08:24'),
(3459,'cbadffd1-1c4b-11ef-9214-42010a8e0014',1,'2024-05-30 03:08:24','2024-05-30 03:08:24'),
(3460,'cbae0828-1c4b-11ef-9214-42010a8e0014',1,'2024-05-30 03:08:25','2024-05-30 03:08:25'),
(3461,'cbae08ce-1c4b-11ef-9214-42010a8e0014',1,'2024-05-30 03:08:26','2024-05-30 03:08:26'),
(3462,'cbae110b-1c4b-11ef-9214-42010a8e0014',1,'2024-05-30 03:08:27','2024-05-30 03:08:27'),
(3463,'cbadffd1-1c4b-11ef-9214-42010a8e0014',1,'2024-05-30 03:08:28','2024-05-30 03:08:28'),
(3464,'cbae0828-1c4b-11ef-9214-42010a8e0014',1,'2024-05-30 03:08:29','2024-05-30 03:08:29'),
(3465,'cbae08ce-1c4b-11ef-9214-42010a8e0014',1,'2024-05-30 03:08:30','2024-05-30 03:08:30'),
(3466,'cbae110b-1c4b-11ef-9214-42010a8e0014',1,'2024-05-30 03:08:31','2024-05-30 03:08:31'),
(3467,'cbadffd1-1c4b-11ef-9214-42010a8e0014',1,'2024-05-30 03:08:32','2024-05-30 03:08:32'),
(3468,'cbae0828-1c4b-11ef-9214-42010a8e0014',1,'2024-05-30 03:08:33','2024-05-30 03:08:33'),
(3469,'cbae08ce-1c4b-11ef-9214-42010a8e0014',1,'2024-05-30 03:08:34','2024-05-30 03:08:34'),
(3470,'cbae110b-1c4b-11ef-9214-42010a8e0014',1,'2024-05-30 03:08:35','2024-05-30 03:08:35'),
(3471,'cbadffd1-1c4b-11ef-9214-42010a8e0014',1,'2024-05-30 03:08:36','2024-05-30 03:08:36'),
(3472,'cbae0828-1c4b-11ef-9214-42010a8e0014',1,'2024-05-30 03:08:37','2024-05-30 03:08:37'),
(3473,'cbae08ce-1c4b-11ef-9214-42010a8e0014',1,'2024-05-30 03:08:38','2024-05-30 03:08:38'),
(3474,'cbae110b-1c4b-11ef-9214-42010a8e0014',1,'2024-05-30 03:08:39','2024-05-30 03:08:39'),
(3475,'cbadffd1-1c4b-11ef-9214-42010a8e0014',1,'2024-05-30 03:08:40','2024-05-30 03:08:40'),
(3476,'cbae0828-1c4b-11ef-9214-42010a8e0014',1,'2024-05-30 03:08:41','2024-05-30 03:08:41'),
(3477,'cbae08ce-1c4b-11ef-9214-42010a8e0014',1,'2024-05-30 03:08:42','2024-05-30 03:08:42'),
(3478,'cbae110b-1c4b-11ef-9214-42010a8e0014',1,'2024-05-30 03:08:43','2024-05-30 03:08:43'),
(3479,'cbadffd1-1c4b-11ef-9214-42010a8e0014',1,'2024-05-30 03:31:39','2024-05-30 03:31:39'),
(3480,'cbae4f01-1c4b-11ef-9214-42010a8e0014',1,'2024-05-30 03:42:08','2024-05-30 03:42:08'),
(3481,'cbae4f01-1c4b-11ef-9214-42010a8e0014',1,'2024-05-30 04:11:51','2024-05-30 04:11:51'),
(3482,'cbae4f01-1c4b-11ef-9214-42010a8e0014',1,'2024-05-30 04:11:51','2024-05-30 04:11:51'),
(3483,'cbae4f01-1c4b-11ef-9214-42010a8e0014',1,'2024-05-30 05:03:58','2024-05-30 05:03:58'),
(3484,'cbae4f01-1c4b-11ef-9214-42010a8e0014',1,'2024-05-30 05:27:02','2024-05-30 05:27:02'),
(3485,'cbae4f01-1c4b-11ef-9214-42010a8e0014',1,'2024-05-30 05:37:52','2024-05-30 05:37:52'),
(3486,'cbae4f01-1c4b-11ef-9214-42010a8e0014',1,'2024-05-30 05:44:41','2024-05-30 05:44:41'),
(3487,'cbae4f01-1c4b-11ef-9214-42010a8e0014',1,'2024-05-30 06:08:55','2024-05-30 06:08:55'),
(3488,'cbae610a-1c4b-11ef-9214-42010a8e0014',1,'2024-05-30 09:25:34','2024-05-30 09:25:34'),
(3489,'cbae579d-1c4b-11ef-9214-42010a8e0014',1,'2024-05-30 09:40:29','2024-05-30 09:40:29'),
(3490,'cbae586d-1c4b-11ef-9214-42010a8e0014',1,'2024-05-30 09:42:05','2024-05-30 09:42:05'),
(3491,'cbae6391-1c4b-11ef-9214-42010a8e0014',1,'2024-05-30 10:03:22','2024-05-30 10:03:22'),
(3492,'cbae64d0-1c4b-11ef-9214-42010a8e0014',1,'2024-05-30 10:43:09','2024-05-30 10:43:09'),
(3493,'cbae64d0-1c4b-11ef-9214-42010a8e0014',1,'2024-05-30 10:43:09','2024-05-30 10:43:09'),
(3494,'cbae64d0-1c4b-11ef-9214-42010a8e0014',1,'2024-05-30 10:43:21','2024-05-30 10:43:21'),
(3495,'cbae64d0-1c4b-11ef-9214-42010a8e0014',1,'2024-05-30 10:43:23','2024-05-30 10:43:23'),
(3496,'cbae64d0-1c4b-11ef-9214-42010a8e0014',1,'2024-05-30 10:43:24','2024-05-30 10:43:24'),
(3497,'cbae64d0-1c4b-11ef-9214-42010a8e0014',1,'2024-05-30 10:43:28','2024-05-30 10:43:28'),
(3498,'cbae6391-1c4b-11ef-9214-42010a8e0014',1,'2024-05-30 10:43:31','2024-05-30 10:43:31'),
(3499,'cbadffd1-1c4b-11ef-9214-42010a8e0014',1,'2024-05-30 12:39:39','2024-05-30 12:39:39'),
(3500,'cbae110b-1c4b-11ef-9214-42010a8e0014',1,'2024-05-30 12:53:52','2024-05-30 12:53:52'),
(3501,'cbae65d5-1c4b-11ef-9214-42010a8e0014',1,'2024-05-30 13:01:22','2024-05-30 13:01:22'),
(3502,'cbae65d5-1c4b-11ef-9214-42010a8e0014',1,'2024-05-30 13:02:48','2024-05-30 13:02:48'),
(3503,'cbae65d5-1c4b-11ef-9214-42010a8e0014',1,'2024-05-30 13:02:57','2024-05-30 13:02:57'),
(3504,'cbae65d5-1c4b-11ef-9214-42010a8e0014',1,'2024-05-30 13:04:19','2024-05-30 13:04:19'),
(3505,'cbae65d5-1c4b-11ef-9214-42010a8e0014',1,'2024-05-30 13:04:21','2024-05-30 13:04:21'),
(3506,'cbae65d5-1c4b-11ef-9214-42010a8e0014',1,'2024-05-30 13:08:22','2024-05-30 13:08:22'),
(3507,'cbae65d5-1c4b-11ef-9214-42010a8e0014',1,'2024-05-30 13:08:23','2024-05-30 13:08:23'),
(3508,'cbae5f4c-1c4b-11ef-9214-42010a8e0014',1,'2024-05-30 13:48:53','2024-05-30 13:48:53'),
(3509,'cbae5f4c-1c4b-11ef-9214-42010a8e0014',1,'2024-05-30 13:48:53','2024-05-30 13:48:53'),
(3510,'cbae5f4c-1c4b-11ef-9214-42010a8e0014',1,'2024-05-30 13:49:25','2024-05-30 13:49:25'),
(3511,'cbae630f-1c4b-11ef-9214-42010a8e0014',1,'2024-05-30 13:50:17','2024-05-30 13:50:17'),
(3512,'cbae5f4c-1c4b-11ef-9214-42010a8e0014',1,'2024-05-30 13:50:29','2024-05-30 13:50:29'),
(3513,'cbadffd1-1c4b-11ef-9214-42010a8e0014',1,'2024-05-30 13:59:40','2024-05-30 13:59:40'),
(3514,'cbadffd1-1c4b-11ef-9214-42010a8e0014',1,'2024-05-30 14:00:15','2024-05-30 14:00:15'),
(3515,'cbae073a-1c4b-11ef-9214-42010a8e0014',1,'2024-05-30 14:04:39','2024-05-30 14:04:39'),
(3516,'cbae610a-1c4b-11ef-9214-42010a8e0014',1,'2024-05-30 14:08:14','2024-05-30 14:08:14'),
(3517,'cbae5f4c-1c4b-11ef-9214-42010a8e0014',1,'2024-05-30 14:08:45','2024-05-30 14:08:45'),
(3518,'cbadffd1-1c4b-11ef-9214-42010a8e0014',1,'2024-05-30 14:39:44','2024-05-30 14:39:44'),
(3519,'cbadffd1-1c4b-11ef-9214-42010a8e0014',1,'2024-05-30 14:40:56','2024-05-30 14:40:56'),
(3520,'cbae38c8-1c4b-11ef-9214-42010a8e0014',1,'2024-05-30 14:53:08','2024-05-30 14:53:08'),
(3521,'cbae38c8-1c4b-11ef-9214-42010a8e0014',1,'2024-05-30 14:54:05','2024-05-30 14:54:05'),
(3522,'cbadffd1-1c4b-11ef-9214-42010a8e0014',1,'2024-05-30 14:54:42','2024-05-30 14:54:42'),
(3523,'ca240fcd-00cb-4bfb-8335-9826ebe12b5b',1,'2024-05-30 14:57:14','2024-05-30 14:57:14'),
(3524,'e6433700-6642-4122-a425-cdbc43fca895',1,'2024-05-30 14:59:35','2024-05-30 14:59:35'),
(3525,'cbadffd1-1c4b-11ef-9214-42010a8e0014',1,'2024-05-30 15:01:34','2024-05-30 15:01:34'),
(3526,'cbadffd1-1c4b-11ef-9214-42010a8e0014',1,'2024-05-30 15:08:30','2024-05-30 15:08:30'),
(3527,'cbadffd1-1c4b-11ef-9214-42010a8e0014',1,'2024-05-30 15:09:07','2024-05-30 15:09:07'),
(3528,'cbae0828-1c4b-11ef-9214-42010a8e0014',1,'2024-05-30 15:17:45','2024-05-30 15:17:45'),
(3529,'cbadffd1-1c4b-11ef-9214-42010a8e0014',1,'2024-05-30 15:22:10','2024-05-30 15:22:10'),
(3530,'4303b59e-0892-4ff4-b168-ffcdb051a41b',1,'2024-05-30 15:24:09','2024-05-30 15:24:09'),
(3531,'cbae0828-1c4b-11ef-9214-42010a8e0014',1,'2024-05-30 15:24:26','2024-05-30 15:24:26'),
(3532,'cbadffd1-1c4b-11ef-9214-42010a8e0014',1,'2024-05-30 15:24:55','2024-05-30 15:24:55'),
(3533,'cbadffd1-1c4b-11ef-9214-42010a8e0014',1,'2024-05-30 15:44:40','2024-05-30 15:44:40'),
(3534,'cbae1323-1c4b-11ef-9214-42010a8e0014',1,'2024-05-30 15:47:58','2024-05-30 15:47:58'),
(3535,'cbae073a-1c4b-11ef-9214-42010a8e0014',1,'2024-05-30 17:22:32','2024-05-30 17:22:32'),
(3536,'cbadffd1-1c4b-11ef-9214-42010a8e0014',1,'2024-05-30 17:37:01','2024-05-30 17:37:01'),
(3537,'cbae110b-1c4b-11ef-9214-42010a8e0014',1,'2024-05-30 17:37:33','2024-05-30 17:37:33'),
(3538,'cbae4f01-1c4b-11ef-9214-42010a8e0014',1,'2024-05-30 19:34:14','2024-05-30 19:34:14'),
(3539,'cbadffd1-1c4b-11ef-9214-42010a8e0014',1,'2024-05-30 20:20:42','2024-05-30 20:20:42'),
(3540,'cbae073a-1c4b-11ef-9214-42010a8e0014',1,'2024-05-30 20:25:18','2024-05-30 20:25:18'),
(3541,'cbadffd1-1c4b-11ef-9214-42010a8e0014',1,'2024-05-30 20:30:46','2024-05-30 20:30:46'),
(3542,'cbadffd1-1c4b-11ef-9214-42010a8e0014',1,'2024-05-30 20:36:32','2024-05-30 20:36:32'),
(3543,'cbadffd1-1c4b-11ef-9214-42010a8e0014',1,'2024-05-30 22:19:42','2024-05-30 22:19:42'),
(3544,'cbadffd1-1c4b-11ef-9214-42010a8e0014',1,'2024-05-30 22:24:57','2024-05-30 22:24:57'),
(3545,'cbadffd1-1c4b-11ef-9214-42010a8e0014',1,'2024-05-30 22:48:36','2024-05-30 22:48:36'),
(3546,'cbae4f01-1c4b-11ef-9214-42010a8e0014',1,'2024-05-30 22:55:31','2024-05-30 22:55:31'),
(3547,'cbae4f01-1c4b-11ef-9214-42010a8e0014',1,'2024-05-31 04:02:37','2024-05-31 04:02:37'),
(3548,'cbae4f01-1c4b-11ef-9214-42010a8e0014',1,'2024-05-31 04:02:54','2024-05-31 04:02:54'),
(3549,'cbae4f01-1c4b-11ef-9214-42010a8e0014',1,'2024-05-31 04:03:42','2024-05-31 04:03:42'),
(3550,'cbadffd1-1c4b-11ef-9214-42010a8e0014',1,'2024-05-31 14:10:19','2024-05-31 14:10:19'),
(3551,'cbadffd1-1c4b-11ef-9214-42010a8e0014',1,'2024-05-31 14:38:41','2024-05-31 14:38:41'),
(3552,'cbae524a-1c4b-11ef-9214-42010a8e0014',1,'2024-05-31 14:39:29','2024-05-31 14:39:29'),
(3553,'cbadffd1-1c4b-11ef-9214-42010a8e0014',1,'2024-05-31 14:46:17','2024-05-31 14:46:17'),
(3554,'cbae4e01-1c4b-11ef-9214-42010a8e0014',1,'2024-05-31 14:47:00','2024-05-31 14:47:00'),
(3555,'cbae6dbb-1c4b-11ef-9214-42010a8e0014',1,'2024-05-31 14:58:28','2024-05-31 14:58:28'),
(3556,'cbadffd1-1c4b-11ef-9214-42010a8e0014',1,'2024-05-31 16:25:52','2024-05-31 16:25:52'),
(3557,'cbadffd1-1c4b-11ef-9214-42010a8e0014',1,'2024-05-31 16:27:54','2024-05-31 16:27:54'),
(3558,'cbadffd1-1c4b-11ef-9214-42010a8e0014',1,'2024-05-31 16:56:12','2024-05-31 16:56:12'),
(3559,'cbae6dbb-1c4b-11ef-9214-42010a8e0014',1,'2024-05-31 18:06:40','2024-05-31 18:06:40'),
(3560,'cbadffd1-1c4b-11ef-9214-42010a8e0014',1,'2024-05-31 18:06:43','2024-05-31 18:06:43'),
(3561,'9777dad8-ee60-49ba-a2d0-a87500206e47',1,'2024-05-31 18:12:52','2024-05-31 18:12:52'),
(3562,'9777dad8-ee60-49ba-a2d0-a87500206e47',1,'2024-05-31 18:14:00','2024-05-31 18:14:00'),
(3563,'cbadffd1-1c4b-11ef-9214-42010a8e0014',1,'2024-05-31 18:18:15','2024-05-31 18:18:15'),
(3564,'9777dad8-ee60-49ba-a2d0-a87500206e47',1,'2024-05-31 18:38:04','2024-05-31 18:38:04'),
(3565,'9777dad8-ee60-49ba-a2d0-a87500206e47',1,'2024-05-31 19:02:06','2024-05-31 19:02:06'),
(3566,'9777dad8-ee60-49ba-a2d0-a87500206e47',1,'2024-05-31 19:42:49','2024-05-31 19:42:49'),
(3567,'cbae4f01-1c4b-11ef-9214-42010a8e0014',1,'2024-05-31 19:43:38','2024-05-31 19:43:38'),
(3568,'cbae4f01-1c4b-11ef-9214-42010a8e0014',1,'2024-05-31 19:52:40','2024-05-31 19:52:40'),
(3569,'cbae4f01-1c4b-11ef-9214-42010a8e0014',1,'2024-05-31 19:55:05','2024-05-31 19:55:05'),
(3570,'9777dad8-ee60-49ba-a2d0-a87500206e47',1,'2024-05-31 20:00:35','2024-05-31 20:00:35'),
(3571,'cbae4f01-1c4b-11ef-9214-42010a8e0014',1,'2024-05-31 22:08:49','2024-05-31 22:08:49'),
(3572,'cbae4f01-1c4b-11ef-9214-42010a8e0014',1,'2024-05-31 22:11:50','2024-05-31 22:11:50'),
(3573,'cbae4f01-1c4b-11ef-9214-42010a8e0014',1,'2024-05-31 22:14:03','2024-05-31 22:14:03'),
(3574,'cbae4f01-1c4b-11ef-9214-42010a8e0014',1,'2024-05-31 22:14:23','2024-05-31 22:14:23'),
(3575,'cbae4f01-1c4b-11ef-9214-42010a8e0014',1,'2024-05-31 22:15:17','2024-05-31 22:15:17'),
(3576,'cbae4f01-1c4b-11ef-9214-42010a8e0014',1,'2024-05-31 22:16:08','2024-05-31 22:16:08'),
(3577,'cbae4f01-1c4b-11ef-9214-42010a8e0014',1,'2024-05-31 22:19:13','2024-05-31 22:19:13'),
(3578,'cbae4f01-1c4b-11ef-9214-42010a8e0014',1,'2024-05-31 22:19:47','2024-05-31 22:19:47'),
(3579,'cbae4f01-1c4b-11ef-9214-42010a8e0014',1,'2024-05-31 22:25:38','2024-05-31 22:25:38'),
(3580,'cbae4f01-1c4b-11ef-9214-42010a8e0014',1,'2024-05-31 22:26:16','2024-05-31 22:26:16'),
(3581,'cbae4f01-1c4b-11ef-9214-42010a8e0014',1,'2024-05-31 22:26:55','2024-05-31 22:26:55'),
(3582,'cbae4f01-1c4b-11ef-9214-42010a8e0014',1,'2024-05-31 22:28:44','2024-05-31 22:28:44'),
(3583,'cbae4f01-1c4b-11ef-9214-42010a8e0014',1,'2024-05-31 22:32:53','2024-05-31 22:32:53'),
(3584,'cbae4f01-1c4b-11ef-9214-42010a8e0014',1,'2024-05-31 22:34:12','2024-05-31 22:34:12'),
(3585,'cbae4f01-1c4b-11ef-9214-42010a8e0014',1,'2024-05-31 22:39:40','2024-05-31 22:39:40'),
(3586,'cbae4f01-1c4b-11ef-9214-42010a8e0014',1,'2024-05-31 22:51:00','2024-05-31 22:51:00'),
(3587,'cbae4f01-1c4b-11ef-9214-42010a8e0014',1,'2024-05-31 22:54:32','2024-05-31 22:54:32'),
(3588,'cbae4f01-1c4b-11ef-9214-42010a8e0014',1,'2024-05-31 23:02:01','2024-05-31 23:02:01'),
(3589,'cbae4f01-1c4b-11ef-9214-42010a8e0014',1,'2024-05-31 23:04:43','2024-05-31 23:04:43'),
(3590,'cbae4f01-1c4b-11ef-9214-42010a8e0014',1,'2024-05-31 23:06:25','2024-05-31 23:06:25'),
(3591,'cbae4f01-1c4b-11ef-9214-42010a8e0014',1,'2024-05-31 23:36:17','2024-05-31 23:36:17'),
(3592,'cbae4f01-1c4b-11ef-9214-42010a8e0014',1,'2024-05-31 23:54:55','2024-05-31 23:54:55'),
(3593,'cbae4f01-1c4b-11ef-9214-42010a8e0014',1,'2024-06-01 00:01:26','2024-06-01 00:01:26'),
(3594,'cbae4f01-1c4b-11ef-9214-42010a8e0014',1,'2024-06-01 00:14:14','2024-06-01 00:14:14'),
(3595,'9777dad8-ee60-49ba-a2d0-a87500206e47',1,'2024-06-01 00:15:52','2024-06-01 00:15:52'),
(3596,'9777dad8-ee60-49ba-a2d0-a87500206e47',1,'2024-06-01 00:16:20','2024-06-01 00:16:20'),
(3597,'cbae4f01-1c4b-11ef-9214-42010a8e0014',1,'2024-06-01 00:22:35','2024-06-01 00:22:35'),
(3598,'9777dad8-ee60-49ba-a2d0-a87500206e47',1,'2024-06-01 00:26:32','2024-06-01 00:26:32'),
(3599,'cbae4f01-1c4b-11ef-9214-42010a8e0014',1,'2024-06-01 00:30:21','2024-06-01 00:30:21'),
(3600,'cbae4f01-1c4b-11ef-9214-42010a8e0014',1,'2024-06-01 00:34:39','2024-06-01 00:34:39'),
(3601,'cbae4f01-1c4b-11ef-9214-42010a8e0014',1,'2024-06-01 00:41:17','2024-06-01 00:41:17'),
(3602,'cbae073a-1c4b-11ef-9214-42010a8e0014',1,'2024-06-01 00:43:30','2024-06-01 00:43:30'),
(3603,'cbadffd1-1c4b-11ef-9214-42010a8e0014',1,'2024-06-01 00:48:29','2024-06-01 00:48:29'),
(3604,'9777dad8-ee60-49ba-a2d0-a87500206e47',1,'2024-06-01 00:53:45','2024-06-01 00:53:45'),
(3605,'9777dad8-ee60-49ba-a2d0-a87500206e47',1,'2024-06-01 00:59:27','2024-06-01 00:59:27'),
(3606,'cbae4f01-1c4b-11ef-9214-42010a8e0014',1,'2024-06-01 16:01:25','2024-06-01 16:01:25'),
(3607,'cbae4f01-1c4b-11ef-9214-42010a8e0014',1,'2024-06-02 14:06:12','2024-06-02 14:06:12'),
(3608,'cbae4f01-1c4b-11ef-9214-42010a8e0014',1,'2024-06-02 14:30:39','2024-06-02 14:30:39'),
(3609,'cbae4f01-1c4b-11ef-9214-42010a8e0014',1,'2024-06-03 00:38:57','2024-06-03 00:38:57'),
(3610,'cbae4f01-1c4b-11ef-9214-42010a8e0014',1,'2024-06-03 13:25:59','2024-06-03 13:25:59'),
(3611,'cbae4f01-1c4b-11ef-9214-42010a8e0014',1,'2024-06-03 15:11:58','2024-06-03 15:11:58'),
(3612,'cbae4f01-1c4b-11ef-9214-42010a8e0014',1,'2024-06-03 16:00:56','2024-06-03 16:00:56'),
(3613,'cbadffd1-1c4b-11ef-9214-42010a8e0014',1,'2024-06-03 18:47:00','2024-06-03 18:47:00'),
(3614,'cbae4f01-1c4b-11ef-9214-42010a8e0014',1,'2024-06-03 21:22:47','2024-06-03 21:22:47'),
(3615,'cbae4f01-1c4b-11ef-9214-42010a8e0014',1,'2024-06-03 22:38:24','2024-06-03 22:38:24'),
(3616,'cbae0828-1c4b-11ef-9214-42010a8e0014',1,'2024-06-04 12:27:02','2024-06-04 12:27:02'),
(3617,'cbae610a-1c4b-11ef-9214-42010a8e0014',1,'2024-06-04 12:28:31','2024-06-04 12:28:31'),
(3618,'cbadffd1-1c4b-11ef-9214-42010a8e0014',1,'2024-06-04 13:00:09','2024-06-04 13:00:09'),
(3619,'cbae610a-1c4b-11ef-9214-42010a8e0014',1,'2024-06-04 13:03:56','2024-06-04 13:03:56'),
(3620,'cbae610a-1c4b-11ef-9214-42010a8e0014',1,'2024-06-04 13:17:05','2024-06-04 13:17:05'),
(3621,'cbadffd1-1c4b-11ef-9214-42010a8e0014',1,'2024-06-04 13:48:45','2024-06-04 13:48:45'),
(3622,'cbadffd1-1c4b-11ef-9214-42010a8e0014',1,'2024-06-04 13:51:02','2024-06-04 13:51:02'),
(3623,'cbae610a-1c4b-11ef-9214-42010a8e0014',1,'2024-06-04 13:52:08','2024-06-04 13:52:08'),
(3624,'cbae610a-1c4b-11ef-9214-42010a8e0014',1,'2024-06-04 13:59:15','2024-06-04 13:59:15'),
(3625,'cbae610a-1c4b-11ef-9214-42010a8e0014',1,'2024-06-04 14:05:54','2024-06-04 14:05:54'),
(3626,'cbadffd1-1c4b-11ef-9214-42010a8e0014',1,'2024-06-04 14:36:01','2024-06-04 14:36:01'),
(3627,'cbadffd1-1c4b-11ef-9214-42010a8e0014',1,'2024-06-04 15:03:44','2024-06-04 15:03:44'),
(3628,'cbae4f01-1c4b-11ef-9214-42010a8e0014',1,'2024-06-04 15:11:20','2024-06-04 15:11:20'),
(3629,'cbae4f01-1c4b-11ef-9214-42010a8e0014',1,'2024-06-04 15:17:28','2024-06-04 15:17:28'),
(3630,'cbae4f01-1c4b-11ef-9214-42010a8e0014',1,'2024-06-04 15:17:54','2024-06-04 15:17:54'),
(3631,'cbae4f01-1c4b-11ef-9214-42010a8e0014',1,'2024-06-04 15:18:14','2024-06-04 15:18:14'),
(3632,'cbae4f01-1c4b-11ef-9214-42010a8e0014',1,'2024-06-04 15:20:15','2024-06-04 15:20:15'),
(3633,'cbae4f01-1c4b-11ef-9214-42010a8e0014',1,'2024-06-04 15:22:07','2024-06-04 15:22:07'),
(3634,'cbae4f01-1c4b-11ef-9214-42010a8e0014',1,'2024-06-04 15:22:08','2024-06-04 15:22:08'),
(3635,'cbae4f01-1c4b-11ef-9214-42010a8e0014',1,'2024-06-04 15:22:40','2024-06-04 15:22:40'),
(3636,'cbae4f01-1c4b-11ef-9214-42010a8e0014',1,'2024-06-04 16:19:18','2024-06-04 16:19:18'),
(3637,'cbae4f01-1c4b-11ef-9214-42010a8e0014',1,'2024-06-04 16:20:37','2024-06-04 16:20:37'),
(3638,'cbae4f01-1c4b-11ef-9214-42010a8e0014',1,'2024-06-04 16:25:26','2024-06-04 16:25:26'),
(3639,'cbae4f01-1c4b-11ef-9214-42010a8e0014',1,'2024-06-04 16:27:04','2024-06-04 16:27:04'),
(3640,'cbadffd1-1c4b-11ef-9214-42010a8e0014',1,'2024-06-04 17:17:21','2024-06-04 17:17:21'),
(3641,'cbae0828-1c4b-11ef-9214-42010a8e0014',1,'2024-06-04 17:17:26','2024-06-04 17:17:26'),
(3642,'cbae0828-1c4b-11ef-9214-42010a8e0014',1,'2024-06-04 17:18:44','2024-06-04 17:18:44'),
(3643,'cbae110b-1c4b-11ef-9214-42010a8e0014',1,'2024-06-04 17:19:23','2024-06-04 17:19:23'),
(3644,'cbae110b-1c4b-11ef-9214-42010a8e0014',1,'2024-06-04 17:21:50','2024-06-04 17:21:50'),
(3645,'cbadffd1-1c4b-11ef-9214-42010a8e0014',1,'2024-06-04 17:22:12','2024-06-04 17:22:12'),
(3646,'cbadffd1-1c4b-11ef-9214-42010a8e0014',1,'2024-06-04 18:19:27','2024-06-04 18:19:27'),
(3647,'cbae110b-1c4b-11ef-9214-42010a8e0014',1,'2024-06-04 18:20:06','2024-06-04 18:20:06'),
(3648,'cbadffd1-1c4b-11ef-9214-42010a8e0014',1,'2024-06-04 18:20:26','2024-06-04 18:20:26'),
(3649,'cbae0828-1c4b-11ef-9214-42010a8e0014',1,'2024-06-04 18:23:02','2024-06-04 18:23:02'),
(3650,'cbadffd1-1c4b-11ef-9214-42010a8e0014',1,'2024-06-04 18:27:46','2024-06-04 18:27:46'),
(3651,'cbae0828-1c4b-11ef-9214-42010a8e0014',1,'2024-06-04 18:28:18','2024-06-04 18:28:18'),
(3652,'cbadffd1-1c4b-11ef-9214-42010a8e0014',1,'2024-06-04 18:35:01','2024-06-04 18:35:01'),
(3653,'cbadffd1-1c4b-11ef-9214-42010a8e0014',1,'2024-06-04 18:55:35','2024-06-04 18:55:35'),
(3654,'cbae110b-1c4b-11ef-9214-42010a8e0014',1,'2024-06-04 18:56:23','2024-06-04 18:56:23'),
(3655,'cbadffd1-1c4b-11ef-9214-42010a8e0014',1,'2024-06-04 19:00:35','2024-06-04 19:00:35'),
(3656,'cbae4f01-1c4b-11ef-9214-42010a8e0014',1,'2024-06-04 19:22:40','2024-06-04 19:22:40'),
(3657,'cbae4f01-1c4b-11ef-9214-42010a8e0014',1,'2024-06-04 19:28:15','2024-06-04 19:28:15'),
(3658,'cbae4f01-1c4b-11ef-9214-42010a8e0014',1,'2024-06-04 19:31:32','2024-06-04 19:31:32'),
(3659,'cbae4f01-1c4b-11ef-9214-42010a8e0014',1,'2024-06-04 19:36:03','2024-06-04 19:36:03'),
(3660,'cbae4f01-1c4b-11ef-9214-42010a8e0014',1,'2024-06-04 19:42:28','2024-06-04 19:42:28'),
(3661,'cbae4f01-1c4b-11ef-9214-42010a8e0014',1,'2024-06-04 20:20:31','2024-06-04 20:20:31'),
(3662,'cbae4f01-1c4b-11ef-9214-42010a8e0014',1,'2024-06-04 20:25:46','2024-06-04 20:25:46'),
(3663,'cbae560e-1c4b-11ef-9214-42010a8e0014',1,'2024-06-04 20:31:57','2024-06-04 20:31:57'),
(3664,'cbae56cd-1c4b-11ef-9214-42010a8e0014',1,'2024-06-04 20:32:27','2024-06-04 20:32:27'),
(3665,'cbadffd1-1c4b-11ef-9214-42010a8e0014',1,'2024-06-04 20:34:28','2024-06-04 20:34:28'),
(3666,'cbae579d-1c4b-11ef-9214-42010a8e0014',1,'2024-06-04 20:35:22','2024-06-04 20:35:22'),
(3667,'cbae586d-1c4b-11ef-9214-42010a8e0014',1,'2024-06-04 20:35:44','2024-06-04 20:35:44'),
(3668,'cbadffd1-1c4b-11ef-9214-42010a8e0014',1,'2024-06-04 20:36:21','2024-06-04 20:36:21'),
(3669,'cbae5d36-1c4b-11ef-9214-42010a8e0014',1,'2024-06-04 20:38:05','2024-06-04 20:38:05'),
(3670,'cbae5e44-1c4b-11ef-9214-42010a8e0014',1,'2024-06-04 20:39:13','2024-06-04 20:39:13'),
(3671,'cbae4f01-1c4b-11ef-9214-42010a8e0014',1,'2024-06-04 20:49:16','2024-06-04 20:49:16'),
(3672,'cbae4f01-1c4b-11ef-9214-42010a8e0014',1,'2024-06-04 20:51:34','2024-06-04 20:51:34'),
(3673,'cbae5d36-1c4b-11ef-9214-42010a8e0014',1,'2024-06-04 20:57:24','2024-06-04 20:57:24'),
(3674,'cbae5dc0-1c4b-11ef-9214-42010a8e0014',1,'2024-06-04 20:58:25','2024-06-04 20:58:25'),
(3675,'cbae5ec8-1c4b-11ef-9214-42010a8e0014',1,'2024-06-04 20:59:16','2024-06-04 20:59:16'),
(3676,'cbae4f01-1c4b-11ef-9214-42010a8e0014',1,'2024-06-04 21:02:12','2024-06-04 21:02:12'),
(3677,'cbae4f01-1c4b-11ef-9214-42010a8e0014',1,'2024-06-04 21:18:55','2024-06-04 21:18:55'),
(3678,'cbae4f01-1c4b-11ef-9214-42010a8e0014',1,'2024-06-04 21:32:01','2024-06-04 21:32:01'),
(3679,'cbae4f01-1c4b-11ef-9214-42010a8e0014',1,'2024-06-04 21:33:41','2024-06-04 21:33:41'),
(3680,'cbae4f01-1c4b-11ef-9214-42010a8e0014',1,'2024-06-04 21:35:17','2024-06-04 21:35:17'),
(3681,'cbae4f01-1c4b-11ef-9214-42010a8e0014',1,'2024-06-04 21:36:12','2024-06-04 21:36:12'),
(3682,'cbae4f01-1c4b-11ef-9214-42010a8e0014',1,'2024-06-04 21:38:53','2024-06-04 21:38:53'),
(3683,'cbae4f01-1c4b-11ef-9214-42010a8e0014',1,'2024-06-04 21:40:35','2024-06-04 21:40:35'),
(3684,'cbae4f01-1c4b-11ef-9214-42010a8e0014',1,'2024-06-04 21:44:37','2024-06-04 21:44:37'),
(3685,'cbae4f01-1c4b-11ef-9214-42010a8e0014',1,'2024-06-04 21:49:55','2024-06-04 21:49:55'),
(3686,'cbae4f01-1c4b-11ef-9214-42010a8e0014',1,'2024-06-04 21:52:14','2024-06-04 21:52:14'),
(3687,'cbae4f01-1c4b-11ef-9214-42010a8e0014',1,'2024-06-04 21:53:15','2024-06-04 21:53:15'),
(3688,'cbae4f01-1c4b-11ef-9214-42010a8e0014',1,'2024-06-04 21:54:26','2024-06-04 21:54:26'),
(3689,'cbae4f01-1c4b-11ef-9214-42010a8e0014',1,'2024-06-04 21:54:53','2024-06-04 21:54:53'),
(3690,'cbae4f01-1c4b-11ef-9214-42010a8e0014',1,'2024-06-04 22:01:52','2024-06-04 22:01:52'),
(3691,'cbae4f01-1c4b-11ef-9214-42010a8e0014',1,'2024-06-04 22:05:14','2024-06-04 22:05:14'),
(3692,'cbae4f01-1c4b-11ef-9214-42010a8e0014',1,'2024-06-04 22:10:14','2024-06-04 22:10:14'),
(3693,'cbae4f01-1c4b-11ef-9214-42010a8e0014',1,'2024-06-04 22:12:32','2024-06-04 22:12:32'),
(3694,'cbae4f01-1c4b-11ef-9214-42010a8e0014',1,'2024-06-04 22:14:49','2024-06-04 22:14:49'),
(3695,'cbae4f01-1c4b-11ef-9214-42010a8e0014',1,'2024-06-04 22:52:23','2024-06-04 22:52:23'),
(3696,'cbae4f01-1c4b-11ef-9214-42010a8e0014',1,'2024-06-04 22:53:08','2024-06-04 22:53:08'),
(3697,'cbae4f01-1c4b-11ef-9214-42010a8e0014',1,'2024-06-04 22:53:57','2024-06-04 22:53:57'),
(3698,'cbae4f01-1c4b-11ef-9214-42010a8e0014',1,'2024-06-04 22:55:39','2024-06-04 22:55:39'),
(3699,'cbae4f01-1c4b-11ef-9214-42010a8e0014',1,'2024-06-04 22:56:23','2024-06-04 22:56:23'),
(3700,'cbae4f01-1c4b-11ef-9214-42010a8e0014',1,'2024-06-04 22:56:52','2024-06-04 22:56:52'),
(3701,'cbae4f01-1c4b-11ef-9214-42010a8e0014',1,'2024-06-04 23:10:38','2024-06-04 23:10:38'),
(3702,'cbae4f01-1c4b-11ef-9214-42010a8e0014',1,'2024-06-04 23:12:05','2024-06-04 23:12:05'),
(3703,'cbae4f01-1c4b-11ef-9214-42010a8e0014',1,'2024-06-04 23:22:27','2024-06-04 23:22:27'),
(3704,'cbae4f01-1c4b-11ef-9214-42010a8e0014',1,'2024-06-04 23:31:37','2024-06-04 23:31:37'),
(3705,'cbae4f01-1c4b-11ef-9214-42010a8e0014',1,'2024-06-04 23:36:07','2024-06-04 23:36:07'),
(3706,'cbae5dc0-1c4b-11ef-9214-42010a8e0014',1,'2024-06-04 23:40:46','2024-06-04 23:40:46'),
(3707,'9777dad8-ee60-49ba-a2d0-a87500206e47',1,'2024-06-04 23:45:02','2024-06-04 23:45:02'),
(3708,'cbae5e44-1c4b-11ef-9214-42010a8e0014',1,'2024-06-05 00:32:20','2024-06-05 00:32:20'),
(3709,'cbae5e44-1c4b-11ef-9214-42010a8e0014',1,'2024-06-05 00:47:55','2024-06-05 00:47:55'),
(3710,'cbae4f01-1c4b-11ef-9214-42010a8e0014',1,'2024-06-05 01:36:53','2024-06-05 01:36:53'),
(3711,'cbae5ec8-1c4b-11ef-9214-42010a8e0014',1,'2024-06-05 02:12:34','2024-06-05 02:12:34'),
(3712,'cbae5ec8-1c4b-11ef-9214-42010a8e0014',1,'2024-06-05 03:21:08','2024-06-05 03:21:08'),
(3713,'cbae4f01-1c4b-11ef-9214-42010a8e0014',1,'2024-06-05 05:26:56','2024-06-05 05:26:56'),
(3714,'cbadffd1-1c4b-11ef-9214-42010a8e0014',1,'2024-06-05 12:43:04','2024-06-05 12:43:04'),
(3715,'cbae2b96-1c4b-11ef-9214-42010a8e0014',1,'2024-06-05 12:44:00','2024-06-05 12:44:00'),
(3716,'cbadffd1-1c4b-11ef-9214-42010a8e0014',1,'2024-06-05 12:46:13','2024-06-05 12:46:13'),
(3717,'cbadffd1-1c4b-11ef-9214-42010a8e0014',1,'2024-06-05 12:52:03','2024-06-05 12:52:03'),
(3718,'cbae5e44-1c4b-11ef-9214-42010a8e0014',1,'2024-06-05 14:04:46','2024-06-05 14:04:46'),
(3719,'cbadffd1-1c4b-11ef-9214-42010a8e0014',1,'2024-06-05 14:10:45','2024-06-05 14:10:45'),
(3720,'cbae5e44-1c4b-11ef-9214-42010a8e0014',1,'2024-06-05 14:42:22','2024-06-05 14:42:22'),
(3721,'cbae4f01-1c4b-11ef-9214-42010a8e0014',1,'2024-06-05 15:07:37','2024-06-05 15:07:37'),
(3722,'9777dad8-ee60-49ba-a2d0-a87500206e47',1,'2024-06-05 15:08:44','2024-06-05 15:08:44'),
(3723,'cbadffd1-1c4b-11ef-9214-42010a8e0014',1,'2024-06-05 15:25:52','2024-06-05 15:25:52'),
(3724,'cbadffd1-1c4b-11ef-9214-42010a8e0014',1,'2024-06-05 15:29:10','2024-06-05 15:29:10'),
(3725,'cbae5dc0-1c4b-11ef-9214-42010a8e0014',1,'2024-06-05 15:51:45','2024-06-05 15:51:45'),
(3726,'cbadffd1-1c4b-11ef-9214-42010a8e0014',1,'2024-06-05 15:55:42','2024-06-05 15:55:42'),
(3727,'cbadffd1-1c4b-11ef-9214-42010a8e0014',1,'2024-06-05 15:58:32','2024-06-05 15:58:32'),
(3728,'cbae4f01-1c4b-11ef-9214-42010a8e0014',1,'2024-06-05 16:10:45','2024-06-05 16:10:45'),
(3729,'cbae4f01-1c4b-11ef-9214-42010a8e0014',1,'2024-06-05 16:33:15','2024-06-05 16:33:15'),
(3730,'cbae5e44-1c4b-11ef-9214-42010a8e0014',1,'2024-06-05 16:44:48','2024-06-05 16:44:48'),
(3731,'cbadffd1-1c4b-11ef-9214-42010a8e0014',1,'2024-06-05 17:18:06','2024-06-05 17:18:06'),
(3732,'cbae5d36-1c4b-11ef-9214-42010a8e0014',1,'2024-06-05 17:23:24','2024-06-05 17:23:24'),
(3733,'cbae5dc0-1c4b-11ef-9214-42010a8e0014',1,'2024-06-05 17:38:40','2024-06-05 17:38:40'),
(3734,'9777dad8-ee60-49ba-a2d0-a87500206e47',1,'2024-06-05 18:15:59','2024-06-05 18:15:59'),
(3735,'9777dad8-ee60-49ba-a2d0-a87500206e47',1,'2024-06-05 18:19:34','2024-06-05 18:19:34'),
(3736,'9777dad8-ee60-49ba-a2d0-a87500206e47',1,'2024-06-05 18:22:14','2024-06-05 18:22:14'),
(3737,'9777dad8-ee60-49ba-a2d0-a87500206e47',1,'2024-06-05 18:24:26','2024-06-05 18:24:26'),
(3738,'cbae4f01-1c4b-11ef-9214-42010a8e0014',1,'2024-06-05 20:08:02','2024-06-05 20:08:02'),
(3739,'cbae4f01-1c4b-11ef-9214-42010a8e0014',1,'2024-06-05 20:15:38','2024-06-05 20:15:38'),
(3740,'cbae110b-1c4b-11ef-9214-42010a8e0014',1,'2024-06-05 20:18:30','2024-06-05 20:18:30'),
(3741,'cbae08ce-1c4b-11ef-9214-42010a8e0014',1,'2024-06-05 20:30:17','2024-06-05 20:30:17'),
(3742,'cbae4f01-1c4b-11ef-9214-42010a8e0014',1,'2024-06-05 20:31:04','2024-06-05 20:31:04'),
(3743,'cbadffd1-1c4b-11ef-9214-42010a8e0014',1,'2024-06-05 20:32:27','2024-06-05 20:32:27'),
(3744,'cbae110b-1c4b-11ef-9214-42010a8e0014',1,'2024-06-05 20:33:04','2024-06-05 20:33:04'),
(3745,'cbadffd1-1c4b-11ef-9214-42010a8e0014',1,'2024-06-05 20:35:49','2024-06-05 20:35:49'),
(3746,'cbae08ce-1c4b-11ef-9214-42010a8e0014',1,'2024-06-05 20:36:15','2024-06-05 20:36:15'),
(3747,'cbae6dbb-1c4b-11ef-9214-42010a8e0014',1,'2024-06-05 20:38:00','2024-06-05 20:38:00'),
(3748,'cbae08ce-1c4b-11ef-9214-42010a8e0014',1,'2024-06-05 20:38:18','2024-06-05 20:38:18'),
(3749,'cbae08ce-1c4b-11ef-9214-42010a8e0014',1,'2024-06-05 20:40:13','2024-06-05 20:40:13'),
(3750,'cbadffd1-1c4b-11ef-9214-42010a8e0014',1,'2024-06-05 20:44:43','2024-06-05 20:44:43'),
(3751,'cbae110b-1c4b-11ef-9214-42010a8e0014',1,'2024-06-05 20:46:23','2024-06-05 20:46:23'),
(3752,'cbae0828-1c4b-11ef-9214-42010a8e0014',1,'2024-06-05 20:47:19','2024-06-05 20:47:19'),
(3753,'cbae4f01-1c4b-11ef-9214-42010a8e0014',1,'2024-06-05 20:49:26','2024-06-05 20:49:26'),
(3754,'cbadffd1-1c4b-11ef-9214-42010a8e0014',1,'2024-06-05 20:50:47','2024-06-05 20:50:47'),
(3755,'cbadffd1-1c4b-11ef-9214-42010a8e0014',1,'2024-06-05 20:51:50','2024-06-05 20:51:50'),
(3756,'cbadffd1-1c4b-11ef-9214-42010a8e0014',1,'2024-06-05 20:53:01','2024-06-05 20:53:01'),
(3757,'cbae110b-1c4b-11ef-9214-42010a8e0014',1,'2024-06-05 20:55:14','2024-06-05 20:55:14'),
(3758,'cbae08ce-1c4b-11ef-9214-42010a8e0014',1,'2024-06-05 20:55:56','2024-06-05 20:55:56'),
(3759,'cbae08ce-1c4b-11ef-9214-42010a8e0014',1,'2024-06-05 20:56:31','2024-06-05 20:56:31'),
(3760,'cbae0828-1c4b-11ef-9214-42010a8e0014',1,'2024-06-05 20:58:28','2024-06-05 20:58:28'),
(3761,'cbae4f01-1c4b-11ef-9214-42010a8e0014',1,'2024-06-05 21:04:52','2024-06-05 21:04:52'),
(3762,'cbae4f01-1c4b-11ef-9214-42010a8e0014',1,'2024-06-05 21:06:15','2024-06-05 21:06:15'),
(3763,'cbadffd1-1c4b-11ef-9214-42010a8e0014',1,'2024-06-05 21:09:42','2024-06-05 21:09:42'),
(3764,'cbae4e01-1c4b-11ef-9214-42010a8e0014',1,'2024-06-05 21:20:03','2024-06-05 21:20:03'),
(3765,'cbae4e01-1c4b-11ef-9214-42010a8e0014',1,'2024-06-05 21:24:30','2024-06-05 21:24:30'),
(3766,'cbae4e01-1c4b-11ef-9214-42010a8e0014',1,'2024-06-05 21:29:51','2024-06-05 21:29:51'),
(3767,'cbae4e01-1c4b-11ef-9214-42010a8e0014',1,'2024-06-05 21:46:40','2024-06-05 21:46:40'),
(3768,'cbae5ec8-1c4b-11ef-9214-42010a8e0014',1,'2024-06-05 21:53:19','2024-06-05 21:53:19'),
(3769,'cbae4f01-1c4b-11ef-9214-42010a8e0014',1,'2024-06-05 22:09:39','2024-06-05 22:09:39'),
(3770,'cbae4f01-1c4b-11ef-9214-42010a8e0014',1,'2024-06-05 22:15:18','2024-06-05 22:15:18'),
(3771,'cbae4f01-1c4b-11ef-9214-42010a8e0014',1,'2024-06-05 23:09:46','2024-06-05 23:09:46'),
(3772,'cbae4f01-1c4b-11ef-9214-42010a8e0014',1,'2024-06-05 23:22:22','2024-06-05 23:22:22'),
(3773,'cbae4f01-1c4b-11ef-9214-42010a8e0014',1,'2024-06-06 00:19:58','2024-06-06 00:19:58'),
(3774,'cbae5dc0-1c4b-11ef-9214-42010a8e0014',1,'2024-06-06 01:01:06','2024-06-06 01:01:06'),
(3775,'cbae5e44-1c4b-11ef-9214-42010a8e0014',1,'2024-06-06 01:22:49','2024-06-06 01:22:49'),
(3776,'cbae4f01-1c4b-11ef-9214-42010a8e0014',1,'2024-06-06 01:31:11','2024-06-06 01:31:11'),
(3777,'cbae5dc0-1c4b-11ef-9214-42010a8e0014',1,'2024-06-06 03:05:45','2024-06-06 03:05:45'),
(3778,'cbae4f01-1c4b-11ef-9214-42010a8e0014',1,'2024-06-06 04:55:28','2024-06-06 04:55:28'),
(3779,'9777dad8-ee60-49ba-a2d0-a87500206e47',1,'2024-06-06 04:57:40','2024-06-06 04:57:40'),
(3780,'9777dad8-ee60-49ba-a2d0-a87500206e47',1,'2024-06-06 05:19:17','2024-06-06 05:19:17'),
(3781,'cbae5f4c-1c4b-11ef-9214-42010a8e0014',1,'2024-06-06 13:22:54','2024-06-06 13:22:54'),
(3782,'cbadffd1-1c4b-11ef-9214-42010a8e0014',1,'2024-06-06 13:28:45','2024-06-06 13:28:45'),
(3783,'cbae644f-1c4b-11ef-9214-42010a8e0014',1,'2024-06-06 13:33:15','2024-06-06 13:33:15'),
(3784,'cbae64d0-1c4b-11ef-9214-42010a8e0014',1,'2024-06-06 13:33:21','2024-06-06 13:33:21'),
(3785,'cbae6552-1c4b-11ef-9214-42010a8e0014',1,'2024-06-06 13:33:29','2024-06-06 13:33:29'),
(3786,'cbae65d5-1c4b-11ef-9214-42010a8e0014',1,'2024-06-06 13:33:34','2024-06-06 13:33:34'),
(3787,'cbae6654-1c4b-11ef-9214-42010a8e0014',1,'2024-06-06 13:33:40','2024-06-06 13:33:40'),
(3788,'cbadffd1-1c4b-11ef-9214-42010a8e0014',1,'2024-06-06 13:35:07','2024-06-06 13:35:07'),
(3789,'cbae6654-1c4b-11ef-9214-42010a8e0014',1,'2024-06-06 13:37:09','2024-06-06 13:37:09'),
(3790,'cbae4f01-1c4b-11ef-9214-42010a8e0014',1,'2024-06-06 13:37:11','2024-06-06 13:37:11'),
(3791,'cbae4f01-1c4b-11ef-9214-42010a8e0014',1,'2024-06-06 13:37:28','2024-06-06 13:37:28'),
(3792,'cbae4f01-1c4b-11ef-9214-42010a8e0014',1,'2024-06-06 13:37:37','2024-06-06 13:37:37'),
(3793,'cbae4f01-1c4b-11ef-9214-42010a8e0014',1,'2024-06-06 13:38:36','2024-06-06 13:38:36'),
(3794,'cbae4f01-1c4b-11ef-9214-42010a8e0014',1,'2024-06-06 13:39:06','2024-06-06 13:39:06'),
(3795,'cbae5e44-1c4b-11ef-9214-42010a8e0014',1,'2024-06-06 13:40:20','2024-06-06 13:40:20'),
(3796,'cbae5e44-1c4b-11ef-9214-42010a8e0014',1,'2024-06-06 13:40:21','2024-06-06 13:40:21'),
(3797,'cbadffd1-1c4b-11ef-9214-42010a8e0014',1,'2024-06-06 13:41:58','2024-06-06 13:41:58'),
(3798,'cbadffd1-1c4b-11ef-9214-42010a8e0014',1,'2024-06-06 13:45:23','2024-06-06 13:45:23'),
(3799,'cbadffd1-1c4b-11ef-9214-42010a8e0014',1,'2024-06-06 13:47:41','2024-06-06 13:47:41'),
(3800,'cbae4f01-1c4b-11ef-9214-42010a8e0014',1,'2024-06-06 13:52:58','2024-06-06 13:52:58'),
(3801,'cbadffd1-1c4b-11ef-9214-42010a8e0014',1,'2024-06-06 13:56:12','2024-06-06 13:56:12'),
(3802,'cbadffd1-1c4b-11ef-9214-42010a8e0014',1,'2024-06-06 13:58:19','2024-06-06 13:58:19'),
(3803,'cbadffd1-1c4b-11ef-9214-42010a8e0014',1,'2024-06-06 13:59:38','2024-06-06 13:59:38'),
(3804,'cbadffd1-1c4b-11ef-9214-42010a8e0014',1,'2024-06-06 14:02:23','2024-06-06 14:02:23'),
(3805,'cbadffd1-1c4b-11ef-9214-42010a8e0014',1,'2024-06-06 14:09:59','2024-06-06 14:09:59'),
(3806,'8f118a39-8091-4abb-971a-9786da38d62c',1,'2024-06-06 14:12:37','2024-06-06 14:12:37'),
(3807,'cbae5e44-1c4b-11ef-9214-42010a8e0014',1,'2024-06-06 14:13:15','2024-06-06 14:13:15'),
(3808,'cbae6391-1c4b-11ef-9214-42010a8e0014',1,'2024-06-06 14:17:10','2024-06-06 14:17:10'),
(3809,'cbae630f-1c4b-11ef-9214-42010a8e0014',1,'2024-06-06 14:31:47','2024-06-06 14:31:47'),
(3810,'cbae5f4c-1c4b-11ef-9214-42010a8e0014',1,'2024-06-06 14:31:54','2024-06-06 14:31:54'),
(3811,'cbae5f4c-1c4b-11ef-9214-42010a8e0014',1,'2024-06-06 14:33:16','2024-06-06 14:33:16'),
(3812,'cbae5f4c-1c4b-11ef-9214-42010a8e0014',1,'2024-06-06 14:34:58','2024-06-06 14:34:58'),
(3813,'cbae5f4c-1c4b-11ef-9214-42010a8e0014',1,'2024-06-06 14:37:47','2024-06-06 14:37:47'),
(3814,'cbae5f4c-1c4b-11ef-9214-42010a8e0014',1,'2024-06-06 14:38:30','2024-06-06 14:38:30'),
(3815,'9777dad8-ee60-49ba-a2d0-a87500206e47',1,'2024-06-06 15:15:22','2024-06-06 15:15:22'),
(3816,'cbadffd1-1c4b-11ef-9214-42010a8e0014',1,'2024-06-06 15:23:44','2024-06-06 15:23:44'),
(3817,'cbadffd1-1c4b-11ef-9214-42010a8e0014',1,'2024-06-06 15:40:20','2024-06-06 15:40:20'),
(3818,'cbadffd1-1c4b-11ef-9214-42010a8e0014',1,'2024-06-06 15:47:16','2024-06-06 15:47:16'),
(3819,'cbadffd1-1c4b-11ef-9214-42010a8e0014',1,'2024-06-06 16:18:17','2024-06-06 16:18:17'),
(3820,'cbadffd1-1c4b-11ef-9214-42010a8e0014',1,'2024-06-06 18:08:37','2024-06-06 18:08:37'),
(3821,'cbae110b-1c4b-11ef-9214-42010a8e0014',1,'2024-06-06 18:09:06','2024-06-06 18:09:06'),
(3822,'cbae4f01-1c4b-11ef-9214-42010a8e0014',1,'2024-06-06 20:01:55','2024-06-06 20:01:55'),
(3823,'cbae4f01-1c4b-11ef-9214-42010a8e0014',1,'2024-06-06 21:36:21','2024-06-06 21:36:21'),
(3824,'cbae5e44-1c4b-11ef-9214-42010a8e0014',1,'2024-06-06 22:11:37','2024-06-06 22:11:37'),
(3825,'cbadffd1-1c4b-11ef-9214-42010a8e0014',1,'2024-06-06 22:11:39','2024-06-06 22:11:39'),
(3826,'cbae4f01-1c4b-11ef-9214-42010a8e0014',1,'2024-06-06 22:22:45','2024-06-06 22:22:45'),
(3827,'cbae4f01-1c4b-11ef-9214-42010a8e0014',1,'2024-06-06 22:26:37','2024-06-06 22:26:37'),
(3828,'cbae5d36-1c4b-11ef-9214-42010a8e0014',1,'2024-06-06 22:52:01','2024-06-06 22:52:01'),
(3829,'cbae4f01-1c4b-11ef-9214-42010a8e0014',1,'2024-06-06 23:44:31','2024-06-06 23:44:31'),
(3830,'cbae4f01-1c4b-11ef-9214-42010a8e0014',1,'2024-06-06 23:44:55','2024-06-06 23:44:55'),
(3831,'cbae4f01-1c4b-11ef-9214-42010a8e0014',1,'2024-06-06 23:48:25','2024-06-06 23:48:25'),
(3832,'cbae4f01-1c4b-11ef-9214-42010a8e0014',1,'2024-06-06 23:48:43','2024-06-06 23:48:43'),
(3833,'cbae4f01-1c4b-11ef-9214-42010a8e0014',1,'2024-06-06 23:52:18','2024-06-06 23:52:18'),
(3834,'cbae4f01-1c4b-11ef-9214-42010a8e0014',1,'2024-06-06 23:54:22','2024-06-06 23:54:22'),
(3835,'cbae4f01-1c4b-11ef-9214-42010a8e0014',1,'2024-06-07 00:12:05','2024-06-07 00:12:05'),
(3836,'cbae4f01-1c4b-11ef-9214-42010a8e0014',1,'2024-06-07 02:55:31','2024-06-07 02:55:31'),
(3837,'cbadffd1-1c4b-11ef-9214-42010a8e0014',1,'2024-06-07 12:47:49','2024-06-07 12:47:49'),
(3838,'cbadffd1-1c4b-11ef-9214-42010a8e0014',1,'2024-06-07 13:45:04','2024-06-07 13:45:04'),
(3839,'cbae5d36-1c4b-11ef-9214-42010a8e0014',1,'2024-06-07 13:45:27','2024-06-07 13:45:27'),
(3840,'cbae4f01-1c4b-11ef-9214-42010a8e0014',1,'2024-06-07 13:47:51','2024-06-07 13:47:51'),
(3841,'cbadffd1-1c4b-11ef-9214-42010a8e0014',1,'2024-06-07 13:52:46','2024-06-07 13:52:46'),
(3842,'cbadffd1-1c4b-11ef-9214-42010a8e0014',1,'2024-06-07 14:13:35','2024-06-07 14:13:35'),
(3843,'cbae4f01-1c4b-11ef-9214-42010a8e0014',1,'2024-06-07 15:12:33','2024-06-07 15:12:33'),
(3844,'cbae5e44-1c4b-11ef-9214-42010a8e0014',1,'2024-06-07 16:53:37','2024-06-07 16:53:37'),
(3845,'cbae4f01-1c4b-11ef-9214-42010a8e0014',1,'2024-06-07 17:28:18','2024-06-07 17:28:18'),
(3846,'cbae110b-1c4b-11ef-9214-42010a8e0014',1,'2024-06-07 18:56:17','2024-06-07 18:56:17'),
(3847,'cbae5d36-1c4b-11ef-9214-42010a8e0014',1,'2024-06-07 20:52:24','2024-06-07 20:52:24'),
(3848,'cbae5e44-1c4b-11ef-9214-42010a8e0014',1,'2024-06-07 21:02:46','2024-06-07 21:02:46'),
(3849,'cbae4e01-1c4b-11ef-9214-42010a8e0014',1,'2024-06-07 21:07:18','2024-06-07 21:07:18'),
(3850,'cbadffd1-1c4b-11ef-9214-42010a8e0014',1,'2024-06-07 21:08:01','2024-06-07 21:08:01'),
(3851,'cbae110b-1c4b-11ef-9214-42010a8e0014',1,'2024-06-07 21:39:46','2024-06-07 21:39:46'),
(3852,'cbae4f01-1c4b-11ef-9214-42010a8e0014',1,'2024-06-07 21:42:30','2024-06-07 21:42:30'),
(3853,'cbadffd1-1c4b-11ef-9214-42010a8e0014',1,'2024-06-07 21:46:02','2024-06-07 21:46:02'),
(3854,'cbae4e01-1c4b-11ef-9214-42010a8e0014',1,'2024-06-07 21:47:22','2024-06-07 21:47:22'),
(3855,'cbadffd1-1c4b-11ef-9214-42010a8e0014',1,'2024-06-07 21:48:58','2024-06-07 21:48:58'),
(3856,'cbadffd1-1c4b-11ef-9214-42010a8e0014',1,'2024-06-07 22:19:55','2024-06-07 22:19:55'),
(3857,'cbae4f01-1c4b-11ef-9214-42010a8e0014',1,'2024-06-07 22:57:30','2024-06-07 22:57:30'),
(3858,'cbae4f01-1c4b-11ef-9214-42010a8e0014',1,'2024-06-07 23:05:53','2024-06-07 23:05:53'),
(3859,'cbae4f01-1c4b-11ef-9214-42010a8e0014',1,'2024-06-07 23:43:09','2024-06-07 23:43:09'),
(3860,'9777dad8-ee60-49ba-a2d0-a87500206e47',1,'2024-06-07 23:48:48','2024-06-07 23:48:48'),
(3861,'cbadffd1-1c4b-11ef-9214-42010a8e0014',1,'2024-06-08 00:27:59','2024-06-08 00:27:59'),
(3862,'cbadffd1-1c4b-11ef-9214-42010a8e0014',1,'2024-06-08 00:28:53','2024-06-08 00:28:53'),
(3863,'cbae0828-1c4b-11ef-9214-42010a8e0014',1,'2024-06-08 00:29:26','2024-06-08 00:29:26'),
(3864,'cbadffd1-1c4b-11ef-9214-42010a8e0014',1,'2024-06-08 00:30:16','2024-06-08 00:30:16'),
(3865,'cbae110b-1c4b-11ef-9214-42010a8e0014',1,'2024-06-08 00:34:02','2024-06-08 00:34:02'),
(3866,'cbadffd1-1c4b-11ef-9214-42010a8e0014',1,'2024-06-08 00:35:19','2024-06-08 00:35:19'),
(3867,'cbadffd1-1c4b-11ef-9214-42010a8e0014',1,'2024-06-08 00:36:38','2024-06-08 00:36:38'),
(3868,'cbadffd1-1c4b-11ef-9214-42010a8e0014',1,'2024-06-08 00:39:45','2024-06-08 00:39:45'),
(3869,'cbadffd1-1c4b-11ef-9214-42010a8e0014',1,'2024-06-08 00:57:55','2024-06-08 00:57:55'),
(3870,'cbae110b-1c4b-11ef-9214-42010a8e0014',1,'2024-06-08 01:28:31','2024-06-08 01:28:31'),
(3871,'cbae08ce-1c4b-11ef-9214-42010a8e0014',1,'2024-06-08 01:29:09','2024-06-08 01:29:09'),
(3872,'cbae0828-1c4b-11ef-9214-42010a8e0014',1,'2024-06-08 01:29:48','2024-06-08 01:29:48'),
(3873,'cbadffd1-1c4b-11ef-9214-42010a8e0014',1,'2024-06-08 01:30:17','2024-06-08 01:30:17'),
(3874,'cbae4f01-1c4b-11ef-9214-42010a8e0014',1,'2024-06-08 14:26:14','2024-06-08 14:26:14'),
(3875,'cbae0828-1c4b-11ef-9214-42010a8e0014',1,'2024-06-08 15:04:00','2024-06-08 15:04:00'),
(3876,'cbadffd1-1c4b-11ef-9214-42010a8e0014',1,'2024-06-08 15:04:51','2024-06-08 15:04:51'),
(3877,'cbae4f01-1c4b-11ef-9214-42010a8e0014',1,'2024-06-08 15:44:45','2024-06-08 15:44:45'),
(3878,'cbae4f01-1c4b-11ef-9214-42010a8e0014',1,'2024-06-08 21:01:14','2024-06-08 21:01:14'),
(3879,'cbae4f01-1c4b-11ef-9214-42010a8e0014',1,'2024-06-09 14:06:11','2024-06-09 14:06:11'),
(3880,'cbae4f01-1c4b-11ef-9214-42010a8e0014',1,'2024-06-09 14:06:12','2024-06-09 14:06:12'),
(3881,'cbae6391-1c4b-11ef-9214-42010a8e0014',1,'2024-06-09 14:34:19','2024-06-09 14:34:19'),
(3882,'cbae6391-1c4b-11ef-9214-42010a8e0014',1,'2024-06-09 14:34:26','2024-06-09 14:34:26'),
(3883,'cbae6391-1c4b-11ef-9214-42010a8e0014',1,'2024-06-09 14:35:21','2024-06-09 14:35:21'),
(3884,'cbae4f01-1c4b-11ef-9214-42010a8e0014',1,'2024-06-09 14:45:39','2024-06-09 14:45:39'),
(3885,'cbae5e44-1c4b-11ef-9214-42010a8e0014',1,'2024-06-09 17:16:53','2024-06-09 17:16:53'),
(3886,'cbae4f01-1c4b-11ef-9214-42010a8e0014',1,'2024-06-09 19:18:31','2024-06-09 19:18:31'),
(3887,'cbae4f01-1c4b-11ef-9214-42010a8e0014',1,'2024-06-09 19:21:07','2024-06-09 19:21:07'),
(3888,'cbae4f01-1c4b-11ef-9214-42010a8e0014',1,'2024-06-09 20:43:02','2024-06-09 20:43:02'),
(3889,'cbadffd1-1c4b-11ef-9214-42010a8e0014',1,'2024-06-10 13:38:29','2024-06-10 13:38:29'),
(3890,'9bda2534-3b98-4b3d-a0dc-abaf28bd20eb',1,'2024-06-10 14:51:31','2024-06-10 14:51:31'),
(3891,'cbae4f01-1c4b-11ef-9214-42010a8e0014',1,'2024-06-10 15:49:31','2024-06-10 15:49:31'),
(3892,'cbae5e44-1c4b-11ef-9214-42010a8e0014',1,'2024-06-10 20:54:52','2024-06-10 20:54:52'),
(3893,'cbae5e44-1c4b-11ef-9214-42010a8e0014',1,'2024-06-10 20:57:06','2024-06-10 20:57:06'),
(3894,'cbae4f01-1c4b-11ef-9214-42010a8e0014',1,'2024-06-10 21:18:44','2024-06-10 21:18:44'),
(3895,'cbae4f01-1c4b-11ef-9214-42010a8e0014',1,'2024-06-10 22:32:45','2024-06-10 22:32:45'),
(3896,'cbae5e44-1c4b-11ef-9214-42010a8e0014',1,'2024-06-10 22:36:00','2024-06-10 22:36:00'),
(3897,'cbae5e44-1c4b-11ef-9214-42010a8e0014',1,'2024-06-10 22:39:40','2024-06-10 22:39:40'),
(3898,'cbae5e44-1c4b-11ef-9214-42010a8e0014',1,'2024-06-10 22:43:31','2024-06-10 22:43:31'),
(3899,'cbae5e44-1c4b-11ef-9214-42010a8e0014',1,'2024-06-10 22:52:55','2024-06-10 22:52:55'),
(3900,'cbae4f01-1c4b-11ef-9214-42010a8e0014',1,'2024-06-10 23:16:38','2024-06-10 23:16:38'),
(3901,'cbae4f01-1c4b-11ef-9214-42010a8e0014',1,'2024-06-11 01:44:22','2024-06-11 01:44:22'),
(3902,'cbadffd1-1c4b-11ef-9214-42010a8e0014',1,'2024-06-11 11:18:40','2024-06-11 11:18:40'),
(3903,'cbae4f01-1c4b-11ef-9214-42010a8e0014',1,'2024-06-11 13:19:01','2024-06-11 13:19:01'),
(3904,'cbae4f01-1c4b-11ef-9214-42010a8e0014',1,'2024-06-11 13:26:20','2024-06-11 13:26:20'),
(3905,'cbae4f01-1c4b-11ef-9214-42010a8e0014',1,'2024-06-11 13:32:30','2024-06-11 13:32:30'),
(3906,'cbae0828-1c4b-11ef-9214-42010a8e0014',1,'2024-06-11 13:59:33','2024-06-11 13:59:33'),
(3907,'cbadffd1-1c4b-11ef-9214-42010a8e0014',1,'2024-06-11 14:34:55','2024-06-11 14:34:55'),
(3908,'cbae0828-1c4b-11ef-9214-42010a8e0014',1,'2024-06-11 14:38:25','2024-06-11 14:38:25'),
(3909,'cbadffd1-1c4b-11ef-9214-42010a8e0014',1,'2024-06-11 14:45:08','2024-06-11 14:45:08'),
(3910,'cbae110b-1c4b-11ef-9214-42010a8e0014',1,'2024-06-11 15:20:11','2024-06-11 15:20:11'),
(3911,'cbae08ce-1c4b-11ef-9214-42010a8e0014',1,'2024-06-11 15:20:44','2024-06-11 15:20:44'),
(3912,'cbadffd1-1c4b-11ef-9214-42010a8e0014',1,'2024-06-11 15:25:11','2024-06-11 15:25:11'),
(3913,'cbae5e44-1c4b-11ef-9214-42010a8e0014',1,'2024-06-11 15:38:38','2024-06-11 15:38:38'),
(3914,'cbae4f01-1c4b-11ef-9214-42010a8e0014',1,'2024-06-11 16:07:51','2024-06-11 16:07:51'),
(3915,'cbae4f01-1c4b-11ef-9214-42010a8e0014',1,'2024-06-11 16:17:22','2024-06-11 16:17:22'),
(3916,'cbae4f01-1c4b-11ef-9214-42010a8e0014',1,'2024-06-11 16:23:49','2024-06-11 16:23:49'),
(3917,'cbae4f01-1c4b-11ef-9214-42010a8e0014',1,'2024-06-11 16:24:57','2024-06-11 16:24:57'),
(3918,'cbadffd1-1c4b-11ef-9214-42010a8e0014',1,'2024-06-11 19:45:15','2024-06-11 19:45:15'),
(3919,'cbae110b-1c4b-11ef-9214-42010a8e0014',1,'2024-06-11 19:45:43','2024-06-11 19:45:43'),
(3920,'cbae1323-1c4b-11ef-9214-42010a8e0014',1,'2024-06-11 19:48:38','2024-06-11 19:48:38'),
(3921,'cbae110b-1c4b-11ef-9214-42010a8e0014',1,'2024-06-11 19:56:14','2024-06-11 19:56:14'),
(3922,'cbadffd1-1c4b-11ef-9214-42010a8e0014',1,'2024-06-11 19:56:46','2024-06-11 19:56:46'),
(3923,'cbae5e44-1c4b-11ef-9214-42010a8e0014',1,'2024-06-11 20:56:10','2024-06-11 20:56:10'),
(3924,'cbae5d36-1c4b-11ef-9214-42010a8e0014',1,'2024-06-11 21:21:01','2024-06-11 21:21:01'),
(3925,'cbae4f01-1c4b-11ef-9214-42010a8e0014',1,'2024-06-11 21:57:19','2024-06-11 21:57:19'),
(3926,'cbae4f01-1c4b-11ef-9214-42010a8e0014',1,'2024-06-11 22:24:19','2024-06-11 22:24:19'),
(3927,'cbae4f01-1c4b-11ef-9214-42010a8e0014',1,'2024-06-11 23:16:24','2024-06-11 23:16:24'),
(3928,'cbae5e44-1c4b-11ef-9214-42010a8e0014',1,'2024-06-12 13:13:39','2024-06-12 13:13:39'),
(3929,'cbae5d36-1c4b-11ef-9214-42010a8e0014',1,'2024-06-12 13:15:30','2024-06-12 13:15:30'),
(3930,'9777dad8-ee60-49ba-a2d0-a87500206e47',1,'2024-06-12 16:10:56','2024-06-12 16:10:56'),
(3931,'cbae4f01-1c4b-11ef-9214-42010a8e0014',1,'2024-06-12 16:55:03','2024-06-12 16:55:03'),
(3932,'cbadffd1-1c4b-11ef-9214-42010a8e0014',1,'2024-06-12 19:49:09','2024-06-12 19:49:09'),
(3933,'cbae52c9-1c4b-11ef-9214-42010a8e0014',1,'2024-06-12 19:51:44','2024-06-12 19:51:44'),
(3934,'cbae52c9-1c4b-11ef-9214-42010a8e0014',1,'2024-06-12 20:07:27','2024-06-12 20:07:27'),
(3935,'cbadffd1-1c4b-11ef-9214-42010a8e0014',1,'2024-06-12 20:08:22','2024-06-12 20:08:22'),
(3936,'cbadffd1-1c4b-11ef-9214-42010a8e0014',1,'2024-06-12 20:43:53','2024-06-12 20:43:53'),
(3937,'cbadffd1-1c4b-11ef-9214-42010a8e0014',1,'2024-06-12 20:46:48','2024-06-12 20:46:48'),
(3938,'cbadffd1-1c4b-11ef-9214-42010a8e0014',1,'2024-06-12 20:50:07','2024-06-12 20:50:07'),
(3939,'cbadffd1-1c4b-11ef-9214-42010a8e0014',1,'2024-06-12 21:06:23','2024-06-12 21:06:23'),
(3940,'cbadffd1-1c4b-11ef-9214-42010a8e0014',1,'2024-06-12 21:10:55','2024-06-12 21:10:55'),
(3941,'cbadffd1-1c4b-11ef-9214-42010a8e0014',1,'2024-06-12 21:13:07','2024-06-12 21:13:07'),
(3942,'cbadffd1-1c4b-11ef-9214-42010a8e0014',1,'2024-06-12 21:15:06','2024-06-12 21:15:06'),
(3943,'cbadffd1-1c4b-11ef-9214-42010a8e0014',1,'2024-06-12 21:16:57','2024-06-12 21:16:57'),
(3944,'cbadffd1-1c4b-11ef-9214-42010a8e0014',1,'2024-06-12 21:19:55','2024-06-12 21:19:55'),
(3945,'cbadffd1-1c4b-11ef-9214-42010a8e0014',1,'2024-06-12 21:21:32','2024-06-12 21:21:32'),
(3946,'cbadffd1-1c4b-11ef-9214-42010a8e0014',1,'2024-06-12 22:08:16','2024-06-12 22:08:16'),
(3947,'cbae6dbb-1c4b-11ef-9214-42010a8e0014',1,'2024-06-12 22:43:23','2024-06-12 22:43:23'),
(3948,'cbae6dbb-1c4b-11ef-9214-42010a8e0014',1,'2024-06-12 22:45:28','2024-06-12 22:45:28'),
(3949,'cbae6dbb-1c4b-11ef-9214-42010a8e0014',1,'2024-06-12 22:49:27','2024-06-12 22:49:27'),
(3950,'cbae5dc0-1c4b-11ef-9214-42010a8e0014',1,'2024-06-13 00:16:51','2024-06-13 00:16:51'),
(3951,'cbae4f01-1c4b-11ef-9214-42010a8e0014',1,'2024-06-13 00:50:30','2024-06-13 00:50:30'),
(3952,'cbae4f01-1c4b-11ef-9214-42010a8e0014',1,'2024-06-13 02:06:38','2024-06-13 02:06:38'),
(3953,'cbadffd1-1c4b-11ef-9214-42010a8e0014',1,'2024-06-13 12:23:08','2024-06-13 12:23:08'),
(3954,'cbadffd1-1c4b-11ef-9214-42010a8e0014',1,'2024-06-13 12:39:11','2024-06-13 12:39:11'),
(3955,'cbadffd1-1c4b-11ef-9214-42010a8e0014',1,'2024-06-13 12:47:03','2024-06-13 12:47:03'),
(3956,'cbadffd1-1c4b-11ef-9214-42010a8e0014',1,'2024-06-13 12:54:37','2024-06-13 12:54:37'),
(3957,'cbadffd1-1c4b-11ef-9214-42010a8e0014',1,'2024-06-13 12:56:04','2024-06-13 12:56:04'),
(3958,'cbadffd1-1c4b-11ef-9214-42010a8e0014',1,'2024-06-13 12:58:10','2024-06-13 12:58:10'),
(3959,'cbadffd1-1c4b-11ef-9214-42010a8e0014',1,'2024-06-13 12:59:41','2024-06-13 12:59:41'),
(3960,'cbadffd1-1c4b-11ef-9214-42010a8e0014',1,'2024-06-13 13:10:36','2024-06-13 13:10:36'),
(3961,'cbadffd1-1c4b-11ef-9214-42010a8e0014',1,'2024-06-13 13:19:31','2024-06-13 13:19:31'),
(3962,'cbae110b-1c4b-11ef-9214-42010a8e0014',1,'2024-06-13 13:20:32','2024-06-13 13:20:32'),
(3963,'cbadffd1-1c4b-11ef-9214-42010a8e0014',1,'2024-06-13 13:21:02','2024-06-13 13:21:02'),
(3964,'cbadffd1-1c4b-11ef-9214-42010a8e0014',1,'2024-06-13 13:22:04','2024-06-13 13:22:04'),
(3965,'cbadffd1-1c4b-11ef-9214-42010a8e0014',1,'2024-06-13 13:23:54','2024-06-13 13:23:54'),
(3966,'cbadffd1-1c4b-11ef-9214-42010a8e0014',1,'2024-06-13 13:41:43','2024-06-13 13:41:43'),
(3967,'cbae4f01-1c4b-11ef-9214-42010a8e0014',1,'2024-06-13 13:43:11','2024-06-13 13:43:11'),
(3968,'cbae110b-1c4b-11ef-9214-42010a8e0014',1,'2024-06-13 13:43:20','2024-06-13 13:43:20'),
(3969,'cbadffd1-1c4b-11ef-9214-42010a8e0014',1,'2024-06-13 13:45:16','2024-06-13 13:45:16'),
(3970,'cbadffd1-1c4b-11ef-9214-42010a8e0014',1,'2024-06-13 13:46:16','2024-06-13 13:46:16'),
(3971,'cbadffd1-1c4b-11ef-9214-42010a8e0014',1,'2024-06-13 13:52:09','2024-06-13 13:52:09'),
(3972,'cbadffd1-1c4b-11ef-9214-42010a8e0014',1,'2024-06-13 13:57:40','2024-06-13 13:57:40'),
(3973,'cbadffd1-1c4b-11ef-9214-42010a8e0014',1,'2024-06-13 13:59:41','2024-06-13 13:59:41'),
(3974,'cbae4f01-1c4b-11ef-9214-42010a8e0014',1,'2024-06-13 14:06:18','2024-06-13 14:06:18'),
(3975,'cbae4f01-1c4b-11ef-9214-42010a8e0014',1,'2024-06-13 14:12:41','2024-06-13 14:12:41'),
(3976,'cbae4f01-1c4b-11ef-9214-42010a8e0014',1,'2024-06-13 14:18:58','2024-06-13 14:18:58'),
(3977,'cbae4f01-1c4b-11ef-9214-42010a8e0014',1,'2024-06-13 14:28:11','2024-06-13 14:28:11'),
(3978,'cbadffd1-1c4b-11ef-9214-42010a8e0014',1,'2024-06-13 14:56:15','2024-06-13 14:56:15'),
(3979,'cbadffd1-1c4b-11ef-9214-42010a8e0014',1,'2024-06-13 14:56:45','2024-06-13 14:56:45'),
(3980,'cbadffd1-1c4b-11ef-9214-42010a8e0014',1,'2024-06-13 15:01:06','2024-06-13 15:01:06'),
(3981,'cbadffd1-1c4b-11ef-9214-42010a8e0014',1,'2024-06-13 15:01:27','2024-06-13 15:01:27'),
(3982,'cbae4f01-1c4b-11ef-9214-42010a8e0014',1,'2024-06-13 15:29:37','2024-06-13 15:29:37'),
(3983,'cbae4f01-1c4b-11ef-9214-42010a8e0014',1,'2024-06-13 15:38:22','2024-06-13 15:38:22'),
(3984,'cbae52c9-1c4b-11ef-9214-42010a8e0014',1,'2024-06-13 15:51:55','2024-06-13 15:51:55'),
(3985,'cbae4f01-1c4b-11ef-9214-42010a8e0014',1,'2024-06-13 15:58:51','2024-06-13 15:58:51'),
(3986,'cbae4f01-1c4b-11ef-9214-42010a8e0014',1,'2024-06-13 16:37:22','2024-06-13 16:37:22'),
(3987,'cbae4f01-1c4b-11ef-9214-42010a8e0014',1,'2024-06-13 17:05:34','2024-06-13 17:05:34'),
(3988,'cbae4f01-1c4b-11ef-9214-42010a8e0014',1,'2024-06-13 17:22:04','2024-06-13 17:22:04'),
(3989,'cbadffd1-1c4b-11ef-9214-42010a8e0014',1,'2024-06-13 18:53:25','2024-06-13 18:53:25'),
(3990,'cbadffd1-1c4b-11ef-9214-42010a8e0014',1,'2024-06-13 18:56:46','2024-06-13 18:56:46'),
(3991,'cbae4f01-1c4b-11ef-9214-42010a8e0014',1,'2024-06-13 19:06:04','2024-06-13 19:06:04'),
(3992,'cbae4f01-1c4b-11ef-9214-42010a8e0014',1,'2024-06-13 20:39:06','2024-06-13 20:39:06'),
(3993,'cbae4f01-1c4b-11ef-9214-42010a8e0014',1,'2024-06-13 20:52:43','2024-06-13 20:52:43'),
(3994,'cbae4f01-1c4b-11ef-9214-42010a8e0014',1,'2024-06-13 20:59:21','2024-06-13 20:59:21'),
(3995,'cbae4f01-1c4b-11ef-9214-42010a8e0014',1,'2024-06-13 21:13:01','2024-06-13 21:13:01'),
(3996,'cbae52c9-1c4b-11ef-9214-42010a8e0014',1,'2024-06-13 21:27:20','2024-06-13 21:27:20'),
(3997,'cbae4f01-1c4b-11ef-9214-42010a8e0014',1,'2024-06-13 22:00:42','2024-06-13 22:00:42'),
(3998,'cbae4f01-1c4b-11ef-9214-42010a8e0014',1,'2024-06-13 22:01:59','2024-06-13 22:01:59'),
(3999,'cbae4f01-1c4b-11ef-9214-42010a8e0014',1,'2024-06-13 22:12:36','2024-06-13 22:12:36'),
(4000,'cbae4f01-1c4b-11ef-9214-42010a8e0014',1,'2024-06-13 22:15:26','2024-06-13 22:15:26'),
(4001,'cbae4f01-1c4b-11ef-9214-42010a8e0014',1,'2024-06-13 22:26:20','2024-06-13 22:26:20'),
(4002,'cbae4f01-1c4b-11ef-9214-42010a8e0014',1,'2024-06-13 22:36:08','2024-06-13 22:36:08'),
(4003,'cbae4f01-1c4b-11ef-9214-42010a8e0014',1,'2024-06-13 22:43:31','2024-06-13 22:43:31'),
(4004,'cbae4f01-1c4b-11ef-9214-42010a8e0014',1,'2024-06-13 23:43:14','2024-06-13 23:43:14'),
(4005,'cbae4f01-1c4b-11ef-9214-42010a8e0014',1,'2024-06-14 04:07:44','2024-06-14 04:07:44'),
(4006,'cbae4f01-1c4b-11ef-9214-42010a8e0014',1,'2024-06-14 10:58:42','2024-06-14 10:58:42'),
(4007,'cbae4f01-1c4b-11ef-9214-42010a8e0014',1,'2024-06-14 11:05:43','2024-06-14 11:05:43'),
(4008,'cbadffd1-1c4b-11ef-9214-42010a8e0014',1,'2024-06-14 13:38:09','2024-06-14 13:38:09'),
(4009,'cbae0828-1c4b-11ef-9214-42010a8e0014',1,'2024-06-14 13:40:26','2024-06-14 13:40:26'),
(4010,'cbae4f01-1c4b-11ef-9214-42010a8e0014',1,'2024-06-14 14:50:32','2024-06-14 14:50:32'),
(4011,'cbae52c9-1c4b-11ef-9214-42010a8e0014',1,'2024-06-14 15:07:14','2024-06-14 15:07:14'),
(4012,'cbae4f01-1c4b-11ef-9214-42010a8e0014',1,'2024-06-14 15:12:21','2024-06-14 15:12:21'),
(4013,'cbae4f01-1c4b-11ef-9214-42010a8e0014',1,'2024-06-14 15:24:04','2024-06-14 15:24:04'),
(4014,'cbae4f01-1c4b-11ef-9214-42010a8e0014',1,'2024-06-14 15:39:55','2024-06-14 15:39:55'),
(4015,'cbae52c9-1c4b-11ef-9214-42010a8e0014',1,'2024-06-14 16:40:42','2024-06-14 16:40:42'),
(4016,'cbadffd1-1c4b-11ef-9214-42010a8e0014',1,'2024-06-14 20:06:29','2024-06-14 20:06:29'),
(4017,'cbae4f01-1c4b-11ef-9214-42010a8e0014',1,'2024-06-14 21:39:05','2024-06-14 21:39:05'),
(4018,'cbae4f01-1c4b-11ef-9214-42010a8e0014',1,'2024-06-14 21:49:14','2024-06-14 21:49:14'),
(4019,'cbae4f01-1c4b-11ef-9214-42010a8e0014',1,'2024-06-14 21:49:55','2024-06-14 21:49:55'),
(4020,'9777dad8-ee60-49ba-a2d0-a87500206e47',1,'2024-06-14 21:50:38','2024-06-14 21:50:38'),
(4021,'cbae52c9-1c4b-11ef-9214-42010a8e0014',1,'2024-06-14 22:40:11','2024-06-14 22:40:11'),
(4022,'cbae4f01-1c4b-11ef-9214-42010a8e0014',1,'2024-06-14 22:46:04','2024-06-14 22:46:04'),
(4023,'cbae4f01-1c4b-11ef-9214-42010a8e0014',1,'2024-06-14 23:36:29','2024-06-14 23:36:29'),
(4024,'cbae52c9-1c4b-11ef-9214-42010a8e0014',1,'2024-06-14 23:57:03','2024-06-14 23:57:03'),
(4025,'cbae4f01-1c4b-11ef-9214-42010a8e0014',1,'2024-06-15 00:01:40','2024-06-15 00:01:40'),
(4026,'cbae4f01-1c4b-11ef-9214-42010a8e0014',1,'2024-06-15 00:13:11','2024-06-15 00:13:11'),
(4027,'cbae4f01-1c4b-11ef-9214-42010a8e0014',1,'2024-06-15 00:17:46','2024-06-15 00:17:46'),
(4028,'cbae4f01-1c4b-11ef-9214-42010a8e0014',1,'2024-06-15 00:25:15','2024-06-15 00:25:15'),
(4029,'cbae4f01-1c4b-11ef-9214-42010a8e0014',1,'2024-06-15 01:34:52','2024-06-15 01:34:52'),
(4030,'cbae52c9-1c4b-11ef-9214-42010a8e0014',1,'2024-06-15 14:34:17','2024-06-15 14:34:17'),
(4031,'cbae4f01-1c4b-11ef-9214-42010a8e0014',1,'2024-06-15 15:04:40','2024-06-15 15:04:40'),
(4032,'cbae4f01-1c4b-11ef-9214-42010a8e0014',1,'2024-06-15 17:01:26','2024-06-15 17:01:26'),
(4033,'cbae4f01-1c4b-11ef-9214-42010a8e0014',1,'2024-06-15 18:36:06','2024-06-15 18:36:06'),
(4034,'cbae4f01-1c4b-11ef-9214-42010a8e0014',1,'2024-06-15 21:54:06','2024-06-15 21:54:06'),
(4035,'cbae52c9-1c4b-11ef-9214-42010a8e0014',1,'2024-06-16 13:12:30','2024-06-16 13:12:30'),
(4036,'cbae4f01-1c4b-11ef-9214-42010a8e0014',1,'2024-06-16 13:51:36','2024-06-16 13:51:36'),
(4037,'cbae52c9-1c4b-11ef-9214-42010a8e0014',1,'2024-06-16 14:40:39','2024-06-16 14:40:39'),
(4038,'cbae52c9-1c4b-11ef-9214-42010a8e0014',1,'2024-06-16 14:59:59','2024-06-16 14:59:59'),
(4039,'cbae4f01-1c4b-11ef-9214-42010a8e0014',1,'2024-06-16 18:25:48','2024-06-16 18:25:48'),
(4040,'cbae4f01-1c4b-11ef-9214-42010a8e0014',1,'2024-06-16 22:31:11','2024-06-16 22:31:11'),
(4041,'cbae4f01-1c4b-11ef-9214-42010a8e0014',1,'2024-06-16 23:35:09','2024-06-16 23:35:09'),
(4042,'cbae4f01-1c4b-11ef-9214-42010a8e0014',1,'2024-06-17 00:19:00','2024-06-17 00:19:00'),
(4043,'cbae4f01-1c4b-11ef-9214-42010a8e0014',1,'2024-06-17 00:32:41','2024-06-17 00:32:41'),
(4044,'cbadffd1-1c4b-11ef-9214-42010a8e0014',1,'2024-06-17 13:11:18','2024-06-17 13:11:18'),
(4045,'cbae52c9-1c4b-11ef-9214-42010a8e0014',1,'2024-06-17 13:34:02','2024-06-17 13:34:02'),
(4046,'cbae4f01-1c4b-11ef-9214-42010a8e0014',1,'2024-06-17 13:43:59','2024-06-17 13:43:59'),
(4047,'cbadffd1-1c4b-11ef-9214-42010a8e0014',1,'2024-06-17 13:53:21','2024-06-17 13:53:21'),
(4048,'cbadffd1-1c4b-11ef-9214-42010a8e0014',1,'2024-06-17 13:57:35','2024-06-17 13:57:35'),
(4049,'cbae4f01-1c4b-11ef-9214-42010a8e0014',1,'2024-06-17 14:05:32','2024-06-17 14:05:32'),
(4050,'cbae4f01-1c4b-11ef-9214-42010a8e0014',1,'2024-06-17 15:26:49','2024-06-17 15:26:49'),
(4051,'cbae4f01-1c4b-11ef-9214-42010a8e0014',1,'2024-06-17 15:48:44','2024-06-17 15:48:44'),
(4052,'cbae4f01-1c4b-11ef-9214-42010a8e0014',1,'2024-06-17 16:02:34','2024-06-17 16:02:34'),
(4053,'cbae4f01-1c4b-11ef-9214-42010a8e0014',1,'2024-06-17 16:02:43','2024-06-17 16:02:43'),
(4054,'cbadffd1-1c4b-11ef-9214-42010a8e0014',1,'2024-06-17 16:14:35','2024-06-17 16:14:35'),
(4055,'cbadffd1-1c4b-11ef-9214-42010a8e0014',1,'2024-06-17 16:18:52','2024-06-17 16:18:52'),
(4056,'cbae4f01-1c4b-11ef-9214-42010a8e0014',1,'2024-06-17 16:28:43','2024-06-17 16:28:43'),
(4057,'cbae4f01-1c4b-11ef-9214-42010a8e0014',1,'2024-06-17 16:33:12','2024-06-17 16:33:12'),
(4058,'cbae4f01-1c4b-11ef-9214-42010a8e0014',1,'2024-06-17 16:43:07','2024-06-17 16:43:07'),
(4059,'cbae4f01-1c4b-11ef-9214-42010a8e0014',1,'2024-06-17 16:46:33','2024-06-17 16:46:33'),
(4060,'cbae4f01-1c4b-11ef-9214-42010a8e0014',1,'2024-06-17 16:55:00','2024-06-17 16:55:00'),
(4061,'cbae4f01-1c4b-11ef-9214-42010a8e0014',1,'2024-06-17 17:49:42','2024-06-17 17:49:42'),
(4062,'cbae52c9-1c4b-11ef-9214-42010a8e0014',1,'2024-06-17 19:49:55','2024-06-17 19:49:55'),
(4063,'cbae4f01-1c4b-11ef-9214-42010a8e0014',1,'2024-06-17 21:13:08','2024-06-17 21:13:08'),
(4064,'cbae4f01-1c4b-11ef-9214-42010a8e0014',1,'2024-06-17 23:58:30','2024-06-17 23:58:30'),
(4065,'cbae4f01-1c4b-11ef-9214-42010a8e0014',1,'2024-06-18 01:33:26','2024-06-18 01:33:26'),
(4066,'cbae4f01-1c4b-11ef-9214-42010a8e0014',1,'2024-06-18 02:02:45','2024-06-18 02:02:45'),
(4067,'cbae4f01-1c4b-11ef-9214-42010a8e0014',1,'2024-06-18 02:11:54','2024-06-18 02:11:54'),
(4068,'cbae4f01-1c4b-11ef-9214-42010a8e0014',1,'2024-06-18 02:18:34','2024-06-18 02:18:34'),
(4069,'cbae4f01-1c4b-11ef-9214-42010a8e0014',1,'2024-06-18 02:42:54','2024-06-18 02:42:54'),
(4070,'cbadffd1-1c4b-11ef-9214-42010a8e0014',1,'2024-06-18 13:24:35','2024-06-18 13:24:35'),
(4071,'cbadffd1-1c4b-11ef-9214-42010a8e0014',1,'2024-06-18 13:30:16','2024-06-18 13:30:16'),
(4072,'cbadffd1-1c4b-11ef-9214-42010a8e0014',1,'2024-06-18 15:01:12','2024-06-18 15:01:12'),
(4073,'cbae52c9-1c4b-11ef-9214-42010a8e0014',1,'2024-06-18 15:25:11','2024-06-18 15:25:11'),
(4074,'cbae4f01-1c4b-11ef-9214-42010a8e0014',1,'2024-06-18 15:32:25','2024-06-18 15:32:25'),
(4075,'cbadffd1-1c4b-11ef-9214-42010a8e0014',1,'2024-06-18 16:27:40','2024-06-18 16:27:40'),
(4076,'cbadffd1-1c4b-11ef-9214-42010a8e0014',1,'2024-06-18 17:13:52','2024-06-18 17:13:52'),
(4077,'cbae4f01-1c4b-11ef-9214-42010a8e0014',1,'2024-06-18 20:14:26','2024-06-18 20:14:26'),
(4078,'cbadffd1-1c4b-11ef-9214-42010a8e0014',1,'2024-06-18 21:48:10','2024-06-18 21:48:10'),
(4079,'1e2c4bf2-2a8b-11ef-a668-42010a38f005',1,'2024-06-18 23:28:31','2024-06-18 23:28:31'),
(4080,'1e2c4bf2-2a8b-11ef-a668-42010a38f005',1,'2024-06-19 04:04:32','2024-06-19 04:04:32'),
(4081,'1e2c4bf2-2a8b-11ef-a668-42010a38f005',1,'2024-06-19 04:28:05','2024-06-19 04:28:05'),
(4082,'cbadffd1-1c4b-11ef-9214-42010a8e0014',1,'2024-06-19 13:23:57','2024-06-19 13:23:57'),
(4083,'cbadffd1-1c4b-11ef-9214-42010a8e0014',1,'2024-06-19 13:34:29','2024-06-19 13:34:29'),
(4084,'cbae52c9-1c4b-11ef-9214-42010a8e0014',1,'2024-06-19 13:47:24','2024-06-19 13:47:24'),
(4085,'cbadffd1-1c4b-11ef-9214-42010a8e0014',1,'2024-06-19 14:23:25','2024-06-19 14:23:25');
/*!40000 ALTER TABLE `action_log` ENABLE KEYS */;
UNLOCK TABLES;

--
-- Table structure for table `action_temp`
--

DROP TABLE IF EXISTS `action_temp`;
/*!40101 SET @saved_cs_client     = @@character_set_client */;
/*!40101 SET character_set_client = utf8 */;
CREATE TABLE `action_temp` (
  `action_temp_id` int NOT NULL AUTO_INCREMENT,
  `name` varchar(255) NOT NULL,
  `date_creation` datetime NOT NULL DEFAULT CURRENT_TIMESTAMP,
  `date_modification` datetime NOT NULL DEFAULT CURRENT_TIMESTAMP,
  `date_delete` datetime DEFAULT NULL,
  PRIMARY KEY (`action_temp_id`),
  UNIQUE KEY `name` (`name`)
) ENGINE=InnoDB DEFAULT CHARSET=utf8mb4 COLLATE=utf8mb4_0900_ai_ci;
/*!40101 SET character_set_client = @saved_cs_client */;

--
-- Dumping data for table `action_temp`
--

LOCK TABLES `action_temp` WRITE;
/*!40000 ALTER TABLE `action_temp` DISABLE KEYS */;
/*!40000 ALTER TABLE `action_temp` ENABLE KEYS */;
UNLOCK TABLES;

--
-- Table structure for table `attribute`
--

DROP TABLE IF EXISTS `attribute`;
/*!40101 SET @saved_cs_client     = @@character_set_client */;
/*!40101 SET character_set_client = utf8 */;
CREATE TABLE `attribute` (
  `attribute_id` int NOT NULL AUTO_INCREMENT,
  `name` varchar(255) CHARACTER SET utf8mb4 COLLATE utf8mb4_0900_ai_ci NOT NULL,
  `description` text CHARACTER SET utf8mb4 COLLATE utf8mb4_0900_ai_ci NOT NULL,
  `atttyp_id` int NOT NULL,
  `date_creation` datetime NOT NULL DEFAULT CURRENT_TIMESTAMP,
  `date_modification` datetime NOT NULL DEFAULT CURRENT_TIMESTAMP,
  `date_delete` datetime DEFAULT NULL,
  PRIMARY KEY (`attribute_id`),
  UNIQUE KEY `name` (`name`),
  KEY `atttyp_id` (`atttyp_id`),
  KEY `idx_attribute_date_delete` (`date_delete`),
  CONSTRAINT `attribute_ibfk_1` FOREIGN KEY (`atttyp_id`) REFERENCES `attribute_type` (`atttyp_id`)
) ENGINE=InnoDB AUTO_INCREMENT=34 DEFAULT CHARSET=utf8mb4 COLLATE=utf8mb4_0900_ai_ci;
/*!40101 SET character_set_client = @saved_cs_client */;

--
-- Dumping data for table `attribute`
--

LOCK TABLES `attribute` WRITE;
/*!40000 ALTER TABLE `attribute` DISABLE KEYS */;
INSERT INTO `attribute` VALUES
(20,'UNA AVENTURA EN MALPELO','T1',5,'2024-01-25 20:52:30','2024-01-25 20:52:30',NULL),
(21,'EL MISTERIO DE BAHA MLAGA','T2',5,'2024-01-25 20:52:30','2024-01-25 20:52:30',NULL),
(22,'CONOCIENDO EL JARDN DE LAS HIERBAS AROMTICAS','T3',5,'2024-01-25 20:52:30','2024-01-25 20:52:30',NULL),
(23,'GUARDIN DEL BIENESTAR','T4',5,'2024-01-25 20:52:30','2024-01-25 20:52:30',NULL),
(24,'EXPEDICIN GUAPI','T5',5,'2024-01-25 20:52:30','2024-01-25 20:52:30',NULL),
(25,'LA REVOLUCIN DE LA ENERGA','T6',5,'2024-01-25 20:52:30','2024-01-25 20:52:30',NULL),
(26,'TRANSICIN','C1',6,'2024-01-25 20:52:30','2024-01-25 20:52:30',NULL),
(27,'GRADO 1-3','C2',6,'2024-01-25 20:52:30','2024-01-25 20:52:30',NULL),
(28,'GRADO 4-5','C3',6,'2024-01-25 20:52:30','2024-01-25 20:52:30',NULL),
(29,'GRADO 6-7','C4',6,'2024-01-25 20:52:30','2024-01-25 20:52:30',NULL),
(30,'GRADO 8-9','C5',6,'2024-01-25 20:52:30','2024-01-25 20:52:30',NULL),
(31,'GRADO 10-11','C6',6,'2024-01-25 20:52:30','2024-01-25 20:52:30',NULL),
(32,'RETO ACTUA','Reto Actua',10,'2024-04-26 14:49:39','2024-04-26 14:49:39',NULL),
(33,'RETO EXPLORA','Reto Explora',10,'2024-04-26 14:49:39','2024-04-26 14:49:39',NULL);
/*!40000 ALTER TABLE `attribute` ENABLE KEYS */;
UNLOCK TABLES;

--
-- Table structure for table `attribute_type`
--

DROP TABLE IF EXISTS `attribute_type`;
/*!40101 SET @saved_cs_client     = @@character_set_client */;
/*!40101 SET character_set_client = utf8 */;
CREATE TABLE `attribute_type` (
  `atttyp_id` int NOT NULL AUTO_INCREMENT,
  `name` varchar(255) NOT NULL,
  `date_creation` datetime NOT NULL DEFAULT CURRENT_TIMESTAMP,
  `date_modification` datetime NOT NULL DEFAULT CURRENT_TIMESTAMP,
  `date_delete` datetime DEFAULT NULL,
  PRIMARY KEY (`atttyp_id`),
  UNIQUE KEY `name` (`name`)
) ENGINE=InnoDB AUTO_INCREMENT=11 DEFAULT CHARSET=utf8mb4 COLLATE=utf8mb4_0900_ai_ci;
/*!40101 SET character_set_client = @saved_cs_client */;

--
-- Dumping data for table `attribute_type`
--

LOCK TABLES `attribute_type` WRITE;
/*!40000 ALTER TABLE `attribute_type` DISABLE KEYS */;
INSERT INTO `attribute_type` VALUES
(1,'Competencia','2023-04-11 16:54:54','2023-04-11 16:54:54',NULL),
(2,'Rol','2023-04-11 16:54:54','2023-04-11 16:54:54',NULL),
(3,'Grado','2023-04-11 16:54:54','2023-04-11 16:54:54',NULL),
(4,'Tipo de sistema','2023-04-19 14:35:39','2023-04-19 14:35:39',NULL),
(5,'Trayectoria','2024-01-25 20:49:22','2024-01-25 20:49:22',NULL),
(6,'Ciclo','2024-01-25 20:49:22','2024-01-25 20:49:22',NULL),
(10,'Reto','2024-04-26 14:49:27','2024-04-26 14:49:27',NULL);
/*!40000 ALTER TABLE `attribute_type` ENABLE KEYS */;
UNLOCK TABLES;

--
-- Table structure for table `avatar`
--

DROP TABLE IF EXISTS `avatar`;
/*!40101 SET @saved_cs_client     = @@character_set_client */;
/*!40101 SET character_set_client = utf8 */;
CREATE TABLE `avatar` (
  `avatar_id` int NOT NULL AUTO_INCREMENT,
  `nickname` varchar(255) NOT NULL,
  `date_creation` datetime NOT NULL DEFAULT CURRENT_TIMESTAMP,
  `date_modification` datetime NOT NULL DEFAULT CURRENT_TIMESTAMP,
  `date_delete` datetime DEFAULT NULL,
  PRIMARY KEY (`avatar_id`),
  UNIQUE KEY `nickname` (`nickname`)
) ENGINE=InnoDB AUTO_INCREMENT=11 DEFAULT CHARSET=utf8mb4 COLLATE=utf8mb4_0900_ai_ci;
/*!40101 SET character_set_client = @saved_cs_client */;

--
-- Dumping data for table `avatar`
--

LOCK TABLES `avatar` WRITE;
/*!40000 ALTER TABLE `avatar` DISABLE KEYS */;
INSERT INTO `avatar` VALUES
(1,'estudiante','2024-02-06 19:42:12','2024-02-06 19:42:12',NULL),
(7,'estudiantespecial','2024-05-24 16:21:08','2024-06-12 22:47:42',NULL),
(8,'usuariounity','2024-05-31 23:05:12','2024-05-31 23:05:12',NULL),
(9,'password.image.cinco','2024-06-05 15:32:46','2024-06-05 15:32:46',NULL),
(10,'usuariocalidad1','2024-06-12 20:03:12','2024-06-12 20:03:12',NULL);
/*!40000 ALTER TABLE `avatar` ENABLE KEYS */;
UNLOCK TABLES;

--
-- Table structure for table `avatar_value`
--

DROP TABLE IF EXISTS `avatar_value`;
/*!40101 SET @saved_cs_client     = @@character_set_client */;
/*!40101 SET character_set_client = utf8 */;
CREATE TABLE `avatar_value` (
  `avaval_id` int NOT NULL AUTO_INCREMENT,
  `avatar_id` int DEFAULT NULL,
  `value_id` int DEFAULT NULL,
  `date_creation` datetime NOT NULL DEFAULT CURRENT_TIMESTAMP,
  `date_modification` datetime NOT NULL DEFAULT CURRENT_TIMESTAMP,
  `date_delete` datetime DEFAULT NULL,
  PRIMARY KEY (`avaval_id`),
  KEY `avatar_id` (`avatar_id`),
  KEY `value_id` (`value_id`),
  CONSTRAINT `avatar_value_ibfk_1` FOREIGN KEY (`avatar_id`) REFERENCES `avatar` (`avatar_id`),
  CONSTRAINT `avatar_value_ibfk_2` FOREIGN KEY (`value_id`) REFERENCES `value` (`value_id`)
) ENGINE=InnoDB AUTO_INCREMENT=97 DEFAULT CHARSET=utf8mb4 COLLATE=utf8mb4_0900_ai_ci;
/*!40101 SET character_set_client = @saved_cs_client */;

--
-- Dumping data for table `avatar_value`
--

LOCK TABLES `avatar_value` WRITE;
/*!40000 ALTER TABLE `avatar_value` DISABLE KEYS */;
INSERT INTO `avatar_value` VALUES
(53,8,1,'2024-05-31 23:05:12','2024-05-31 23:05:12','2024-06-04 21:39:36'),
(54,8,42,'2024-05-31 23:05:12','2024-05-31 23:05:12','2024-06-04 21:39:36'),
(55,8,30,'2024-05-31 23:05:12','2024-05-31 23:05:12','2024-06-04 21:39:36'),
(56,8,3,'2024-05-31 23:05:12','2024-05-31 23:05:12','2024-06-04 21:39:36'),
(57,8,8,'2024-05-31 23:05:12','2024-05-31 23:05:12','2024-06-04 21:39:36'),
(58,8,1,'2024-06-04 21:39:36','2024-06-04 21:39:36','2024-06-04 21:52:51'),
(59,8,42,'2024-06-04 21:39:36','2024-06-04 21:39:36','2024-06-04 21:52:51'),
(60,8,24,'2024-06-04 21:39:36','2024-06-04 21:39:36','2024-06-04 21:52:51'),
(61,8,3,'2024-06-04 21:39:36','2024-06-04 21:39:36','2024-06-04 21:52:51'),
(62,8,6,'2024-06-04 21:39:36','2024-06-04 21:39:36','2024-06-04 21:52:51'),
(63,8,2,'2024-06-04 21:52:51','2024-06-04 21:52:51','2024-06-04 21:54:06'),
(64,8,42,'2024-06-04 21:52:51','2024-06-04 21:52:51','2024-06-04 21:54:06'),
(65,8,33,'2024-06-04 21:52:51','2024-06-04 21:52:51','2024-06-04 21:54:06'),
(66,8,3,'2024-06-04 21:52:51','2024-06-04 21:52:51','2024-06-04 21:54:06'),
(67,8,15,'2024-06-04 21:52:51','2024-06-04 21:52:51','2024-06-04 21:54:06'),
(68,8,1,'2024-06-04 21:54:06','2024-06-04 21:54:06','2024-06-04 22:52:41'),
(69,8,44,'2024-06-04 21:54:06','2024-06-04 21:54:06','2024-06-04 22:52:41'),
(70,8,27,'2024-06-04 21:54:06','2024-06-04 21:54:06','2024-06-04 22:52:41'),
(71,8,4,'2024-06-04 21:54:06','2024-06-04 21:54:06','2024-06-04 22:52:41'),
(72,8,7,'2024-06-04 21:54:06','2024-06-04 21:54:06','2024-06-04 22:52:41'),
(73,8,45,'2024-06-04 22:52:41','2024-06-04 22:52:41','2024-06-04 22:54:12'),
(74,8,36,'2024-06-04 22:52:41','2024-06-04 22:52:41','2024-06-04 22:54:12'),
(75,8,42,'2024-06-04 22:54:12','2024-06-04 22:54:12','2024-06-04 22:55:48'),
(76,8,33,'2024-06-04 22:54:12','2024-06-04 22:54:12','2024-06-04 22:55:48'),
(77,8,2,'2024-06-04 22:55:48','2024-06-04 22:55:48',NULL),
(78,8,43,'2024-06-04 22:55:48','2024-06-04 22:55:48',NULL),
(79,8,33,'2024-06-04 22:55:48','2024-06-04 22:55:48',NULL),
(80,8,3,'2024-06-04 22:55:48','2024-06-04 22:55:48',NULL),
(81,8,15,'2024-06-04 22:55:48','2024-06-04 22:55:48',NULL),
(82,9,2,'2024-06-05 15:32:46','2024-06-05 15:32:46',NULL),
(83,9,45,'2024-06-05 15:32:46','2024-06-05 15:32:46',NULL),
(84,9,36,'2024-06-05 15:32:46','2024-06-05 15:32:46',NULL),
(85,9,5,'2024-06-05 15:32:46','2024-06-05 15:32:46',NULL),
(86,9,22,'2024-06-05 15:32:46','2024-06-05 15:32:46',NULL),
(87,10,1,'2024-06-12 20:03:13','2024-06-12 20:03:13',NULL),
(88,10,45,'2024-06-12 20:03:13','2024-06-12 20:03:13',NULL),
(89,10,30,'2024-06-12 20:03:13','2024-06-12 20:03:13',NULL),
(90,10,4,'2024-06-12 20:03:13','2024-06-12 20:03:13',NULL),
(91,10,9,'2024-06-12 20:03:13','2024-06-12 20:03:13',NULL),
(92,7,1,'2024-06-12 22:47:42','2024-06-12 22:47:42',NULL),
(93,7,43,'2024-06-12 22:47:42','2024-06-12 22:47:42',NULL),
(94,7,29,'2024-06-12 22:47:42','2024-06-12 22:47:42',NULL),
(95,7,4,'2024-06-12 22:47:42','2024-06-12 22:47:42',NULL),
(96,7,9,'2024-06-12 22:47:42','2024-06-12 22:47:42',NULL);
/*!40000 ALTER TABLE `avatar_value` ENABLE KEYS */;
UNLOCK TABLES;

--
-- Table structure for table `branch`
--

DROP TABLE IF EXISTS `branch`;
/*!40101 SET @saved_cs_client     = @@character_set_client */;
/*!40101 SET character_set_client = utf8 */;
CREATE TABLE `branch` (
  `branch_id` int NOT NULL AUTO_INCREMENT,
  `name` varchar(255) NOT NULL,
  `consecutive_branch` varchar(255) NOT NULL,
  `town_id` int DEFAULT NULL,
  `institution_id` int DEFAULT NULL,
  `date_creation` datetime NOT NULL DEFAULT CURRENT_TIMESTAMP,
  `date_modification` datetime NOT NULL DEFAULT CURRENT_TIMESTAMP,
  `date_delete` datetime DEFAULT NULL,
  PRIMARY KEY (`branch_id`),
  KEY `town_id` (`town_id`),
  KEY `institution_id` (`institution_id`),
  KEY `idx_branch_id` (`branch_id`),
  KEY `idx_branch_date_delete` (`date_delete`),
  CONSTRAINT `branch_ibfk_1` FOREIGN KEY (`town_id`) REFERENCES `town` (`town_id`),
  CONSTRAINT `branch_ibfk_2` FOREIGN KEY (`institution_id`) REFERENCES `institution` (`institution_id`)
) ENGINE=InnoDB AUTO_INCREMENT=281 DEFAULT CHARSET=utf8mb4 COLLATE=utf8mb4_0900_ai_ci;
/*!40101 SET character_set_client = @saved_cs_client */;

--
-- Dumping data for table `branch`
--

LOCK TABLES `branch` WRITE;
/*!40000 ALTER TABLE `branch` DISABLE KEYS */;
INSERT INTO `branch` VALUES
(1,'ABSALON TORRES CAMACHO','17627500139301',1,1,'2023-04-12 00:11:48','2023-04-12 00:11:48',NULL),
(2,'AGRICOLA CAMPOALEGRE','27603600003700',2,2,'2023-04-12 00:11:48','2023-04-12 00:11:48',NULL),
(3,'ALFONSO LOPEZ PUMAREJO','27656300004506',3,3,'2023-04-12 00:11:48','2023-04-12 00:11:48',NULL),
(4,'ALFREDO GARRIDO TOVAR','27661600065401',4,4,'2023-04-12 00:11:48','2023-04-12 00:11:48',NULL),
(5,'ANTONIA SANTOS','17673600002509',5,5,'2023-04-12 00:11:48','2023-04-12 00:11:48',NULL),
(6,'ANTONIA SANTOS','27612200086401',6,6,'2023-04-12 00:11:48','2023-04-12 00:11:48',NULL),
(7,'ANTONIO JOSE DE SUCRE','27627500015404',1,7,'2023-04-12 00:11:48','2023-04-12 00:11:48',NULL),
(8,'ANTONIO JOSE DE SUCRE','27686900013801',7,8,'2023-04-12 00:11:48','2023-04-12 00:11:48',NULL),
(9,'ANTONIO NARIO','27611300043602',8,9,'2023-04-12 00:11:48','2023-04-12 00:11:48',NULL),
(10,'ANTONIO NARIO','17611300065201',8,10,'2023-04-12 00:11:48','2023-04-12 00:11:48',NULL),
(11,'ANTONIO NARIO','17689500004401',9,11,'2023-04-12 00:11:48','2023-04-12 00:11:48',NULL),
(12,'ANTONIO NARIO','27667000020111',10,12,'2023-04-12 00:11:48','2023-04-12 00:11:48',NULL),
(13,'ANTONIO NARIO CHORRERAS','17611300037709',8,13,'2023-04-12 00:11:48','2023-04-12 00:11:48',NULL),
(14,'ANTONIO NARIO LA URIBE','17611300037704',8,13,'2023-04-12 00:11:48','2023-04-12 00:11:48',NULL),
(15,'ANTONIO RICAURTE','17656300009101',3,14,'2023-04-12 00:11:48','2023-04-12 00:11:48',NULL),
(16,'ANTONIO RICAURTE','17611300037705',8,13,'2023-04-12 00:11:48','2023-04-12 00:11:48',NULL),
(17,'ANTONIO RICAURTE','27686900013806',7,8,'2023-04-12 00:11:48','2023-04-12 00:11:48',NULL),
(18,'ANTONIO RICAURTE','27660600054105',11,15,'2023-04-12 00:11:48','2023-04-12 00:11:48',NULL),
(19,'ANTONIO RICAURTE','17604100001610',12,16,'2023-04-12 00:11:48','2023-04-12 00:11:48',NULL),
(20,'ARGEMIRO ESCOBAR CARDONA','17640000027201',13,17,'2023-04-12 00:11:48','2023-04-12 00:11:48',NULL),
(21,'ARTURO GOMEZ JARAMILLO','47602000024901',14,18,'2023-04-12 00:11:48','2023-04-12 00:11:48',NULL),
(22,'ATANASIO GIRARDOT','27627500019701',1,19,'2023-04-12 00:11:48','2023-04-12 00:11:48',NULL),
(23,'ATANASIO GIRARDOT','27625000015008',15,20,'2023-04-12 00:11:48','2023-04-12 00:11:48',NULL),
(24,'ATANASIO GIRARDOT','27686900013802',7,8,'2023-04-12 00:11:48','2023-04-12 00:11:48',NULL),
(25,'ATENEO COMERCIAL FEMENINO','17656300002401',3,21,'2023-04-12 00:11:48','2023-04-12 00:11:48',NULL),
(26,'BELISARIO PEA','27682800011504',16,22,'2023-04-12 00:11:48','2023-04-12 00:11:48',NULL),
(27,'BELISARIO PEA PIEIRO','17662200006801',17,23,'2023-04-12 00:11:48','2023-04-12 00:11:48',NULL),
(28,'BELISARIO PEA PIEIRO','27662200057701',17,24,'2023-04-12 00:11:48','2023-04-12 00:11:48',NULL),
(29,'BELISARIO PEA PIEIRO- CAJAMARCA','17662200006808',17,23,'2023-04-12 00:11:48','2023-04-12 00:11:48',NULL),
(30,'BELISARIO PEA PIEIRO SATELITE','27662200057717',17,24,'2023-04-12 00:11:48','2023-04-12 00:11:48',NULL),
(31,'BELLO HORIZONTE','17656300082204',3,25,'2023-04-12 00:11:48','2023-04-12 00:11:48',NULL),
(32,'BENJAMIN HERRERA','27673600081001',5,26,'2023-04-12 00:11:48','2023-04-12 00:11:48',NULL),
(33,'BLASS DE LESSO','27656300022302',3,27,'2023-04-12 00:11:48','2023-04-12 00:11:48',NULL),
(34,'BOLIVARIANO','17612200038001',6,28,'2023-04-12 00:11:48','2023-04-12 00:11:48',NULL),
(35,'BUENVIVIR','27660600046909',11,29,'2023-04-12 00:11:48','2023-04-12 00:11:48',NULL),
(36,'CACIQUE UMADA','27627500146166',1,30,'2023-04-12 00:11:48','2023-04-12 00:11:48',NULL),
(37,'CAICEDO Y CUERO','17682300033307',18,31,'2023-04-12 00:11:48','2023-04-12 00:11:48',NULL),
(38,'CAMILO TORRES','27623300056101',19,32,'2023-04-12 00:11:48','2023-04-12 00:11:48',NULL),
(39,'CANAIMA','27630600017411',20,33,'2023-04-12 00:11:48','2023-04-12 00:11:48',NULL),
(40,'CARLOS HOLGUIN SARDI','27686300054301',21,34,'2023-04-12 00:11:48','2023-04-12 00:11:48',NULL),
(41,'CENT DOC NO 22 GILBERTO ALZATE AVENDAO','27612200020101',6,35,'2023-04-12 00:11:48','2023-04-12 00:11:48',NULL),
(42,'CENT EDUC LA BETULIA','27673600017811',5,36,'2023-04-12 00:11:48','2023-04-12 00:11:48',NULL),
(43,'CINCUENTENARIO','17624800002404',22,37,'2023-04-12 00:11:48','2023-04-12 00:11:48',NULL),
(44,'CONCENTRACION AGRICOLA','27610000025901',23,38,'2023-04-12 00:11:48','2023-04-12 00:11:48',NULL),
(45,'CONCENTRACION DE DESARROLLO RURAL','27637700031101',24,39,'2023-04-12 00:11:48','2023-04-12 00:11:48',NULL),
(46,'CONCENTRACION DE DESARROLLO RURAL LA SELVA','27630600033601',20,40,'2023-04-12 00:11:48','2023-04-12 00:11:48',NULL),
(47,'CONCENTRACION DE DESARROLLO RURAL SAN JOSE','27640300020101',25,41,'2023-04-12 00:11:48','2023-04-12 00:11:48',NULL),
(48,'CONCENTRACION DE DESARROLLO RURAL SANTA MARTA','27624300049701',26,42,'2023-04-12 00:11:48','2023-04-12 00:11:48',NULL),
(49,'CONCENTRACION ESCOLAR DE DESARROLLO RURAL QUEBRADA GRANDE','27640000060903',13,43,'2023-04-12 00:11:48','2023-04-12 00:11:48',NULL),
(50,'CONCENTRACION ESCOLAR URBANA','17660600016301',11,44,'2023-04-12 00:11:48','2023-04-12 00:11:48',NULL),
(51,'CONCENTRACION RURAL AGRIC HERACLIO URIBE URIBE','47673600025801',5,45,'2023-04-12 00:11:48','2023-04-12 00:11:48',NULL),
(52,'CRISTOBAL COLON','27682800012301',16,46,'2023-04-12 00:11:48','2023-04-12 00:11:48',NULL),
(53,'CRISTOBAL COLON','17682300033313',18,31,'2023-04-12 00:11:48','2023-04-12 00:11:48',NULL),
(54,'DIEGO FALLON','27682800038704',23,47,'2023-04-12 00:11:48','2023-04-12 00:11:48',NULL),
(55,'DIEGO RENGIFO SALAZAR','17611300037701',8,13,'2023-04-12 00:11:48','2023-04-12 00:11:48',NULL),
(56,'DIONISIO CORTES','27624300049702',26,42,'2023-04-12 00:11:48','2023-04-12 00:11:48',NULL),
(57,'DOCE DE OCTUBRE','27673600014301',5,48,'2023-04-12 00:11:48','2023-04-12 00:11:48',NULL),
(58,'EL PLACER','27604100074601',12,49,'2023-04-12 00:11:48','2023-04-12 00:11:48',NULL),
(59,'EMETERIO PIEDRAHITA','17627500139304',1,1,'2023-04-12 00:11:48','2023-04-12 00:11:48',NULL),
(60,'ERASMO VIVAS','17612600006609',27,50,'2023-04-12 00:11:48','2023-04-12 00:11:48',NULL),
(61,'ESC NORMAL SUPERIOR MARIA INMACULADA','17612200037101',6,51,'2023-04-12 00:11:48','2023-04-12 00:11:48',NULL),
(62,'ESC SANTA BARBARA','27673600028301',5,52,'2023-04-12 00:11:48','2023-04-12 00:11:48',NULL),
(63,'EUSTAQUIO PALACIOS','27625000015013',15,20,'2023-04-12 00:11:48','2023-04-12 00:11:48',NULL),
(64,'FRANCISCO ANTONIO ZEA','17656300009102',3,14,'2023-04-12 00:11:48','2023-04-12 00:11:48',NULL),
(65,'FRANCISCO ANTONIO ZEA','27656300023102',3,53,'2023-04-12 00:11:48','2023-04-12 00:11:48',NULL),
(66,'FRANCISCO ANTONIO ZEA','17656300082208',3,25,'2023-04-12 00:11:48','2023-04-12 00:11:48',NULL),
(67,'FRANCISCO ANTONIO ZEA CENTRO','17656300009107',3,14,'2023-04-12 00:11:48','2023-04-12 00:11:48',NULL),
(68,'FRANCISCO DE PAULA SANTANDER','27637700007800',24,54,'2023-04-12 00:11:48','2023-04-12 00:11:48',NULL),
(69,'FRANCISCO DE PAULA SANTANDER','27623300051109',19,55,'2023-04-12 00:11:48','2023-04-12 00:11:48',NULL),
(70,'FRANCISCO JOSE DE CALDAS','17689500026504',9,56,'2023-04-12 00:11:48','2023-04-12 00:11:48',NULL),
(71,'FRANCISCO JOSE DE CALDAS','17613000046104',28,57,'2023-04-12 00:11:48','2023-04-12 00:11:48',NULL),
(72,'FRANCISCO JOSE DE CALDAS','27660600029006',11,58,'2023-04-12 00:11:48','2023-04-12 00:11:48',NULL),
(73,'FRANCISCO P SANTANDER','27656300022306',3,27,'2023-04-12 00:11:48','2023-04-12 00:11:48',NULL),
(74,'FRAY JOSE JOAQUIN ESCOBAR','17682300006601',18,59,'2023-04-12 00:11:48','2023-04-12 00:11:48',NULL),
(75,'GABRIELA MISTRAL','27689000009101',29,60,'2023-04-12 00:11:48','2023-04-12 00:11:48',NULL),
(76,'GABRIELA MISTRAL','27667000021004',10,61,'2023-04-12 00:11:48','2023-04-12 00:11:48',NULL),
(77,'GENERAL CARLOS ALBAN','27623300053706',19,62,'2023-04-12 00:11:48','2023-04-12 00:11:48',NULL),
(78,'GENERAL RENGIFO','27625000015011',15,20,'2023-04-12 00:11:48','2023-04-12 00:11:48',NULL),
(79,'GENERAL SANTANDER','17673600003301',5,63,'2023-04-12 00:11:48','2023-04-12 00:11:48',NULL),
(80,'GENERAL SANTANDER','27673600028302',5,52,'2023-04-12 00:11:48','2023-04-12 00:11:48',NULL),
(81,'GENERAL SANTANDER','27631800009901',30,64,'2023-04-12 00:11:48','2023-04-12 00:11:48',NULL),
(82,'GENERAL SANTANDER SATELITE COLORADAS','27673600017809',5,36,'2023-04-12 00:11:48','2023-04-12 00:11:48',NULL),
(83,'GENERAL SANTANDER SATELITE DE CUMBARCO','27673600081006',5,26,'2023-04-12 00:11:48','2023-04-12 00:11:48',NULL),
(84,'GENERAL SANTANDER SATELITE LA CUCHILLA','27673600048806',5,65,'2023-04-12 00:11:48','2023-04-12 00:11:48',NULL),
(85,'GENERAL SANTANDER SATELITE MEDIO SAN MARCOS','27673600081003',5,26,'2023-04-12 00:11:48','2023-04-12 00:11:48',NULL),
(86,'GERMAN NIETO','17613000039901',28,66,'2023-04-12 00:11:48','2023-04-12 00:11:48',NULL),
(87,'GILBERTO ALZATE AVENDAO','17624600066301',31,67,'2023-04-12 00:11:48','2023-04-12 00:11:48',NULL),
(88,'GILBERTO ALZATE AVENDAO','17605400002301',32,68,'2023-04-12 00:11:48','2023-04-12 00:11:48',NULL),
(89,'GILBERTO ALZATE AVENDAO - ALBAN','17624600066302',31,67,'2023-04-12 00:11:48','2023-04-12 00:11:48',NULL),
(90,'GIMNASIO DEL CALIMA','17612600005801',27,69,'2023-04-12 00:11:48','2023-04-12 00:11:48',NULL),
(91,'GIMNASIO DEL DAGUA','17623300065601',19,70,'2023-04-12 00:11:48','2023-04-12 00:11:48',NULL),
(92,'GIMNASIO DEL DAGUA','27623300051102',19,55,'2023-04-12 00:11:48','2023-04-12 00:11:48',NULL),
(93,'GIMNASIO DEL DAGUA BORRERO AYERBE','27623300071501',19,71,'2023-04-12 00:11:48','2023-04-12 00:11:48',NULL),
(94,'GIMNASIO DEL DAGUA QUEREMAL','27623300065101',19,72,'2023-04-12 00:11:48','2023-04-12 00:11:48',NULL),
(95,'GIMNASIO DEL DAGUA, TOCOTA','27623300124001',19,73,'2023-04-12 00:11:48','2023-04-12 00:11:48',NULL),
(96,'GINEBRA LA SALLE','17630600001301',20,74,'2023-04-12 00:11:48','2023-04-12 00:11:48',NULL),
(97,'GUILLERMO LEON VALENCIA','17682300033308',18,31,'2023-04-12 00:11:48','2023-04-12 00:11:48',NULL),
(98,'GUILLERMO VALENCIA','27623300048101',19,75,'2023-04-12 00:11:48','2023-04-12 00:11:48',NULL),
(99,'HERNANDO LLORENTE ARROYO','27661600058101',4,76,'2023-04-12 00:11:48','2023-04-12 00:11:48',NULL),
(100,'IE CAMILO TORRES','27661600025501',4,77,'2023-04-12 00:11:48','2023-04-12 00:11:48',NULL),
(101,'IE MERCEDES ABREGO - SEDE PRINCIPAL','27656300004501',3,3,'2023-04-12 00:11:48','2023-04-12 00:11:48',NULL),
(102,'IE SAN PEDRO CLAVER - SEDE PRINCIPAL','27623300053701',19,62,'2023-04-12 00:11:48','2023-04-12 00:11:48',NULL),
(103,'IE TEODORO MUNERA HINCAPIE - SEDE PORINCIPAL','27660600054101',11,15,'2023-04-12 00:11:48','2023-04-12 00:11:48',NULL),
(104,'INMACULADA CONCEPCION','27630600034401',20,78,'2023-04-12 00:11:48','2023-04-12 00:11:48',NULL),
(105,'INSTITUTO AGRICOLA','17682300033301',18,31,'2023-04-12 00:11:48','2023-04-12 00:11:48',NULL),
(106,'INSTITUTO AGRICOLA CEILAN','27611300001101',8,79,'2023-04-12 00:11:48','2023-04-12 00:11:48',NULL),
(107,'INSTITUTO LAS AMERICAS','17627500001001',1,80,'2023-04-12 00:11:48','2023-04-12 00:11:48',NULL),
(108,'INSTITUTO PROMOCION SOCIAL','17637700001401',24,81,'2023-04-12 00:11:48','2023-04-12 00:11:48',NULL),
(109,'ISIDORO PAOLI','27649700004705',33,82,'2023-04-12 00:11:48','2023-04-12 00:11:48',NULL),
(110,'JOHN FITZGERALD KENNEDY','17673600002503',5,5,'2023-04-12 00:11:48','2023-04-12 00:11:48',NULL),
(111,'JORGE ELIECER GAITAN','17689000030506',29,83,'2023-04-12 00:11:48','2023-04-12 00:11:48',NULL),
(112,'JORGE ELIECER GAITAN','17660600042201',11,84,'2023-04-12 00:11:48','2023-04-12 00:11:48',NULL),
(113,'JORGE ISAACS','27613000062802',28,85,'2023-04-12 00:11:48','2023-04-12 00:11:48',NULL),
(114,'JORGE ISAACS','17624800002401',22,37,'2023-04-12 00:11:48','2023-04-12 00:11:48',NULL),
(115,'JORGE ISAACS','27624800032101',22,86,'2023-04-12 00:11:48','2023-04-12 00:11:48',NULL),
(116,'JORGE ISAACS','27604100037101',12,87,'2023-04-12 00:11:48','2023-04-12 00:11:48',NULL),
(117,'JORGE ISAACS EL PLACER','27624800035501',22,88,'2023-04-12 00:11:48','2023-04-12 00:11:48',NULL),
(118,'JORGE ISAACS SEDE PRINCIPAL','27624800036301',22,89,'2023-04-12 00:11:48','2023-04-12 00:11:48',NULL),
(119,'JORGE ROBLEDO','17682800002105',16,90,'2023-04-12 00:11:48','2023-04-12 00:11:48',NULL),
(120,'JOSE ACEVEDO Y GOMEZ','27660600029001',11,58,'2023-04-12 00:11:48','2023-04-12 00:11:48',NULL),
(121,'JOSE ANTONIO AGUILERA','17667000024001',10,91,'2023-04-12 00:11:48','2023-04-12 00:11:48',NULL),
(122,'JOSE ANTONIO ANZOATEGUI','27603600003710',2,2,'2023-04-12 00:11:48','2023-04-12 00:11:48',NULL),
(123,'JOSE EUSEBIO CARO','17613000046102',28,57,'2023-04-12 00:11:48','2023-04-12 00:11:48',NULL),
(124,'JOSE IGNACIO RENGIFO','47602000024911',14,18,'2023-04-12 00:11:48','2023-04-12 00:11:48',NULL),
(125,'JOSE MARIA CORDOBA','27613000018102',28,92,'2023-04-12 00:11:48','2023-04-12 00:11:48',NULL),
(126,'JOSE MARIA CORDOBA','27624300007102',26,93,'2023-04-12 00:11:48','2023-04-12 00:11:48',NULL),
(127,'JOSE MARIA CORDOBA','17682300033306',18,31,'2023-04-12 00:11:48','2023-04-12 00:11:48',NULL),
(128,'JOSE MARIA CORDOBA','17624300002601',26,94,'2023-04-12 00:11:48','2023-04-12 00:11:48',NULL),
(129,'JOSE MARIA FALLA','17625000026101',15,95,'2023-04-12 00:11:48','2023-04-12 00:11:48',NULL),
(130,'JUAN DE DIOS GIRON','17640000002701',13,96,'2023-04-12 00:11:48','2023-04-12 00:11:48',NULL),
(131,'JUAN DE DIOS RODRIGUEZ','17603600002402',2,97,'2023-04-12 00:11:48','2023-04-12 00:11:48',NULL),
(132,'JUAN DEL CORRAL','27623300056106',19,32,'2023-04-12 00:11:48','2023-04-12 00:11:48',NULL),
(133,'JUAN JOSE RONDON','27686900013804',7,8,'2023-04-12 00:11:48','2023-04-12 00:11:48',NULL),
(134,'JUAN SALVADOR GAVIOTA','27625000015001',15,20,'2023-04-12 00:11:48','2023-04-12 00:11:48',NULL),
(135,'JUAN XXIII','27682800017410',16,98,'2023-04-12 00:11:48','2023-04-12 00:11:48',NULL),
(136,'JULIAN TRUJILLO','17682800002101',16,90,'2023-04-12 00:11:48','2023-04-12 00:11:48',NULL),
(137,'JULIAN TRUJILLO - ANDINAPOLIS','27682800011502',16,22,'2023-04-12 00:11:48','2023-04-12 00:11:48',NULL),
(138,'JULIO CAICEDO TELLEZ','27667000020101',10,12,'2023-04-12 00:11:48','2023-04-12 00:11:48',NULL),
(139,'KIMI PERNIA DOMICO 2','27627500146165',1,30,'2023-04-12 00:11:48','2023-04-12 00:11:48',NULL),
(140,'KWE`SX NASA KSXA\' WNXI','27627500146101',1,30,'2023-04-12 00:11:48','2023-04-12 00:11:48',NULL),
(141,'LA CONSOLITA','27612200087201',6,99,'2023-04-12 00:11:48','2023-04-12 00:11:48',NULL),
(142,'LA GRAN COLOMBIA','27661600059006',4,100,'2023-04-12 00:11:48','2023-04-12 00:11:48',NULL),
(143,'LA INMACULADA','17686300033601',21,101,'2023-04-12 00:11:48','2023-04-12 00:11:48',NULL),
(144,'LA PEDRERA','27686900013803',7,8,'2023-04-12 00:11:48','2023-04-12 00:11:48',NULL),
(145,'LA PRESENTACION','17624600033701',31,102,'2023-04-12 00:11:48','2023-04-12 00:11:48',NULL),
(146,'LEONEL TROCHEZ','27627500146144',1,30,'2023-04-12 00:11:48','2023-04-12 00:11:48',NULL),
(147,'LEONIDAS MOSQUERA','17656300082203',3,25,'2023-04-12 00:11:48','2023-04-12 00:11:48',NULL),
(148,'LIC FEM NUESTRA SEORA DE CHIQUINQUIRA','17662200007601',17,103,'2023-04-12 00:11:48','2023-04-12 00:11:48',NULL),
(149,'LICEO COMERCIAL FEMENINO','17627500091501',1,104,'2023-04-12 00:11:48','2023-04-12 00:11:48',NULL),
(150,'LOS MORENOS','27660600029011',11,58,'2023-04-12 00:11:48','2023-04-12 00:11:48',NULL),
(151,'LUIS GABRIEL UMAA MORALES','27689500078201',9,105,'2023-04-12 00:11:48','2023-04-12 00:11:48',NULL),
(152,'MAGDALENA ORTEGA','17640000004301',13,106,'2023-04-12 00:11:48','2023-04-12 00:11:48',NULL),
(153,'MANUEL ANTONIO BONILLA','17640300003601',25,107,'2023-04-12 00:11:48','2023-04-12 00:11:48',NULL),
(154,'MANUEL DOLORES MONDRAGON','27610000054201',23,108,'2023-04-12 00:11:48','2023-04-12 00:11:48',NULL),
(155,'MANUEL DOLORES MONDRAGON','17610000025401',23,109,'2023-04-12 00:11:48','2023-04-12 00:11:48',NULL),
(156,'MANUEL DOLORES MONDRAGON','27610000070401',23,110,'2023-04-12 00:11:48','2023-04-12 00:11:48',NULL),
(157,'MANUEL JOSE REINA COLLAZOS','17686900002804',7,111,'2023-04-12 00:11:48','2023-04-12 00:11:48',NULL),
(158,'MANUEL MARIA MALLARINO','27682800044101',16,112,'2023-04-12 00:11:48','2023-04-12 00:11:48',NULL),
(159,'MANUELA BELTRAN','27686900017102',7,113,'2023-04-12 00:11:48','2023-04-12 00:11:48',NULL),
(160,'MANUELA BELTRAN','27631800027702',30,114,'2023-04-12 00:11:48','2023-04-12 00:11:48',NULL),
(161,'MANUELA BELTRAN','27637700007807',24,54,'2023-04-12 00:11:48','2023-04-12 00:11:48',NULL),
(162,'MANUELA BELTRAN','27627500015405',1,7,'2023-04-12 00:11:48','2023-04-12 00:11:48',NULL),
(163,'MARCO FIDEL SUAREZ','27656300022301',3,27,'2023-04-12 00:11:48','2023-04-12 00:11:48',NULL),
(164,'MARIA ANALIA ORTIZ HORMAZA','27649700060801',33,115,'2023-04-12 00:11:48','2023-04-12 00:11:48',NULL),
(165,'MARIA AUXILIADORA','27673600032101',5,116,'2023-04-12 00:11:48','2023-04-12 00:11:48',NULL),
(166,'MARIA AUXILIADORA','27661600025511',4,77,'2023-04-12 00:11:48','2023-04-12 00:11:48',NULL),
(167,'MARIA AUXILIADORA','27627500015413',1,7,'2023-04-12 00:11:48','2023-04-12 00:11:48',NULL),
(168,'MARIA INMACULADA','27610000051803',23,117,'2023-04-12 00:11:48','2023-04-12 00:11:48',NULL),
(169,'MARIA INMACULADA','27684500010201',34,118,'2023-04-12 00:11:48','2023-04-12 00:11:48',NULL),
(170,'MARIANO OSPINA PEREZ','17611300037706',8,13,'2023-04-12 00:11:48','2023-04-12 00:11:48',NULL),
(171,'MARIANO OSPINA PEREZ','27686900013809',7,8,'2023-04-12 00:11:48','2023-04-12 00:11:48',NULL),
(172,'MARINO RENJIFO SALCEDO','27613000082201',28,119,'2023-04-12 00:11:48','2023-04-12 00:11:48',NULL),
(173,'MARISCAL SUCRE','27637700038802',24,120,'2023-04-12 00:11:48','2023-04-12 00:11:48',NULL),
(174,'MEDINA','27660600046901',11,29,'2023-04-12 00:11:48','2023-04-12 00:11:48',NULL),
(175,'MIGUEL A CARO','27667000021001',10,61,'2023-04-12 00:11:48','2023-04-12 00:11:48',NULL),
(176,'MIGUEL ANTONIO CARO','27623300058801',19,121,'2023-04-12 00:11:48','2023-04-12 00:11:48',NULL),
(177,'MIGUEL ANTONIO CARO','27630600017403',20,33,'2023-04-12 00:11:48','2023-04-12 00:11:48',NULL),
(178,'MIGUEL DE CERVANTES SAAVEDRA','17631800026401',30,122,'2023-04-12 00:11:48','2023-04-12 00:11:48',NULL),
(179,'NEMESIO RODRIGUEZ','27661600059001',4,100,'2023-04-12 00:11:48','2023-04-12 00:11:48',NULL),
(180,'NORMAL SUPERIOR JORGE ISAACS','17662200008401',17,123,'2023-04-12 00:11:48','2023-04-12 00:11:48',NULL),
(181,'NORMAN ZULUAGA JARAMILLO','17627500001005',1,80,'2023-04-12 00:11:48','2023-04-12 00:11:48',NULL),
(182,'NUESTRA SEORA DE FATIMA','27623300026002',19,124,'2023-04-12 00:11:48','2023-04-12 00:11:48',NULL),
(183,'NUESTRA SEORA DE FATIMA','17682300033302',18,31,'2023-04-12 00:11:48','2023-04-12 00:11:48',NULL),
(184,'NUESTRA SEORA DE LA CONSOLACION','17660600042202',11,84,'2023-04-12 00:11:48','2023-04-12 00:11:48',NULL),
(185,'NUESTRA SEORA DE LA CONSOLACION','17682300038401',18,125,'2023-04-12 00:11:48','2023-04-12 00:11:48',NULL),
(186,'NUESTRA SEORA DE LA PAZ','27640300003101',25,126,'2023-04-12 00:11:48','2023-04-12 00:11:48',NULL),
(187,'NUESTRA SEORA DE LAS MERCEDES','17689500010901',9,127,'2023-04-12 00:11:48','2023-04-12 00:11:48',NULL),
(188,'NUESTRA SEORA DEL CARMEN','27630600017404',20,33,'2023-04-12 00:11:48','2023-04-12 00:11:48',NULL),
(189,'PABLO EMILIO CAMACHO','17689500016802',9,128,'2023-04-12 00:11:48','2023-04-12 00:11:48',NULL),
(190,'PABLO VI','27612600021400',27,129,'2023-04-12 00:11:48','2023-04-12 00:11:48',NULL),
(191,'PANEBIANCO AMERICANO - SEDE PRINCIPAL','27613000018101',28,92,'2023-04-12 00:11:48','2023-04-12 00:11:48',NULL),
(192,'PEDRO ANTONIO MOLINA','17624800001605',22,130,'2023-04-12 00:11:48','2023-04-12 00:11:48',NULL),
(193,'PEDRO VICENTE ABADIA','17631800070101',30,131,'2023-04-12 00:11:48','2023-04-12 00:11:48',NULL),
(194,'PEDRO VICENTE ABADIA','27631800011102',30,132,'2023-04-12 00:11:48','2023-04-12 00:11:48',NULL),
(195,'PIO XII','27623300065109',19,72,'2023-04-12 00:11:48','2023-04-12 00:11:48',NULL),
(196,'POLICARPA SALAVAARRIETA','27623300102902',19,133,'2023-04-12 00:11:48','2023-04-12 00:11:48',NULL),
(197,'POLICARPA SALAVARRIETA','17625000026107',15,95,'2023-04-12 00:11:48','2023-04-12 00:11:48',NULL),
(198,'POLICARPA SALAVARRIETA','27631800022602',30,134,'2023-04-12 00:11:48','2023-04-12 00:11:48',NULL),
(199,'POLICARPA SALAVARRIETA','27649700004701',33,82,'2023-04-12 00:11:48','2023-04-12 00:11:48',NULL),
(200,'PRIMITIVO CRESPO','17661600001301',4,135,'2023-04-12 00:11:48','2023-04-12 00:11:48',NULL),
(201,'RAFAEL NUEZ','27637700038807',24,120,'2023-04-12 00:11:48','2023-04-12 00:11:48',NULL),
(202,'RAFAEL URIBE URIBE','27623300053704',19,62,'2023-04-12 00:11:48','2023-04-12 00:11:48',NULL),
(203,'REGIONAL SIMON BOLIVAR','27627500027801',1,136,'2023-04-12 00:11:48','2023-04-12 00:11:48',NULL),
(204,'RODRIGO LLOREDA','27682800038701',23,47,'2023-04-12 00:11:48','2023-04-12 00:11:48',NULL),
(205,'RODRIGO LLOREDA CAICEDO','27613000062801',28,85,'2023-04-12 00:11:48','2023-04-12 00:11:48',NULL),
(206,'ROMULO RENGIFO','27625000015018',15,20,'2023-04-12 00:11:48','2023-04-12 00:11:48',NULL),
(207,'ROSA ZARATE DE PEA','27686300054302',21,34,'2023-04-12 00:11:48','2023-04-12 00:11:48',NULL),
(208,'SAGRADO CORAZON','17624800001601',22,130,'2023-04-12 00:11:48','2023-04-12 00:11:48',NULL),
(209,'SAGRADO CORAZON DE JESUS','27612200022801',6,137,'2023-04-12 00:11:48','2023-04-12 00:11:48',NULL),
(210,'SAGRADO CORAZON DE JESUS','17682800006401',16,138,'2023-04-12 00:11:48','2023-04-12 00:11:48',NULL),
(211,'SAN FRANCISCO','27603600003709',2,2,'2023-04-12 00:11:48','2023-04-12 00:11:48',NULL),
(212,'SAN GERARDO','27673600081008',5,26,'2023-04-12 00:11:48','2023-04-12 00:11:48',NULL),
(213,'SAN ISIDRO','27682800017401',16,98,'2023-04-12 00:11:48','2023-04-12 00:11:48',NULL),
(214,'SAN ISIDRO','27625000015010',15,20,'2023-04-12 00:11:48','2023-04-12 00:11:48',NULL),
(215,'SAN JOAQUIN','27627500015412',1,7,'2023-04-12 00:11:48','2023-04-12 00:11:48',NULL),
(216,'SAN JOSE','17640000001901',13,139,'2023-04-12 00:11:48','2023-04-12 00:11:48',NULL),
(217,'SAN JOSE','17649700009301',33,140,'2023-04-12 00:11:48','2023-04-12 00:11:48',NULL),
(218,'SAN JOSE','17602000003201',14,141,'2023-04-12 00:11:48','2023-04-12 00:11:48',NULL),
(219,'SAN JUAN BOSCO','17656300082202',3,25,'2023-04-12 00:11:48','2023-04-12 00:11:48',NULL),
(220,'SAN JUAN BOSCO','27689000023701',29,142,'2023-04-12 00:11:48','2023-04-12 00:11:48',NULL),
(221,'SAN MARTIN DE PORRES','27625000015015',15,20,'2023-04-12 00:11:48','2023-04-12 00:11:48',NULL),
(222,'SAN PIO X','17637700025101',24,143,'2023-04-12 00:11:48','2023-04-12 00:11:48',NULL),
(223,'SAN VICENTE','27623300048104',19,75,'2023-04-12 00:11:48','2023-04-12 00:11:48',NULL),
(224,'SANTA ANA DE LOS CABALLEROS','17604100001601',12,16,'2023-04-12 00:11:48','2023-04-12 00:11:48',NULL),
(225,'SANTA BARBARA','17624800002406',22,37,'2023-04-12 00:11:48','2023-04-12 00:11:48',NULL),
(226,'SANTA CECILIA','17684500001903',34,144,'2023-04-12 00:11:48','2023-04-12 00:11:48',NULL),
(227,'SANTA FE','27661600065408',4,4,'2023-04-12 00:11:48','2023-04-12 00:11:48',NULL),
(228,'SANTA INES','27604100036301',12,145,'2023-04-12 00:11:48','2023-04-12 00:11:48',NULL),
(229,'SANTA ISABEL','27624300007103',26,93,'2023-04-12 00:11:48','2023-04-12 00:11:48',NULL),
(230,'SANTA ISABEL','17656300002402',3,21,'2023-04-12 00:11:48','2023-04-12 00:11:48',NULL),
(231,'SANTA RITA DE CASSIA','27613000018103',28,92,'2023-04-12 00:11:48','2023-04-12 00:11:48',NULL),
(232,'SANTA TERESITA','17613000046103',28,57,'2023-04-12 00:11:48','2023-04-12 00:11:48',NULL),
(233,'SANTA TERESITA','17640300007901',25,146,'2023-04-12 00:11:48','2023-04-12 00:11:48',NULL),
(234,'SANTA TERESITA','27625000015029',15,20,'2023-04-12 00:11:48','2023-04-12 00:11:48',NULL),
(235,'SANTA TERESITA DEL NIO JESUS','27623300026001',19,124,'2023-04-12 00:11:48','2023-04-12 00:11:48',NULL),
(236,'SANTIAGO GUTIERREZ ANGEL','47605400001901',32,147,'2023-04-12 00:11:48','2023-04-12 00:11:48',NULL),
(237,'SANTO DOMINGO SAVIO','27661600025503',4,77,'2023-04-12 00:11:48','2023-04-12 00:11:48',NULL),
(238,'SATELITE GENERAL SANTANDER','27673600017804',5,36,'2023-04-12 00:11:48','2023-04-12 00:11:48',NULL),
(239,'SATELITE LAS AMERICAS','27627500015402',1,7,'2023-04-12 00:11:48','2023-04-12 00:11:48',NULL),
(240,'SATELITE PEDRO VICENTE ABADIA','27631800009903',30,64,'2023-04-12 00:11:48','2023-04-12 00:11:48',NULL),
(241,'SATELITE RICAURTE','17610000025402',23,109,'2023-04-12 00:11:48','2023-04-12 00:11:48',NULL),
(242,'SEDE SAN ISIDRO','27612200022807',6,137,'2023-04-12 00:11:48','2023-04-12 00:11:48',NULL),
(243,'SEVILLA','17673600002501',5,5,'2023-04-12 00:11:48','2023-04-12 00:11:48',NULL),
(244,'SIMBAD ARTURO BUENO','27656300004508',3,3,'2023-04-12 00:11:48','2023-04-12 00:11:48',NULL),
(245,'SIMON BOLIVAR','27613000062803',28,85,'2023-04-12 00:11:48','2023-04-12 00:11:48',NULL),
(246,'SIMON BOLIVAR','17612600006601',27,50,'2023-04-12 00:11:48','2023-04-12 00:11:48',NULL),
(247,'SIMON BOLIVAR','17689500026501',9,56,'2023-04-12 00:11:48','2023-04-12 00:11:48',NULL),
(248,'SIMON BOLIVAR','17640000027202',13,17,'2023-04-12 00:11:48','2023-04-12 00:11:48',NULL),
(249,'SIMON BOLIVAR','27656300022303',3,27,'2023-04-12 00:11:48','2023-04-12 00:11:48',NULL),
(250,'SIMON BOLIVAR','27625000015007',15,20,'2023-04-12 00:11:48','2023-04-12 00:11:48',NULL),
(251,'TRES DE MAYO','17673600003308',5,63,'2023-04-12 00:11:48','2023-04-12 00:11:48',NULL),
(252,'VEINTE DE JULIO','27686900017101',7,113,'2023-04-12 00:11:48','2023-04-12 00:11:48',NULL),
(253,'VICTOR HUMBERTO BARRERA','27686900013811',7,8,'2023-04-12 00:11:48','2023-04-12 00:11:48',NULL),
(254,'LIBARDO DE JESUS GOMEZ CARDONA','17686300033621',21,101,'2023-04-12 00:11:48','2023-04-12 00:11:48',NULL),
(255,'ALFONSO ZAWADZKY','17689000030501',29,83,'2023-04-12 00:11:48','2023-04-12 00:11:48',NULL),
(256,'ANTONIO RICAURTE','17624300002614',26,94,'2023-04-12 00:11:48','2023-04-12 00:11:48',NULL),
(257,'ATANASIO GIRARDOT','27660600029004',11,58,'2023-04-12 00:11:48','2023-04-12 00:11:48',NULL),
(258,'BOYACA','27624300049707',26,42,'2023-04-12 00:11:48','2023-04-12 00:11:48',NULL),
(259,'CRISTO REY','27604100036304',12,145,'2023-04-12 00:11:48','2023-04-12 00:11:48',NULL),
(260,'ENRIQUE OLAYA HERRERA','27613000018104',28,92,'2023-04-12 00:11:48','2023-04-12 00:11:48',NULL),
(261,'JORGE ELIECER GAITAN','27667000020107',10,12,'2023-04-12 00:11:48','2023-04-12 00:11:48',NULL),
(262,'LIC NUESTRA SEORA DE CHIQUINQUIRA','17662200007604',17,103,'2023-04-12 00:11:48','2023-04-12 00:11:48',NULL),
(263,'POLICARPA SALAVARRIETA','17627500091505',1,104,'2023-04-12 00:11:48','2023-04-12 00:11:48',NULL),
(264,'RICARDO LUIS BETANCOURTH','17624300002612',26,94,'2023-04-12 00:11:48','2023-04-12 00:11:48',NULL),
(265,'ANTONIO NARIO','17613000039904',28,66,'2023-04-12 00:11:48','2023-04-12 00:11:48',NULL),
(266,'ELEAZAR LIBREROS SALAMANCA','17603600002401',2,97,'2023-04-12 00:11:48','2023-04-12 00:11:48',NULL),
(267,'JORGE ELIECER GAITAN','27631800022604',30,134,'2023-04-12 00:11:48','2023-04-12 00:11:48',NULL),
(268,'LEOCADIO SALAZAR','17684500001901',34,144,'2023-04-12 00:11:48','2023-04-12 00:11:48',NULL),
(269,'MANUEL DOLORES MONDRAGON','27610000051801',23,117,'2023-04-12 00:11:48','2023-04-12 00:11:48',NULL),
(270,'MANUELA BELTRAN','27630600017401',20,33,'2023-04-12 00:11:48','2023-04-12 00:11:48',NULL),
(271,'ALFREDO POSADA CORREA','17656300082201',3,25,'2023-04-12 00:11:48','2023-04-12 00:11:48',NULL),
(272,'JORGE ROBLEDO','17686900002801',7,111,'2023-04-12 00:11:48','2023-04-12 00:11:48',NULL),
(273,'POLICARPA SALAVARRIETA','17612600006605',27,50,'2023-04-12 00:11:48','2023-04-12 00:11:48',NULL),
(274,'SAGRADA FAMILIA','17613000039902',28,66,'2023-04-12 00:11:48','2023-04-12 00:11:48',NULL),
(275,'SEDE CORPORACION','0',35,148,'2023-04-12 00:11:48','2023-04-12 00:11:48',NULL),
(276,'Sede Bootcamp 1','887799',13,150,'2023-04-12 00:11:48','2023-04-12 00:11:48',NULL),
(277,'SAN ANTONIO CAUCA','12312323',36,151,'2024-04-12 21:14:19','2024-04-12 21:14:19',NULL),
(278,'SAN ANTONIO NARIO','12221121',37,151,'2024-04-12 21:14:20','2024-04-12 21:14:20',NULL),
(279,'IE CHACHAG','209899129031',38,152,'2024-05-22 14:36:29','2024-05-22 14:36:29',NULL),
(280,'MADRE DE DIOS','209800029031',39,153,'2024-05-22 14:36:29','2024-05-22 14:36:29',NULL);
/*!40000 ALTER TABLE `branch` ENABLE KEYS */;
UNLOCK TABLES;

--
-- Table structure for table `characteristic`
--

DROP TABLE IF EXISTS `characteristic`;
/*!40101 SET @saved_cs_client     = @@character_set_client */;
/*!40101 SET character_set_client = utf8 */;
CREATE TABLE `characteristic` (
  `characteristic_id` int NOT NULL AUTO_INCREMENT,
  `name` varchar(255) NOT NULL,
  `description` varchar(255) NOT NULL,
  `chatyp_id` int DEFAULT NULL,
  `date_creation` datetime NOT NULL DEFAULT CURRENT_TIMESTAMP,
  `date_modification` datetime NOT NULL DEFAULT CURRENT_TIMESTAMP,
  `date_delete` datetime DEFAULT NULL,
  PRIMARY KEY (`characteristic_id`),
  UNIQUE KEY `name` (`name`),
  KEY `chatyp_id` (`chatyp_id`),
  CONSTRAINT `characteristic_ibfk_1` FOREIGN KEY (`chatyp_id`) REFERENCES `characteristic_type` (`chatyp_id`)
) ENGINE=InnoDB AUTO_INCREMENT=7 DEFAULT CHARSET=utf8mb4 COLLATE=utf8mb4_0900_ai_ci;
/*!40101 SET character_set_client = @saved_cs_client */;

--
-- Dumping data for table `characteristic`
--

LOCK TABLES `characteristic` WRITE;
/*!40000 ALTER TABLE `characteristic` DISABLE KEYS */;
INSERT INTO `characteristic` VALUES
(1,'Gnero','Gnero',1,'2024-01-25 22:30:28','2024-01-25 22:30:28',NULL),
(2,'Color de piel','Color de piel',1,'2024-01-25 22:30:28','2024-01-25 22:30:28',NULL),
(3,'Cabello','Cabello',1,'2024-01-25 22:30:28','2024-01-25 22:30:28',NULL),
(4,'Ropa','Ropa',1,'2024-01-25 22:30:28','2024-01-25 22:30:28',NULL),
(5,'Accesorio','Accesorio',1,'2024-01-25 22:30:28','2024-01-25 22:30:28',NULL);
/*!40000 ALTER TABLE `characteristic` ENABLE KEYS */;
UNLOCK TABLES;

--
-- Table structure for table `characteristic_type`
--

DROP TABLE IF EXISTS `characteristic_type`;
/*!40101 SET @saved_cs_client     = @@character_set_client */;
/*!40101 SET character_set_client = utf8 */;
CREATE TABLE `characteristic_type` (
  `chatyp_id` int NOT NULL AUTO_INCREMENT,
  `name` varchar(255) NOT NULL,
  `description` varchar(255) NOT NULL,
  `date_creation` datetime NOT NULL DEFAULT CURRENT_TIMESTAMP,
  `date_modification` datetime NOT NULL DEFAULT CURRENT_TIMESTAMP,
  `date_delete` datetime DEFAULT NULL,
  PRIMARY KEY (`chatyp_id`),
  UNIQUE KEY `name` (`name`)
) ENGINE=InnoDB AUTO_INCREMENT=2 DEFAULT CHARSET=utf8mb4 COLLATE=utf8mb4_0900_ai_ci;
/*!40101 SET character_set_client = @saved_cs_client */;

--
-- Dumping data for table `characteristic_type`
--

LOCK TABLES `characteristic_type` WRITE;
/*!40000 ALTER TABLE `characteristic_type` DISABLE KEYS */;
INSERT INTO `characteristic_type` VALUES
(1,'Apariencia','Apariencia','2024-01-25 22:28:30','2024-01-25 22:28:30',NULL);
/*!40000 ALTER TABLE `characteristic_type` ENABLE KEYS */;
UNLOCK TABLES;

--
-- Table structure for table `department`
--

DROP TABLE IF EXISTS `department`;
/*!40101 SET @saved_cs_client     = @@character_set_client */;
/*!40101 SET character_set_client = utf8 */;
CREATE TABLE `department` (
  `department_id` int NOT NULL AUTO_INCREMENT,
  `name` varchar(255) NOT NULL,
  `date_creation` datetime NOT NULL DEFAULT CURRENT_TIMESTAMP,
  `date_modification` datetime NOT NULL DEFAULT CURRENT_TIMESTAMP,
  `date_delete` datetime DEFAULT NULL,
  PRIMARY KEY (`department_id`),
  UNIQUE KEY `name` (`name`),
  KEY `idx_department_date_delete` (`date_delete`)
) ENGINE=InnoDB AUTO_INCREMENT=4 DEFAULT CHARSET=utf8mb4 COLLATE=utf8mb4_0900_ai_ci;
/*!40101 SET character_set_client = @saved_cs_client */;

--
-- Dumping data for table `department`
--

LOCK TABLES `department` WRITE;
/*!40000 ALTER TABLE `department` DISABLE KEYS */;
INSERT INTO `department` VALUES
(1,'VALLE DEL CAUCA','2022-09-30 20:43:56','2023-06-22 23:19:35',NULL),
(2,'CAUCA','2024-03-12 14:11:09','2024-03-12 14:11:09',NULL),
(3,'NARIO','2024-03-12 14:11:09','2024-03-12 14:11:09',NULL);
/*!40000 ALTER TABLE `department` ENABLE KEYS */;
UNLOCK TABLES;

--
-- Table structure for table `document_type`
--

DROP TABLE IF EXISTS `document_type`;
/*!40101 SET @saved_cs_client     = @@character_set_client */;
/*!40101 SET character_set_client = utf8 */;
CREATE TABLE `document_type` (
  `document_type_id` int NOT NULL AUTO_INCREMENT,
  `name` varchar(255) NOT NULL,
  `date_creation` datetime NOT NULL DEFAULT CURRENT_TIMESTAMP,
  `date_modification` datetime NOT NULL DEFAULT CURRENT_TIMESTAMP,
  `date_delete` datetime DEFAULT NULL,
  PRIMARY KEY (`document_type_id`),
  UNIQUE KEY `name` (`name`),
  KEY `idx_document_type_date_delete` (`date_delete`)
) ENGINE=InnoDB AUTO_INCREMENT=10 DEFAULT CHARSET=utf8mb4 COLLATE=utf8mb4_0900_ai_ci;
/*!40101 SET character_set_client = @saved_cs_client */;

--
-- Dumping data for table `document_type`
--

LOCK TABLES `document_type` WRITE;
/*!40000 ALTER TABLE `document_type` DISABLE KEYS */;
INSERT INTO `document_type` VALUES
(1,'CDULA DE CIUDADANA','2022-10-01 04:16:39','2022-10-01 04:16:39',NULL),
(2,'TARJETA DE IDENTIDAD','2022-10-01 04:16:39','2022-10-01 04:16:39',NULL),
(3,'NMERO DE IDENTIFICACIN ESTABLECIDO POR LA SECRETARA DE EDUCACIN NES','2022-10-01 04:16:39','2022-10-01 04:16:39',NULL),
(4,'CDULA DE EXTRANJERA  IDENTIFICACIN DE EXTRANJERA','2022-10-01 04:16:39','2022-10-01 04:16:39',NULL),
(5,'REGISTRO CIVIL DE NACIMIENTO','2022-10-01 04:16:40','2022-10-01 04:16:40',NULL),
(6,'PPT','2022-10-01 04:16:40','2022-10-01 04:16:40',NULL),
(7,'NUIP','2022-10-01 04:16:40','2022-10-01 04:16:40',NULL),
(8,'P.E.P. (PERMISO ESPECIAL DE PERMANENCIA)','2022-10-01 04:16:40','2022-10-01 04:16:40',NULL),
(9,'PERMISO POR PROTECCIN PERSONAL','2022-10-01 04:21:52','2022-10-01 04:21:52',NULL);
/*!40000 ALTER TABLE `document_type` ENABLE KEYS */;
UNLOCK TABLES;

--
-- Table structure for table `enrolment`
--

DROP TABLE IF EXISTS `enrolment`;
/*!40101 SET @saved_cs_client     = @@character_set_client */;
/*!40101 SET character_set_client = utf8 */;
CREATE TABLE `enrolment` (
  `enrolment_id` int NOT NULL AUTO_INCREMENT,
  `gragro_id` int NOT NULL,
  `user_id` char(36) DEFAULT NULL,
  `branch_id` int NOT NULL,
  `schyea_id` int NOT NULL,
  `date_creation` datetime NOT NULL DEFAULT CURRENT_TIMESTAMP,
  `date_modification` datetime NOT NULL DEFAULT CURRENT_TIMESTAMP,
  `date_delete` datetime DEFAULT NULL,
  `status` int DEFAULT '0',
  PRIMARY KEY (`enrolment_id`),
  KEY `gragro_id` (`gragro_id`),
  KEY `user_id` (`user_id`),
  KEY `branch_id` (`branch_id`),
  KEY `schyea_id` (`schyea_id`),
  KEY `idx_enrolment_date_delete` (`date_delete`),
  CONSTRAINT `enrolment_ibfk_1` FOREIGN KEY (`gragro_id`) REFERENCES `grade_group` (`gragro_id`),
  CONSTRAINT `enrolment_ibfk_3` FOREIGN KEY (`branch_id`) REFERENCES `branch` (`branch_id`),
  CONSTRAINT `enrolment_ibfk_4` FOREIGN KEY (`schyea_id`) REFERENCES `school_year` (`schyea_id`),
  CONSTRAINT `fk_enrolment_user` FOREIGN KEY (`user_id`) REFERENCES `user` (`user_id`)
) ENGINE=InnoDB AUTO_INCREMENT=164 DEFAULT CHARSET=utf8mb4 COLLATE=utf8mb4_0900_ai_ci;
/*!40101 SET character_set_client = @saved_cs_client */;

--
-- Dumping data for table `enrolment`
--

LOCK TABLES `enrolment` WRITE;
/*!40000 ALTER TABLE `enrolment` DISABLE KEYS */;
INSERT INTO `enrolment` VALUES
(1,1,'cbae073a-1c4b-11ef-9214-42010a8e0014',1,2,'2024-02-12 19:53:49','2024-02-12 19:53:49',NULL,0),
(2,2,'cbae073a-1c4b-11ef-9214-42010a8e0014',1,3,'2024-02-12 19:53:49','2024-04-16 13:29:30',NULL,0),
(3,1,'cbae15a1-1c4b-11ef-9214-42010a8e0014',88,3,'2024-04-15 19:25:14','2024-04-15 19:25:14',NULL,1),
(5,14,'cbae073a-1c4b-11ef-9214-42010a8e0014',21,3,'2024-04-16 13:29:30','2024-04-16 17:49:06',NULL,0),
(8,1,'cbae1b6e-1c4b-11ef-9214-42010a8e0014',172,3,'2024-04-16 14:06:17','2024-05-09 19:49:21',NULL,0),
(11,18,'cbae1c4d-1c4b-11ef-9214-42010a8e0014',21,3,'2024-04-16 15:20:06','2024-04-16 15:20:06',NULL,1),
(12,20,'cbae1cdb-1c4b-11ef-9214-42010a8e0014',58,3,'2024-04-16 15:37:00','2024-04-16 17:33:00',NULL,0),
(13,21,'cbae0e6b-1c4b-11ef-9214-42010a8e0014',21,2,'2024-04-16 15:51:49','2024-04-24 19:17:33',NULL,0),
(14,22,'cbae1f8a-1c4b-11ef-9214-42010a8e0014',277,1,'2024-04-16 16:10:15','2024-05-08 16:50:32',NULL,0),
(15,24,'cbae1cdb-1c4b-11ef-9214-42010a8e0014',21,3,'2024-04-16 17:33:01','2024-04-16 17:33:01',NULL,1),
(16,14,'cbae073a-1c4b-11ef-9214-42010a8e0014',122,3,'2024-04-16 17:49:07','2024-04-16 18:42:35',NULL,0),
(17,14,'cbae073a-1c4b-11ef-9214-42010a8e0014',168,3,'2024-04-16 18:42:36','2024-05-09 19:18:56',NULL,0),
(18,52,'cbae2554-1c4b-11ef-9214-42010a8e0014',278,2,'2024-04-16 18:50:49','2024-04-16 18:50:49',NULL,1),
(19,22,'cbae2768-1c4b-11ef-9214-42010a8e0014',278,3,'2024-04-16 18:52:01','2024-04-16 18:52:01',NULL,1),
(20,25,'cbae297a-1c4b-11ef-9214-42010a8e0014',106,2,'2024-04-16 18:56:23','2024-04-16 18:56:23',NULL,1),
(21,26,'cbae2dd9-1c4b-11ef-9214-42010a8e0014',1,3,'2024-04-16 19:28:33','2024-04-16 19:28:33',NULL,1),
(22,2,'cbae349c-1c4b-11ef-9214-42010a8e0014',277,2,'2024-04-16 20:24:57','2024-04-16 20:24:57',NULL,1),
(23,27,'cbae352e-1c4b-11ef-9214-42010a8e0014',172,2,'2024-04-16 20:58:45','2024-04-16 20:58:46',NULL,1),
(24,28,'cbae35b8-1c4b-11ef-9214-42010a8e0014',172,2,'2024-04-16 21:00:05','2024-04-16 21:00:05',NULL,1),
(25,29,'cbae36be-1c4b-11ef-9214-42010a8e0014',266,2,'2024-04-17 00:26:41','2024-04-17 00:26:42',NULL,1),
(26,31,'cbae3741-1c4b-11ef-9214-42010a8e0014',266,2,'2024-04-17 00:27:50','2024-04-17 00:28:32',NULL,0),
(27,29,'cbae3741-1c4b-11ef-9214-42010a8e0014',266,2,'2024-04-17 00:28:33','2024-04-17 00:28:33',NULL,1),
(28,32,'cbae1637-1c4b-11ef-9214-42010a8e0014',2,3,'2024-04-17 12:17:15','2024-04-17 12:17:15',NULL,1),
(29,33,'cbae0d58-1c4b-11ef-9214-42010a8e0014',2,2,'2024-04-17 14:00:57','2024-04-24 18:45:06',NULL,0),
(30,30,'cbae37c5-1c4b-11ef-9214-42010a8e0014',1,2,'2024-04-17 14:23:51','2024-04-17 14:23:51',NULL,1),
(31,26,'cbae3846-1c4b-11ef-9214-42010a8e0014',1,3,'2024-04-17 15:35:16','2024-04-17 15:35:16',NULL,1),
(32,25,'cbae3966-1c4b-11ef-9214-42010a8e0014',172,2,'2024-04-17 16:26:16','2024-04-17 16:26:17',NULL,1),
(33,1,'cbae39e8-1c4b-11ef-9214-42010a8e0014',172,2,'2024-04-17 16:28:02','2024-04-17 16:28:02',NULL,1),
(34,34,'cbae3a68-1c4b-11ef-9214-42010a8e0014',2,2,'2024-04-18 13:47:39','2024-04-18 13:47:39',NULL,1),
(35,1,'cbae3aea-1c4b-11ef-9214-42010a8e0014',21,3,'2024-04-18 14:01:15','2024-04-18 14:01:16',NULL,1),
(36,14,'cbae3cea-1c4b-11ef-9214-42010a8e0014',1,2,'2024-04-18 14:10:19','2024-04-18 14:10:20',NULL,1),
(37,35,'cbae4712-1c4b-11ef-9214-42010a8e0014',131,2,'2024-04-18 19:03:27','2024-04-18 19:03:27',NULL,1),
(38,36,'cbae4792-1c4b-11ef-9214-42010a8e0014',106,2,'2024-04-18 19:04:58','2024-04-18 19:04:58',NULL,1),
(39,35,'cbae44ff-1c4b-11ef-9214-42010a8e0014',59,2,'2024-04-18 19:05:30','2024-04-18 19:05:30',NULL,1),
(40,36,'cbae0d58-1c4b-11ef-9214-42010a8e0014',2,2,'2024-04-24 18:45:06','2024-05-08 16:38:14',NULL,0),
(41,37,'cbae0e6b-1c4b-11ef-9214-42010a8e0014',90,3,'2024-04-24 19:17:33','2024-05-09 19:48:46',NULL,0),
(42,2,'cbae4a0c-1c4b-11ef-9214-42010a8e0014',2,2,'2024-05-02 14:32:01','2024-05-09 19:54:01',NULL,0),
(43,1,'cbae4a8f-1c4b-11ef-9214-42010a8e0014',21,2,'2024-05-02 15:23:38','2024-05-02 15:23:39',NULL,1),
(44,1,'cbae4b0c-1c4b-11ef-9214-42010a8e0014',21,2,'2024-05-02 15:25:31','2024-05-02 15:25:31',NULL,1),
(45,39,'cbae4b8c-1c4b-11ef-9214-42010a8e0014',21,2,'2024-05-02 15:36:17','2024-05-02 15:36:17',NULL,1),
(46,39,'cbae4c0b-1c4b-11ef-9214-42010a8e0014',21,2,'2024-05-02 15:39:29','2024-05-02 15:39:29',NULL,1),
(47,40,'cbae4c88-1c4b-11ef-9214-42010a8e0014',21,3,'2024-05-02 17:10:41','2024-05-02 17:10:41',NULL,1),
(48,40,'cbae4d07-1c4b-11ef-9214-42010a8e0014',21,3,'2024-05-02 17:11:24','2024-05-02 17:11:25',NULL,1),
(49,1,'cbae4d83-1c4b-11ef-9214-42010a8e0014',21,3,'2024-05-02 17:15:16','2024-05-02 17:15:16',NULL,1),
(50,1,'cbae4f01-1c4b-11ef-9214-42010a8e0014',21,3,'2024-05-06 19:55:49','2024-05-30 22:20:13',NULL,0),
(51,41,'cbae4ffd-1c4b-11ef-9214-42010a8e0014',277,3,'2024-05-06 21:42:40','2024-05-06 21:42:40',NULL,1),
(52,42,'cbae507c-1c4b-11ef-9214-42010a8e0014',277,3,'2024-05-08 15:56:41','2024-05-08 15:56:41',NULL,1),
(53,1,'cbae52c9-1c4b-11ef-9214-42010a8e0014',21,3,'2024-05-08 16:09:17','2024-06-01 00:49:56',NULL,0),
(54,43,'cbae0d58-1c4b-11ef-9214-42010a8e0014',278,3,'2024-05-08 16:38:15','2024-05-08 16:42:52',NULL,0),
(55,43,'cbae0d58-1c4b-11ef-9214-42010a8e0014',2,3,'2024-05-08 16:42:52','2024-05-08 16:46:17',NULL,0),
(56,43,'cbae0d58-1c4b-11ef-9214-42010a8e0014',3,3,'2024-05-08 16:46:17','2024-05-08 16:48:16',NULL,0),
(57,43,'cbae0d58-1c4b-11ef-9214-42010a8e0014',2,3,'2024-05-08 16:48:17','2024-05-08 16:49:40',NULL,0),
(58,43,'cbae0d58-1c4b-11ef-9214-42010a8e0014',278,3,'2024-05-08 16:49:40','2024-05-08 17:01:19',NULL,0),
(59,22,'cbae1f8a-1c4b-11ef-9214-42010a8e0014',278,1,'2024-05-08 16:50:32','2024-05-09 19:21:07',NULL,0),
(60,14,'cbae0d58-1c4b-11ef-9214-42010a8e0014',2,3,'2024-05-08 17:01:19','2024-05-09 19:25:27',NULL,0),
(61,44,'cbae5347-1c4b-11ef-9214-42010a8e0014',278,3,'2024-05-08 18:21:55','2024-05-08 18:21:55',NULL,1),
(62,24,'cbae548c-1c4b-11ef-9214-42010a8e0014',190,3,'2024-05-08 18:23:41','2024-05-08 18:23:41',NULL,1),
(63,14,'cbae073a-1c4b-11ef-9214-42010a8e0014',278,3,'2024-05-09 19:18:56','2024-05-09 19:19:55',NULL,0),
(64,14,'cbae073a-1c4b-11ef-9214-42010a8e0014',2,3,'2024-05-09 19:19:55','2024-05-09 19:30:56',NULL,0),
(65,22,'cbae1f8a-1c4b-11ef-9214-42010a8e0014',218,1,'2024-05-09 19:21:07','2024-05-09 19:24:56',NULL,0),
(66,22,'cbae1f8a-1c4b-11ef-9214-42010a8e0014',278,1,'2024-05-09 19:24:56','2024-05-09 19:32:02',NULL,0),
(67,14,'cbae0d58-1c4b-11ef-9214-42010a8e0014',278,3,'2024-05-09 19:25:27','2024-05-09 19:55:35',NULL,0),
(68,14,'cbae073a-1c4b-11ef-9214-42010a8e0014',278,3,'2024-05-09 19:30:56','2024-05-09 19:31:21',NULL,0),
(69,14,'cbae073a-1c4b-11ef-9214-42010a8e0014',88,3,'2024-05-09 19:31:21','2024-05-09 20:58:34',NULL,0),
(70,22,'cbae1f8a-1c4b-11ef-9214-42010a8e0014',277,1,'2024-05-09 19:32:02','2024-05-09 19:38:55',NULL,0),
(71,22,'cbae1f8a-1c4b-11ef-9214-42010a8e0014',266,1,'2024-05-09 19:38:55','2024-05-27 22:38:55',NULL,0),
(72,37,'cbae0e6b-1c4b-11ef-9214-42010a8e0014',278,3,'2024-05-09 19:48:47','2024-05-09 19:48:47',NULL,1),
(73,1,'cbae1b6e-1c4b-11ef-9214-42010a8e0014',277,3,'2024-05-09 19:49:22','2024-05-09 19:49:22',NULL,1),
(74,14,'cbae4a0c-1c4b-11ef-9214-42010a8e0014',278,3,'2024-05-09 19:54:01','2024-05-09 19:54:01',NULL,1),
(75,14,'cbae0d58-1c4b-11ef-9214-42010a8e0014',277,3,'2024-05-09 19:55:35','2024-05-09 20:03:32',NULL,0),
(76,14,'cbae0d58-1c4b-11ef-9214-42010a8e0014',278,3,'2024-05-09 20:03:32','2024-05-09 20:03:32',NULL,1),
(77,27,'cbae073a-1c4b-11ef-9214-42010a8e0014',277,2,'2024-05-09 20:58:34','2024-05-09 20:59:20',NULL,0),
(78,45,'cbae073a-1c4b-11ef-9214-42010a8e0014',278,3,'2024-05-09 20:59:20','2024-05-30 21:04:58',NULL,0),
(79,1,'cbae560e-1c4b-11ef-9214-42010a8e0014',21,3,'2024-05-10 00:04:02','2024-05-10 00:04:02',NULL,1),
(80,1,'cbae56cd-1c4b-11ef-9214-42010a8e0014',21,3,'2024-05-10 00:04:43','2024-05-10 00:04:43',NULL,1),
(81,1,'cbae579d-1c4b-11ef-9214-42010a8e0014',21,3,'2024-05-10 00:06:04','2024-05-10 00:06:04',NULL,1),
(82,1,'cbae586d-1c4b-11ef-9214-42010a8e0014',21,3,'2024-05-10 00:09:06','2024-05-10 00:09:06',NULL,1),
(83,46,'cbae593c-1c4b-11ef-9214-42010a8e0014',278,3,'2024-05-16 16:59:01','2024-05-16 16:59:01',NULL,1),
(84,47,'cbae5a0b-1c4b-11ef-9214-42010a8e0014',21,3,'2024-05-16 19:32:24','2024-05-16 19:32:24',NULL,1),
(85,1,'cbae5c2e-1c4b-11ef-9214-42010a8e0014',124,3,'2024-05-20 21:04:09','2024-05-20 21:04:09',NULL,1),
(86,1,'cbae5cb3-1c4b-11ef-9214-42010a8e0014',278,3,'2024-05-20 21:08:14','2024-05-20 21:08:14',NULL,1),
(87,48,'cbae5d36-1c4b-11ef-9214-42010a8e0014',5,3,'2024-05-20 22:10:27','2024-05-20 22:10:27',NULL,1),
(88,1,'cbae5dc0-1c4b-11ef-9214-42010a8e0014',3,3,'2024-05-20 22:12:17','2024-06-01 00:48:57',NULL,0),
(89,49,'cbae5e44-1c4b-11ef-9214-42010a8e0014',4,3,'2024-05-20 22:12:59','2024-05-20 22:12:59',NULL,1),
(90,1,'cbae5ec8-1c4b-11ef-9214-42010a8e0014',17,3,'2024-05-20 22:14:17','2024-06-01 00:49:06',NULL,0),
(91,50,'cbae6391-1c4b-11ef-9214-42010a8e0014',279,3,'2024-05-22 18:23:20','2024-05-22 18:23:20',NULL,1),
(92,50,'cbae644f-1c4b-11ef-9214-42010a8e0014',279,3,'2024-05-22 18:27:03','2024-05-22 18:27:03',NULL,1),
(93,50,'cbae64d0-1c4b-11ef-9214-42010a8e0014',279,3,'2024-05-22 18:28:09','2024-05-22 18:28:09',NULL,1),
(94,14,'cbae6552-1c4b-11ef-9214-42010a8e0014',279,3,'2024-05-22 18:30:01','2024-05-22 18:30:01',NULL,1),
(95,14,'cbae65d5-1c4b-11ef-9214-42010a8e0014',279,3,'2024-05-22 18:30:59','2024-05-22 18:31:00',NULL,1),
(96,14,'cbae6654-1c4b-11ef-9214-42010a8e0014',279,3,'2024-05-22 18:32:06','2024-05-22 18:32:06',NULL,1),
(97,14,'cbae66d2-1c4b-11ef-9214-42010a8e0014',279,3,'2024-05-22 18:33:47','2024-05-22 18:33:48',NULL,1),
(98,35,'cbae697f-1c4b-11ef-9214-42010a8e0014',279,3,'2024-05-23 13:20:23','2024-05-23 13:20:23',NULL,1),
(99,24,'cbae6b28-1c4b-11ef-9214-42010a8e0014',279,3,'2024-05-23 13:20:32','2024-05-23 13:20:32',NULL,1),
(100,39,'cbae6bad-1c4b-11ef-9214-42010a8e0014',279,3,'2024-05-23 14:04:30','2024-05-23 14:04:30',NULL,1),
(101,51,'cbae6c32-1c4b-11ef-9214-42010a8e0014',279,3,'2024-05-23 14:07:09','2024-05-23 14:07:09',NULL,1),
(102,43,'cbae6cb6-1c4b-11ef-9214-42010a8e0014',279,3,'2024-05-23 14:49:10','2024-05-23 14:49:10',NULL,1),
(103,20,'cbae6d3a-1c4b-11ef-9214-42010a8e0014',279,3,'2024-05-23 14:51:37','2024-05-23 14:51:37',NULL,1),
(104,1,'cbae6dbb-1c4b-11ef-9214-42010a8e0014',58,3,'2024-05-24 14:29:56','2024-05-24 19:58:03',NULL,0),
(105,44,'cbae6e59-1c4b-11ef-9214-42010a8e0014',277,3,'2024-05-24 15:47:47','2024-05-24 15:47:47',NULL,1),
(106,52,'cbae6dbb-1c4b-11ef-9214-42010a8e0014',58,3,'2024-05-24 19:58:03','2024-05-24 20:06:22',NULL,0),
(107,1,'cbae6dbb-1c4b-11ef-9214-42010a8e0014',58,3,'2024-05-24 20:06:22','2024-05-24 20:09:59',NULL,0),
(108,52,'cbae6dbb-1c4b-11ef-9214-42010a8e0014',58,3,'2024-05-24 20:09:59','2024-05-24 20:09:59',NULL,1),
(109,52,'cbae701b-1c4b-11ef-9214-42010a8e0014',129,3,'2024-05-24 20:14:17','2024-05-24 20:14:17',NULL,1),
(110,1,'cbae70ab-1c4b-11ef-9214-42010a8e0014',21,3,'2024-05-25 17:49:14','2024-05-25 17:50:39',NULL,0),
(111,1,'cbae70ab-1c4b-11ef-9214-42010a8e0014',277,3,'2024-05-25 17:50:39','2024-05-25 17:50:39',NULL,1),
(112,1,'cbae7133-1c4b-11ef-9214-42010a8e0014',277,3,'2024-05-25 17:52:00','2024-05-25 17:52:00',NULL,1),
(113,1,'cbae724b-1c4b-11ef-9214-42010a8e0014',277,3,'2024-05-25 19:39:53','2024-05-25 19:39:53',NULL,1),
(114,1,'cbae73a3-1c4b-11ef-9214-42010a8e0014',277,3,'2024-05-25 21:44:33','2024-05-25 21:44:33',NULL,1),
(115,14,'cbae75d9-1c4b-11ef-9214-42010a8e0014',21,3,'2024-05-25 21:47:40','2024-05-25 21:47:40',NULL,1),
(116,54,'cbae7db4-1c4b-11ef-9214-42010a8e0014',10,3,'2024-05-27 14:49:46','2024-05-27 22:33:56',NULL,0),
(119,36,'cbae7db4-1c4b-11ef-9214-42010a8e0014',10,3,'2024-05-27 22:33:57','2024-05-27 22:33:57',NULL,1),
(120,31,'cbae1f8a-1c4b-11ef-9214-42010a8e0014',266,1,'2024-05-27 22:38:56','2024-05-27 22:38:56',NULL,1),
(125,32,'8cec3884-8a7f-4a68-9744-2e2df0017c1e',197,2,'2024-05-28 22:07:12','2024-05-28 22:07:49',NULL,0),
(126,41,'8cec3884-8a7f-4a68-9744-2e2df0017c1e',190,3,'2024-05-28 22:07:49','2024-05-28 22:07:49',NULL,1),
(127,24,'e9342da0-c946-499e-ba0e-5c68b98da01b',277,3,'2024-05-28 22:14:10','2024-05-28 22:14:10',NULL,1),
(128,1,'ca240fcd-00cb-4bfb-8335-9826ebe12b5b',277,3,'2024-05-28 22:20:29','2024-05-28 22:20:29',NULL,1),
(129,52,'e6433700-6642-4122-a425-cdbc43fca895',156,3,'2024-05-28 22:22:44','2024-05-28 22:22:44',NULL,1),
(130,52,'384199e9-6098-416a-9a26-9657ad87fc37',218,3,'2024-05-29 12:52:45','2024-05-29 12:52:46',NULL,1),
(131,51,'884e40c2-d82b-4084-9f87-c5c13a7a4542',277,3,'2024-05-29 13:33:27','2024-05-29 13:33:27',NULL,1),
(132,44,'72403188-55c2-45fd-8c0c-f4cefc43289b',277,3,'2024-05-29 13:35:09','2024-05-29 13:35:10',NULL,1),
(133,2,'7e85ee9f-1394-4025-9fcf-2d3b7fd14222',277,3,'2024-05-29 20:41:56','2024-05-29 20:41:56',NULL,1),
(134,55,'1cca1d26-8069-453f-b86d-80b88151bf68',279,3,'2024-05-30 14:18:23','2024-05-30 14:18:23',NULL,1),
(135,25,'47c290e4-b251-4c24-bbaa-ca075c2adfff',279,3,'2024-05-30 14:18:43','2024-05-30 14:18:43',NULL,1),
(136,36,'2c9646fd-e050-489c-a823-65823093960a',279,2,'2024-05-30 14:20:12','2024-05-30 14:20:12',NULL,1),
(137,52,'86a72317-f8ab-4443-9723-77e07c7c5696',279,3,'2024-05-30 14:20:42','2024-05-30 14:20:42',NULL,1),
(138,51,'a1a890df-78db-4d07-b46f-f29508aec15f',279,3,'2024-05-30 14:24:21','2024-05-30 14:24:21',NULL,1),
(139,2,'f6ec0f9b-18da-4b9f-a050-71b802cddb0d',278,3,'2024-05-30 15:19:24','2024-05-30 15:19:25',NULL,1),
(141,27,'cbae073a-1c4b-11ef-9214-42010a8e0014',278,3,'2024-05-30 21:04:58','2024-05-30 21:04:58',NULL,1),
(142,50,'cbae4f01-1c4b-11ef-9214-42010a8e0014',21,3,'2024-05-30 22:20:13','2024-05-30 22:20:13',NULL,1),
(143,2,'8359896a-65ee-4528-b4c8-8d08db9eed92',277,3,'2024-05-30 22:54:04','2024-05-30 22:54:04',NULL,1),
(144,52,'0b5b5f29-9529-4641-9418-4860417424a7',277,3,'2024-05-30 22:55:30','2024-05-30 22:55:30',NULL,1),
(145,52,'9777dad8-ee60-49ba-a2d0-a87500206e47',6,3,'2024-05-31 18:11:34','2024-05-31 18:11:34',NULL,1),
(146,50,'cbae5dc0-1c4b-11ef-9214-42010a8e0014',3,3,'2024-06-01 00:48:57','2024-06-01 00:48:57',NULL,1),
(147,51,'cbae5ec8-1c4b-11ef-9214-42010a8e0014',17,3,'2024-06-01 00:49:06','2024-06-01 00:49:06',NULL,1),
(148,50,'cbae52c9-1c4b-11ef-9214-42010a8e0014',21,3,'2024-06-01 00:49:56','2024-06-01 00:49:56',NULL,1),
(149,52,'5357a0e2-5928-449c-828b-38e9151250e1',277,3,'2024-06-06 13:57:20','2024-06-06 13:57:20',NULL,1),
(150,50,'545f8615-9cc4-4c49-a448-a244170c86f6',21,3,'2024-06-06 14:07:12','2024-06-06 14:07:12',NULL,1),
(151,52,'8f118a39-8091-4abb-971a-9786da38d62c',278,3,'2024-06-06 14:09:08','2024-06-06 14:09:08',NULL,1),
(152,52,'126ede31-3205-42fe-bd99-ad5897c797ff',280,3,'2024-06-06 14:09:13','2024-06-06 14:09:13',NULL,1),
(153,52,'f3454c42-c040-4d00-88e6-dee6d185e23e',278,3,'2024-06-06 14:13:18','2024-06-06 14:13:18',NULL,1),
(154,25,'67db7737-403e-4cc9-aa14-e6281db07fe7',279,2,'2024-06-06 14:21:06','2024-06-06 14:21:06',NULL,1),
(155,50,'8005ea11-b060-4420-bf44-bb827929179f',21,3,'2024-06-06 14:58:56','2024-06-06 14:58:56',NULL,1),
(156,1,'fc368c60-1363-4e8c-a983-c77fd08de226',279,3,'2024-06-06 15:09:53','2024-06-06 15:09:53',NULL,1),
(157,14,'4de83546-205c-4157-9a25-b1a5ebe8ef2e',279,3,'2024-06-06 15:10:44','2024-06-06 15:10:44',NULL,1),
(158,50,'34186a12-1bea-4164-9067-89fc86a3540c',279,3,'2024-06-06 15:11:50','2024-06-06 15:11:50',NULL,1),
(159,40,'40ae1771-5924-4c83-9950-d6a4fdb8676d',279,3,'2024-06-06 15:11:51','2024-06-06 15:11:51',NULL,1),
(160,56,'090f6f72-eb8d-40a5-ae95-00108f2e5bcb',279,3,'2024-06-06 15:13:35','2024-06-06 15:13:35',NULL,1),
(161,34,'07d8c7ab-8070-4856-a72a-0c52c9ef2b45',277,3,'2024-06-07 14:22:36','2024-06-07 14:22:36',NULL,1),
(162,52,'76a818a1-507c-4710-a881-4376b9537c32',247,3,'2024-06-10 20:37:09','2024-06-10 20:37:09',NULL,1),
(163,57,'726b9183-24a4-42fd-8a32-fe35006a172d',280,3,'2024-06-17 16:17:31','2024-06-17 16:17:31',NULL,1);
/*!40000 ALTER TABLE `enrolment` ENABLE KEYS */;
UNLOCK TABLES;

--
-- Table structure for table `entity`
--

DROP TABLE IF EXISTS `entity`;
/*!40101 SET @saved_cs_client     = @@character_set_client */;
/*!40101 SET character_set_client = utf8 */;
CREATE TABLE `entity` (
  `entity_id` int NOT NULL AUTO_INCREMENT,
  `name` varchar(255) NOT NULL,
  `date_creation` datetime NOT NULL DEFAULT CURRENT_TIMESTAMP,
  `date_modification` datetime NOT NULL DEFAULT CURRENT_TIMESTAMP,
  `date_delete` datetime DEFAULT NULL,
  PRIMARY KEY (`entity_id`),
  UNIQUE KEY `name` (`name`)
) ENGINE=InnoDB DEFAULT CHARSET=utf8mb4 COLLATE=utf8mb4_0900_ai_ci;
/*!40101 SET character_set_client = @saved_cs_client */;

--
-- Dumping data for table `entity`
--

LOCK TABLES `entity` WRITE;
/*!40000 ALTER TABLE `entity` DISABLE KEYS */;
/*!40000 ALTER TABLE `entity` ENABLE KEYS */;
UNLOCK TABLES;

--
-- Table structure for table `gameplay`
--

DROP TABLE IF EXISTS `gameplay`;
/*!40101 SET @saved_cs_client     = @@character_set_client */;
/*!40101 SET character_set_client = utf8 */;
CREATE TABLE `gameplay` (
  `gameplay_id` char(36) NOT NULL DEFAULT (uuid()),
  `score` double NOT NULL,
  `error` int NOT NULL,
  `play_round` int NOT NULL,
  `minigame_id` char(255) NOT NULL,
  `enrolment_id` int NOT NULL,
  `gameplay_status_id` int DEFAULT NULL,
  `date_creation` datetime NOT NULL DEFAULT CURRENT_TIMESTAMP,
  `date_modification` datetime NOT NULL DEFAULT CURRENT_TIMESTAMP,
  `date_delete` datetime DEFAULT NULL,
  `success` int DEFAULT '0',
  `exception` int DEFAULT '0',
  `bonus` int DEFAULT '0',
  `extra_information` json DEFAULT NULL,
  PRIMARY KEY (`gameplay_id`),
  KEY `minigame_id` (`minigame_id`),
  KEY `enrolment_id` (`enrolment_id`),
  KEY `idx_enrolment_id` (`enrolment_id`),
  KEY `gameplay_status_id` (`gameplay_status_id`),
  KEY `idx_gameplay_date_delete` (`date_delete`),
  CONSTRAINT `gameplay_ibfk_1` FOREIGN KEY (`minigame_id`) REFERENCES `minigame` (`minigame_id`),
  CONSTRAINT `gameplay_ibfk_2` FOREIGN KEY (`enrolment_id`) REFERENCES `enrolment` (`enrolment_id`),
  CONSTRAINT `gameplay_ibfk_3` FOREIGN KEY (`gameplay_status_id`) REFERENCES `gameplay_status` (`gameplay_status_id`)
) ENGINE=InnoDB DEFAULT CHARSET=utf8mb4 COLLATE=utf8mb4_0900_ai_ci;
/*!40101 SET character_set_client = @saved_cs_client */;

--
-- Dumping data for table `gameplay`
--

LOCK TABLES `gameplay` WRITE;
/*!40000 ALTER TABLE `gameplay` DISABLE KEYS */;
INSERT INTO `gameplay` VALUES
('0586e22f-03c7-497a-92a5-3ae395ff0214',66.66666412353516,1,0,'T4C1A',148,1,'2024-06-18 21:46:57','2024-06-18 21:46:57',NULL,50,0,0,NULL),
('05f3b4f8-7fdd-47e0-8197-864070c1810a',33.33333206176758,3,0,'T3C3A',148,1,'2024-06-18 16:05:13','2024-06-18 16:05:13','2024-06-18 16:05:13',67,0,0,NULL),
('06ef0f67-8cd1-4e6e-8420-f7446ce96cdf',100,0,0,'T2C5E',142,1,'2024-06-02 14:10:55','2024-06-02 14:10:55',NULL,0,0,0,NULL),
('070d12aa-d081-4f18-8c9a-5080516cb11d',66.66666412353516,1,0,'T4C6E',142,1,'2024-06-16 23:50:31','2024-06-18 02:21:41','2024-06-18 02:21:41',0,0,0,NULL),
('07171c04-f410-4a82-b6b6-0600ed0a6c81',100,0,0,'T5C3A',148,1,'2024-06-15 04:48:27','2024-06-15 04:48:27',NULL,67,0,0,NULL),
('074dca66-b608-404f-958e-88d935ecf0d2',33.333335876464844,3,0,'T2C6E',142,1,'2024-06-05 16:52:26','2024-06-05 16:52:26',NULL,0,0,0,NULL),
('08528edb-59f0-415c-8cf0-0d5fd960adf9',66.66666412353516,1,0,'T2C1E',50,1,'2024-05-29 16:52:57','2024-05-29 16:52:57','2024-05-29 16:52:57',0,0,0,NULL),
('08b1eaff-d68e-4945-a3c7-5dc6b608c127',100,0,0,'T3C5E',146,1,'2024-06-06 03:59:33','2024-06-06 03:59:33',NULL,0,0,0,NULL),
('09edcfa7-317e-42b7-800f-e3a71ad9bb3c',100,0,0,'T1C1A',91,1,'2024-05-30 13:22:02','2024-05-30 13:22:02','2024-05-30 13:22:02',100,0,0,NULL),
('0c331d0e-31d5-4e0c-ab52-9ecc2cd126dc',100,0,0,'T3C2E',89,1,'2024-06-06 01:36:03','2024-06-06 01:36:03',NULL,0,0,0,NULL),
('0c47781f-5cce-4e0e-aace-e24a0d99273f',100,0,0,'T2C4A',146,1,'2024-06-06 01:07:38','2024-06-06 01:07:38',NULL,100,0,0,NULL),
('0cc473a5-b9b3-47be-b693-3cc97ecfe22b',66.66666412353516,1,0,'T4C2E',142,1,'2024-06-08 17:08:03','2024-06-08 17:12:02','2024-06-08 17:12:02',0,0,0,NULL),
('0d3b572b-ef3d-417b-bd60-19e3159bd458',33.33333206176758,3,0,'T2C6A',50,1,'2024-05-29 19:23:11','2024-05-29 19:23:11',NULL,50,0,0,NULL),
('0f5f55ce-bc08-4be8-9d34-d8f2b8cdd49d',100,0,0,'T5C2E',142,1,'2024-06-13 22:17:43','2024-06-13 22:17:43',NULL,0,0,0,NULL),
('148a4fa3-4338-42bd-8e9e-d3f6c87f6cb3',33.33333206176758,3,0,'T3C3A',53,1,'2024-05-29 16:04:33','2024-05-29 16:04:33','2024-05-29 16:04:33',67,0,0,NULL),
('15a83f7b-f8da-4673-a2d3-ab0ddcc2b490',66.66666412353516,1,0,'T3C2A',142,1,'2024-06-13 13:52:17','2024-06-13 13:52:17','2024-06-13 13:52:17',83,0,0,NULL),
('1816ef2b-744e-4f09-a827-de2a540d8faa',100,0,0,'T1C2A',89,1,'2024-06-05 14:55:06','2024-06-05 14:55:06',NULL,100,0,0,NULL),
('19f7dc3b-b53c-4575-a36b-19ab22c72e0f',33.33333206176758,3,0,'T1C6E',142,1,'2024-06-06 02:12:02','2024-06-06 02:12:02','2024-06-06 02:12:02',0,0,0,NULL),
('1a6aeee1-3746-4478-8921-588709e09fda',100,0,0,'T1C2A',95,1,'2024-06-05 20:31:09','2024-06-05 20:31:09',NULL,0,0,0,NULL),
('1b8f16c2-f9db-4da7-87f4-1dc91f26eaa7',100,0,0,'T1C3A',91,1,'2024-05-30 13:38:19','2024-05-30 13:38:19','2024-05-30 13:38:19',100,0,0,NULL),
('1ba41662-6460-4280-a365-a106bdca3119',100,0,0,'T2C3E',146,1,'2024-06-05 17:41:54','2024-06-05 17:41:54',NULL,0,0,0,NULL),
('1ba4bcbd-4b6b-4e06-9547-19f255cd564e',66.66666412353516,1,0,'T3C2A',53,1,'2024-05-29 15:09:22','2024-05-29 15:09:22','2024-05-29 15:09:22',50,0,0,NULL),
('1d4b6b9a-ae21-4997-bca9-3ed7ab47b026',66.66666412353516,1,0,'T2C2E',148,1,'2024-06-16 14:43:38','2024-06-16 14:43:38',NULL,0,0,0,NULL),
('1db01e34-4559-49d9-a962-c969c2f04457',33.33333206176758,4,0,'T1C6A',142,1,'2024-06-01 18:04:18','2024-06-04 15:34:46','2024-06-04 15:34:46',50,0,0,NULL),
('208789f9-87b4-4861-b1d2-1fff8f9bc65f',66.66666412353516,1,0,'T1C6A',78,1,'2024-05-29 23:58:19','2024-05-29 23:58:19','2024-05-29 23:58:19',83,0,0,NULL),
('21f4d6b0-d742-4986-ba62-b0cf896e29b2',33.33333206176758,3,0,'T2C1A',148,1,'2024-06-16 13:46:40','2024-06-16 13:46:40',NULL,33,0,0,NULL),
('221718cb-f9d5-40ee-b0ad-925c796fc385',66.66667175292969,1,0,'T1C6A',142,1,'2024-06-04 15:34:46','2024-06-04 15:34:46',NULL,67,0,0,NULL),
('229ba573-45fd-4dd8-9761-573358a21356',66.66667175292969,1,0,'T2C1A',142,1,'2024-06-04 15:41:38','2024-06-04 15:41:38',NULL,50,0,0,NULL),
('237cf7d1-3005-4571-80ac-8406789c4c42',100,0,0,'T1C1A',142,1,'2024-06-04 16:22:22','2024-06-04 16:22:22',NULL,100,0,0,NULL),
('248243a3-4a06-4e31-b117-b2d196f523ed',33.33333206176758,2,0,'T3C6E',142,1,'2024-06-08 22:05:35','2024-06-08 22:05:35','2024-06-08 22:05:35',0,0,0,NULL),
('24ec3a8b-fb2f-48de-a8a8-a2029ea155b5',33.33333206176758,5,0,'T4C3A',148,1,'2024-06-15 03:07:43','2024-06-17 15:17:32','2024-06-17 15:17:32',67,0,0,NULL),
('26ed7557-b3e2-4ab4-8238-35adbe631ba0',100,0,0,'T2C6A',147,1,'2024-06-05 22:47:12','2024-06-05 22:47:12',NULL,83,0,0,NULL),
('293f3704-31b4-4f3e-b1f7-65037af8a7f3',100,0,0,'T1C2E',147,1,'2024-06-05 03:25:40','2024-06-05 03:25:40',NULL,0,0,0,NULL),
('2a9903c4-0180-41dd-94d4-b65fac03dde9',100,0,0,'T2C1E',146,1,'2024-06-05 15:58:18','2024-06-05 15:58:18',NULL,0,0,0,NULL),
('2abdb307-74fa-4d2a-8a56-916ce61aacb0',33.33333206176758,3,0,'T2C4A',142,1,'2024-06-01 20:33:19','2024-06-03 23:13:29','2024-06-03 23:13:29',33,0,0,NULL),
('2b010b0a-1af8-4d5c-bf93-ca35c2536381',100,0,0,'T1C2E',95,1,'2024-06-05 20:31:09','2024-06-05 20:31:09',NULL,0,0,0,NULL),
('2b320197-9001-41bb-9cad-0afd45bcfa3a',100,0,0,'T3C4A',50,1,'2024-05-29 15:57:35','2024-05-29 15:57:35',NULL,100,0,0,NULL),
('2b33ab53-a45b-4e18-aa76-7116997bc32d',100,0,0,'T3C2A',89,1,'2024-06-06 01:39:28','2024-06-06 01:39:28',NULL,100,0,0,NULL),
('2d6d33e8-ee4f-40f8-a8a6-b9470b3135cb',100,0,0,'T1C4E',78,1,'2024-05-28 19:58:51','2024-05-28 19:58:51',NULL,0,0,0,NULL),
('2eb94bd2-a370-41dc-afe5-da5a272e55a3',100,0,0,'T4C2E',142,1,'2024-06-08 17:12:02','2024-06-08 17:12:02',NULL,0,0,0,NULL),
('2eda36fe-aa15-4e5a-8dba-bbbecccdfb82',66.66666412353516,1,0,'T3C2E',53,1,'2024-05-29 14:55:09','2024-05-29 14:55:09',NULL,0,0,0,NULL),
('2f3fcb8b-19f9-488b-a890-ea0bbb94a512',100,0,0,'T3C2A',148,1,'2024-06-16 16:19:31','2024-06-16 16:19:31',NULL,67,0,0,NULL),
('2fc0ecb6-3914-4a4f-b3e2-8765f3f90bce',100,0,0,'T3C3E',89,1,'2024-06-06 01:45:47','2024-06-06 01:45:47',NULL,0,0,0,NULL),
('31fc7c8a-7166-4bdb-a3eb-9a19f41b181d',33.33333206176758,2,0,'T1C3E',95,1,'2024-06-05 20:31:10','2024-06-05 20:31:10',NULL,0,0,0,NULL),
('3396efe5-7ee0-4bc6-9e2c-48b7ed4e4b09',100,0,0,'T1C4E',145,1,'2024-06-01 01:02:56','2024-06-01 01:02:56',NULL,0,0,0,NULL),
('35529284-cbfc-43b5-9115-e40df62facc9',66.66667175292969,1,0,'T3C5A',142,1,'2024-06-05 16:52:30','2024-06-05 16:52:30',NULL,83,0,0,NULL),
('3723c731-78ea-4459-a014-762bc39d23d6',100,0,0,'T2C4E',50,1,'2024-05-29 19:19:28','2024-05-29 19:19:28',NULL,0,0,0,NULL),
('3741afd7-045f-4236-a73e-071223d089ae',100,0,0,'T1C3E',147,1,'2024-06-05 03:34:47','2024-06-05 03:34:47',NULL,0,0,0,NULL),
('383c527c-c9c5-476c-b325-1918a6bafa12',66.66666412353516,1,0,'T2C3A',146,1,'2024-06-05 17:44:44','2024-06-05 17:51:37','2024-06-05 17:51:37',83,0,0,NULL),
('38c63469-b868-4d9c-bd4e-63c120d49203',100,0,0,'T2C1E',148,1,'2024-06-16 13:39:38','2024-06-16 13:39:38','2024-06-16 13:39:38',0,0,0,NULL),
('398baf52-a8b0-485b-b0f8-6de64b8b8856',66.66666412353516,1,0,'T3C1E',78,1,'2024-05-29 15:38:33','2024-05-29 15:38:33',NULL,0,0,0,NULL),
('3993a043-edcc-4c48-bc9b-448eb009d746',66.66666412353516,1,0,'T3C1A',78,1,'2024-05-29 15:40:14','2024-05-29 15:40:14',NULL,67,0,0,NULL),
('3a9bad04-bce1-4bed-9abf-ecb241378cc9',33.33333206176758,4,0,'T4C1E',148,1,'2024-06-18 21:23:57','2024-06-18 21:41:59','2024-06-18 21:41:59',0,0,0,NULL),
('3aa635c6-ec32-4161-ab49-ca6225875562',100,0,0,'T3C4E',50,1,'2024-05-29 15:54:49','2024-05-29 15:54:49',NULL,0,0,0,NULL),
('3af50075-2496-49f6-aae6-d804086a2446',100,0,0,'T2C3A',148,1,'2024-06-15 00:43:51','2024-06-15 00:43:51',NULL,67,0,0,NULL),
('3c178f41-2548-4e84-bf2c-ff9bbb04e19b',66.66666412353516,1,0,'T1C1E',147,1,'2024-06-05 02:31:10','2024-06-05 02:37:56','2024-06-05 02:37:56',0,0,0,NULL),
('4163ca18-2bde-470f-9197-48495d7521ee',33.33333206176758,3,0,'T5C4A',142,1,'2024-06-13 02:20:17','2024-06-13 02:20:17','2024-06-13 02:20:17',67,0,0,NULL),
('4177d8a8-8180-42ab-8d1b-039681e5f618',33.33333206176758,4,0,'T3C1A',148,1,'2024-06-16 15:59:46','2024-06-17 20:07:05','2024-06-17 20:07:05',33,0,0,NULL),
('42931108-197d-411d-84f1-f6802ff45246',66.66666412353516,1,0,'T1C6E',142,1,'2024-06-01 17:52:41','2024-06-04 15:30:09','2024-06-04 15:30:09',0,0,0,NULL),
('42bffce3-0a68-4537-9a95-7fd77e1628a4',100,0,0,'T2C4E',146,1,'2024-06-06 01:06:01','2024-06-06 01:06:01',NULL,0,0,0,NULL),
('432604a0-4179-481c-9c7d-bb2e2440f30a',33.333335876464844,3,0,'T2C6A',142,1,'2024-06-05 21:44:40','2024-06-15 18:19:23','2024-06-15 18:19:23',33,0,0,NULL),
('4406e24a-d2d9-4bbc-a903-3ba0774f5ef7',100,0,0,'T2C1E',145,1,'2024-06-06 05:20:55','2024-06-06 05:20:55',NULL,0,0,0,NULL),
('44f150aa-59cc-4093-9cc8-f06878328b72',100,0,0,'T1C1E',145,1,'2024-06-01 00:17:34','2024-06-01 00:17:34',NULL,0,0,0,NULL),
('45c371c4-358a-4cbd-b99a-92245dc3cf5b',33.333335876464844,5,0,'T2C6E',142,1,'2024-06-05 21:35:32','2024-06-05 21:35:32','2024-06-05 21:35:32',0,0,0,NULL),
('46628584-9d86-44ba-8031-849e30c8c174',33.33333206176758,3,0,'T3C5E',142,1,'2024-06-03 15:26:33','2024-06-03 15:26:33','2024-06-03 15:26:33',0,0,0,NULL),
('46e762c9-92fb-4abd-a38a-d0fef68b716c',100,0,0,'T1C4E',142,1,'2024-06-06 01:14:03','2024-06-06 01:14:03',NULL,0,0,0,NULL),
('4af930a3-ff56-450d-98c6-6534ed9947bf',100,0,0,'T2C1E',53,1,'2024-05-29 16:58:35','2024-05-29 16:58:35',NULL,0,0,0,NULL),
('4c5c94a9-1edf-4e6f-9647-0e7862f372ec',100,0,0,'T1C2E',96,1,'2024-05-30 02:21:39','2024-05-30 02:21:39',NULL,0,0,0,NULL),
('4ee5d407-b1eb-4411-8ee1-1cb745520d95',33.33333206176758,3,0,'T3C1E',148,1,'2024-06-16 15:47:27','2024-06-17 20:02:12','2024-06-17 20:02:12',0,0,0,NULL),
('515f7749-7e8b-46fb-af3b-99672c32638a',33.33333206176758,2,0,'T1C2E',95,1,'2024-05-30 13:22:59','2024-06-05 20:31:09','2024-06-05 20:31:09',0,0,0,NULL),
('52334f8f-bb6e-4e0a-8364-c1cec45dc785',66.66666412353516,1,0,'T2C1A',146,1,'2024-06-05 16:01:20','2024-06-05 16:01:20',NULL,83,0,0,NULL),
('52555c68-d9b3-4fa1-ac76-ae69612581fc',33.333335876464844,3,0,'T1C2A',87,1,'2024-06-05 18:07:15','2024-06-05 18:07:15',NULL,50,0,0,NULL),
('53f4794b-64fd-4db2-b289-752caee9b0bd',100,0,0,'T2C4E',147,1,'2024-06-05 22:00:39','2024-06-05 22:00:39',NULL,0,0,0,NULL),
('542a4123-1e24-4c52-a780-6da8f44b9c43',100,0,0,'T4C2E',148,1,'2024-06-15 01:14:19','2024-06-15 01:14:19',NULL,0,0,0,NULL),
('55016577-f865-4dc6-95c6-53b9bef40c73',33.33333206176758,3,0,'T1C1E',148,1,'2024-06-13 16:16:13','2024-06-13 16:16:13',NULL,0,0,0,NULL),
('553babc8-7ca5-46a7-a0a0-bc0339ad061c',100,0,0,'T1C3E',89,1,'2024-06-05 15:00:07','2024-06-05 15:00:07',NULL,0,0,0,NULL),
('56f8e4fe-15d4-4f83-a834-2d63d7da5007',66.66666412353516,1,0,'T1C6A',142,1,'2024-06-06 02:14:39','2024-06-06 02:14:39','2024-06-06 02:14:39',67,0,0,NULL),
('57a93fa6-1679-4fd9-9462-911af139a9ef',100,0,0,'T2C3E',142,1,'2024-06-01 00:36:29','2024-06-01 00:36:29',NULL,0,0,0,NULL),
('57e74c67-fb19-44f6-81ce-2f123281d5f6',100,0,0,'T1C1E',91,1,'2024-05-30 13:17:56','2024-05-30 13:17:56','2024-05-30 13:17:56',0,0,0,NULL),
('5843c0ad-df2b-4ec1-92f0-66d6661dfc91',33.33333206176758,3,0,'T5C3E',148,1,'2024-06-15 04:32:55','2024-06-15 04:43:02','2024-06-15 04:43:02',0,0,0,NULL),
('58ca4b5e-050c-42e1-8ff8-ef69fce1cdc9',100,0,0,'T5C5A',142,1,'2024-06-18 00:03:55','2024-06-18 00:03:55',NULL,100,0,0,NULL),
('5a1edf90-355a-4b3a-a029-d82367f13ed0',100,0,0,'T2C3A',146,1,'2024-06-05 17:51:37','2024-06-05 17:51:37',NULL,100,0,0,NULL),
('5a24f56d-f90d-4a6c-ae1c-60208886d616',100,0,0,'T1C1A',96,1,'2024-05-30 02:18:04','2024-05-30 02:18:04',NULL,100,0,0,NULL),
('5a29c05c-e7d8-44e9-91c1-27b03089ebbe',66.66666412353516,1,0,'T1C4A',145,1,'2024-06-01 01:11:28','2024-06-01 01:11:28',NULL,83,0,0,NULL),
('5a57df4f-1fb7-4b1a-baae-f62cf85f87e4',33.33333206176758,2,0,'T1C4E',95,1,'2024-06-05 20:31:10','2024-06-05 20:31:10',NULL,0,0,0,NULL),
('5a5bfdf5-af30-453b-89b5-74842c9df8d8',100,0,0,'T2C2A',142,1,'2024-06-11 01:58:37','2024-06-11 01:58:37',NULL,100,0,0,NULL),
('5aa66b1d-d316-4e4d-9434-ad43b3fd1085',100,0,0,'T2C4A',142,1,'2024-06-03 23:13:29','2024-06-03 23:13:29',NULL,67,0,0,NULL),
('5e4d6a06-3907-4907-b9e7-f25389f345a0',33.33333206176758,4,0,'T3C4E',142,1,'2024-06-03 03:49:28','2024-06-03 04:04:39','2024-06-03 04:04:39',0,0,0,NULL),
('5feb5a10-3782-438f-a044-ffd46e417457',100,0,0,'T3C1A',148,1,'2024-06-17 20:07:05','2024-06-17 20:07:05',NULL,67,0,0,NULL),
('607f2eb2-d1a7-4f94-87d6-b5bf314da7c5',33.33333206176758,4,0,'T1C5A',142,1,'2024-06-13 21:39:00','2024-06-13 21:39:00',NULL,67,0,0,NULL),
('608c8f46-e284-4514-bd6d-5e730b0f58d9',100,0,0,'T2C3E',148,1,'2024-06-18 15:38:31','2024-06-18 15:38:31',NULL,0,0,0,NULL),
('60fb3b6d-cda2-464c-bb00-0aed6447974b',33.33333206176758,2,0,'T4C1E',142,1,'2024-06-13 16:43:22','2024-06-13 16:43:22',NULL,0,0,0,NULL),
('6316df10-bfa3-47d8-8b2d-42188be1e568',33.33333206176758,3,0,'T5C4E',142,1,'2024-06-09 20:49:55','2024-06-10 22:47:57','2024-06-10 22:47:57',0,0,0,NULL),
('65700965-dec3-4941-b745-2dc7cdd99dc4',100,0,0,'T1C2E',91,1,'2024-05-30 13:26:52','2024-05-30 13:26:52','2024-05-30 13:26:52',0,0,0,NULL),
('663ae47c-68f2-4115-8760-5600f748b54b',100,0,0,'T2C5E',147,1,'2024-06-05 22:24:47','2024-06-05 22:24:47',NULL,0,0,0,NULL),
('67754c13-69ca-4fe3-a206-69a18362870b',100,0,0,'T3C5A',146,1,'2024-06-06 04:07:38','2024-06-06 04:07:38',NULL,100,0,0,NULL),
('6874e382-d519-4276-a8e0-ff4b8141fc94',100,0,0,'T1C4A',89,1,'2024-06-05 15:09:45','2024-06-05 15:09:45',NULL,100,0,0,NULL),
('69888789-9121-4b55-8d5d-9b504e9f3d8c',66.66666412353516,1,0,'T1C6A',78,1,'2024-05-29 15:34:40','2024-05-29 15:34:40',NULL,83,0,0,NULL),
('69f34a2a-387d-4437-8d09-bcf8b625d814',100,0,0,'T1C4A',142,1,'2024-06-01 16:18:40','2024-06-01 16:18:40',NULL,83,0,0,NULL),
('6a90b42e-e7c6-4b6a-a292-49a5100415fb',100,0,0,'T3C3E',142,1,'2024-06-17 16:05:22','2024-06-17 16:05:22',NULL,0,0,0,NULL),
('6a927040-50b6-400d-ab6e-13237e337fd4',100,0,0,'T1C5E',142,1,'2024-06-06 01:57:43','2024-06-06 01:57:43',NULL,0,0,0,NULL),
('6acf7eac-c751-4083-950b-397d9bd6f875',66.66667175292969,1,0,'T3C2A',142,1,'2024-06-05 16:44:26','2024-06-05 16:44:26',NULL,83,0,0,NULL),
('6c949724-f394-490b-9f5b-a2618350fd7b',100,0,0,'T2C4E',142,1,'2024-06-03 23:11:26','2024-06-03 23:11:26',NULL,0,0,0,NULL),
('6ed9bba9-1bba-44f7-a587-ed926e54d44b',100,0,0,'T3C2E',50,1,'2024-05-29 18:01:41','2024-05-29 18:01:41',NULL,0,0,0,NULL),
('6f6783e1-9a3a-4ac5-8dcc-5bca5d4851bb',100,0,0,'T2C4A',147,1,'2024-06-05 22:17:36','2024-06-05 22:17:36',NULL,100,0,0,NULL),
('70083a9a-474c-4a9a-b346-2b0c08c63334',25,0,0,'T1C1E',2,1,'2024-05-30 20:21:13','2024-05-30 20:21:13','2024-05-30 20:21:13',0,0,0,'{}'),
('724564df-8921-41de-a3c5-24e6d9410012',100,0,0,'T3C2E',142,1,'2024-06-05 16:42:09','2024-06-05 16:42:09',NULL,0,0,0,NULL),
('738ef3f6-282d-4395-ae62-e164de403330',100,0,0,'T1C5A',89,1,'2024-06-05 15:34:20','2024-06-05 15:34:20',NULL,100,0,0,NULL),
('7458b459-df56-4e0b-8abf-7939b8f0be33',100,0,0,'T3C4A',142,1,'2024-06-03 04:10:51','2024-06-03 04:10:51',NULL,67,0,0,NULL),
('74c60c5d-91b2-462c-b2ed-5cecc65239e8',33.33333206176758,2,0,'T2C1E',142,1,'2024-06-13 15:57:31','2024-06-13 15:57:31','2024-06-13 15:57:31',0,0,0,NULL),
('7508ff26-b2c2-42d3-9017-9921f43cf6dc',100,0,0,'T2C3A',50,1,'2024-05-29 16:11:01','2024-05-29 16:11:01',NULL,100,0,0,NULL),
('779fded6-2dda-4dd4-a27e-2defc8127b23',66.66666412353516,1,0,'T2C6E',50,1,'2024-05-29 19:14:07','2024-05-29 19:14:07',NULL,0,0,0,NULL),
('794ec283-8508-403c-a8fd-1e5d61c72645',100,0,0,'T1C2A',147,1,'2024-06-05 03:27:17','2024-06-05 03:27:17',NULL,100,0,0,NULL),
('794f0281-31d3-46bc-b975-752ad189ccc2',100,0,0,'T5C1A',142,1,'2024-06-10 17:23:46','2024-06-10 17:23:46',NULL,100,0,0,NULL),
('79a3549b-d538-44af-bfef-f5bdca8b4f6b',33.33333206176758,4,0,'T3C1E',89,1,'2024-06-06 01:31:07','2024-06-06 01:31:07',NULL,0,0,0,NULL),
('7a519323-7a77-412d-b86f-61c721aa6cda',66.66666412353516,1,0,'T2C5E',50,1,'2024-05-29 19:13:32','2024-05-29 19:13:32',NULL,0,0,0,NULL),
('7b12696c-523e-4add-ac0e-c704faab7643',100,0,0,'T2C1E',78,1,'2024-05-27 21:53:24','2024-05-27 21:53:24',NULL,0,0,0,NULL),
('7b5553e9-7dec-4dcf-a70e-2272b3f15ca1',100,0,0,'T2C3A',145,1,'2024-06-06 15:19:42','2024-06-06 15:19:42',NULL,100,0,0,NULL),
('7cb4d5c3-4d00-4beb-93ff-8745f11009d0',33.33333206176758,3,0,'T1C2E',148,1,'2024-06-14 01:05:33','2024-06-14 01:05:33',NULL,0,0,0,NULL),
('7de2e138-8b47-40fe-9282-1a2c5d1f3515',66.66666412353516,1,0,'T5C4E',142,1,'2024-06-10 22:47:57','2024-06-11 21:59:11','2024-06-11 21:59:11',0,0,0,NULL),
('7e2ff8fa-2e18-47f9-94b9-c95959b9cd78',33.33333206176758,3,0,'T3C6E',142,1,'2024-06-03 16:16:34','2024-06-03 16:16:34',NULL,0,0,0,NULL),
('7f4e9014-cae3-4068-a198-beb0a0e24cee',100,0,0,'T3C4A',89,1,'2024-06-06 02:18:02','2024-06-06 02:18:02',NULL,100,0,0,NULL),
('81473228-c35f-4faa-bb38-b425e8524d54',100,0,0,'T1C5E',95,1,'2024-05-30 13:40:22','2024-05-30 13:40:22',NULL,0,0,0,NULL),
('85735bcb-151f-4309-910d-6deea6c9132e',33.333335876464844,3,0,'T2C1E',142,1,'2024-06-04 15:40:15','2024-06-04 15:40:15',NULL,0,0,0,NULL),
('86913dfc-67a1-4e9b-9f7e-40ad02b39843',66.66666412353516,1,0,'T4C3A',142,1,'2024-06-13 15:44:23','2024-06-13 15:44:23',NULL,83,0,0,NULL),
('87e788af-7c03-4488-8fed-929247da20a3',100,0,0,'T5C3E',142,1,'2024-06-18 00:10:58','2024-06-18 00:10:58',NULL,0,0,0,NULL),
('88d0be05-95f9-4907-8d9c-bdf28ed1635c',100,0,0,'T1C3A',89,1,'2024-06-05 15:02:44','2024-06-05 15:02:44',NULL,100,0,0,NULL),
('8a5063b9-e92b-49fa-8ea4-99740d2c4ca1',33.33333206176758,2,0,'T5C4A',142,1,'2024-06-10 22:54:32','2024-06-10 22:54:32','2024-06-10 22:54:32',33,0,0,NULL),
('8b01e416-1c4b-11ef-9214-42010a8e0014',20,0,0,'T1C1E',3,1,'2024-04-10 21:34:29','2024-04-10 21:34:29',NULL,0,0,0,'{}'),
('8b01ee9e-1c4b-11ef-9214-42010a8e0014',20,0,0,'T1C1A',3,1,'2024-04-10 21:34:29','2024-04-10 21:34:29',NULL,0,0,0,'{}'),
('8b01efd9-1c4b-11ef-9214-42010a8e0014',20,0,0,'T1C1E',14,1,'2024-04-10 21:34:29','2024-04-10 21:34:29',NULL,0,0,0,'{}'),
('8b01f085-1c4b-11ef-9214-42010a8e0014',20,0,0,'T1C1A',14,1,'2024-04-10 21:34:29','2024-04-10 21:34:29',NULL,0,0,0,'{}'),
('8b01f224-1c4b-11ef-9214-42010a8e0014',20,0,0,'T1C1E',18,1,'2024-04-10 21:34:29','2024-04-10 21:34:29',NULL,0,0,0,'{}'),
('8b01f2c5-1c4b-11ef-9214-42010a8e0014',20,0,0,'T1C1A',18,1,'2024-04-10 21:34:29','2024-04-10 21:34:29',NULL,0,0,0,'{}'),
('8b01f361-1c4b-11ef-9214-42010a8e0014',20,0,0,'T1C1E',19,1,'2024-04-10 21:34:29','2024-04-10 21:34:29',NULL,0,0,0,'{}'),
('8b01f424-1c4b-11ef-9214-42010a8e0014',20,0,0,'T1C1A',19,1,'2024-04-10 21:34:29','2024-04-10 21:34:29',NULL,0,0,0,'{}'),
('8b01f578-1c4b-11ef-9214-42010a8e0014',20,0,0,'T1C1E',22,1,'2024-04-10 21:34:29','2024-04-10 21:34:29',NULL,0,0,0,'{}'),
('8b01f613-1c4b-11ef-9214-42010a8e0014',20,0,0,'T1C1A',22,1,'2024-04-10 21:34:29','2024-04-10 21:34:29',NULL,0,0,0,'{}'),
('8b01f6b2-1c4b-11ef-9214-42010a8e0014',20,0,0,'T1C1E',40,1,'2024-04-10 21:34:29','2024-04-10 21:34:29',NULL,0,0,0,'{}'),
('8b01f7e4-1c4b-11ef-9214-42010a8e0014',20,0,0,'T1C1A',40,1,'2024-04-10 21:34:29','2024-04-10 21:34:29',NULL,0,0,0,'{}'),
('8b01f87e-1c4b-11ef-9214-42010a8e0014',20,0,0,'T1C1E',32,1,'2024-04-10 21:34:29','2024-04-10 21:34:29',NULL,0,0,0,'{}'),
('8b01f960-1c4b-11ef-9214-42010a8e0014',20,0,0,'T1C1A',32,1,'2024-04-10 21:34:29','2024-04-10 21:34:29',NULL,0,0,0,'{}'),
('8b01fa8f-1c4b-11ef-9214-42010a8e0014',20,0,0,'T1C1E',24,1,'2024-04-15 13:24:11','2024-04-15 13:24:11',NULL,0,0,0,'{}'),
('8b01fb34-1c4b-11ef-9214-42010a8e0014',20,0,0,'T1C1A',24,1,'2024-04-15 13:24:11','2024-04-15 13:24:11',NULL,0,0,0,'{}'),
('8b01fc16-1c4b-11ef-9214-42010a8e0014',20,0,0,'T1C1E',21,1,'2024-04-15 13:24:11','2024-04-15 13:24:11',NULL,0,0,0,'{}'),
('8b01fdd9-1c4b-11ef-9214-42010a8e0014',20,0,0,'T1C1A',21,1,'2024-04-15 13:24:11','2024-04-15 13:24:11',NULL,0,0,0,'{}'),
('8b01fec9-1c4b-11ef-9214-42010a8e0014',20,0,0,'T1C1E',30,1,'2024-04-15 13:24:11','2024-04-15 13:24:11',NULL,0,0,0,'{}'),
('8b0200a9-1c4b-11ef-9214-42010a8e0014',20,0,0,'T1C1A',30,1,'2024-04-15 13:24:11','2024-04-15 13:24:11',NULL,0,0,0,'{}'),
('8b020153-1c4b-11ef-9214-42010a8e0014',20,0,0,'T1C1E',3,1,'2024-04-15 20:19:51','2024-04-15 20:19:51',NULL,0,0,0,'{}'),
('8b020442-1c4b-11ef-9214-42010a8e0014',20,0,0,'T1C1A',3,1,'2024-04-15 20:19:51','2024-04-15 20:19:51',NULL,0,0,0,'{}'),
('8b020514-1c4b-11ef-9214-42010a8e0014',20,0,0,'T1C1E',3,1,'2024-04-18 20:20:27','2024-04-18 20:20:27',NULL,0,0,0,'{}'),
('8b02064a-1c4b-11ef-9214-42010a8e0014',20,0,0,'T1C1A',3,1,'2024-04-18 20:20:27','2024-04-18 20:20:27',NULL,0,0,0,'{}'),
('8b0209aa-1c4b-11ef-9214-42010a8e0014',20,0,0,'T1C1E',3,1,'2024-04-30 20:20:59','2024-04-30 20:20:59',NULL,0,0,0,'{}'),
('8b020b5b-1c4b-11ef-9214-42010a8e0014',20,0,0,'T1C1A',3,1,'2024-04-30 20:21:00','2024-04-30 20:21:00',NULL,0,0,0,'{}'),
('8b020bf6-1c4b-11ef-9214-42010a8e0014',20,0,0,'T1C1E',14,1,'2024-04-30 20:21:16','2024-04-30 20:21:16',NULL,0,0,0,'{}'),
('8b020d25-1c4b-11ef-9214-42010a8e0014',20,0,0,'T1C1A',14,1,'2024-04-30 20:21:17','2024-04-30 20:21:17',NULL,0,0,0,'{}'),
('8b020e5c-1c4b-11ef-9214-42010a8e0014',20,0,0,'T1C1E',18,1,'2024-04-20 20:31:09','2024-04-20 20:31:09',NULL,0,0,0,'{}'),
('8b020f89-1c4b-11ef-9214-42010a8e0014',20,0,0,'T1C1A',18,1,'2024-04-20 20:31:09','2024-04-20 20:31:09',NULL,0,0,0,'{}'),
('8b0210bc-1c4b-11ef-9214-42010a8e0014',20,0,0,'T1C1E',18,1,'2024-04-30 20:31:21','2024-04-30 20:31:21',NULL,0,0,0,'{}'),
('8b0211ed-1c4b-11ef-9214-42010a8e0014',20,0,0,'T1C1A',18,1,'2024-04-30 20:31:21','2024-04-30 20:31:21',NULL,0,0,0,'{}'),
('8b0213e8-1c4b-11ef-9214-42010a8e0014',20,0,0,'T1C1E',21,1,'2024-04-30 20:31:44','2024-04-30 20:31:44',NULL,0,0,0,'{}'),
('8b021541-1c4b-11ef-9214-42010a8e0014',20,0,0,'T1C1A',21,1,'2024-04-30 20:31:44','2024-04-30 20:31:44',NULL,0,0,0,'{}'),
('8b021694-1c4b-11ef-9214-42010a8e0014',20,0,0,'T1C1E',30,1,'2024-04-21 20:31:53','2024-04-21 20:31:53',NULL,0,0,0,'{}'),
('8b0217e6-1c4b-11ef-9214-42010a8e0014',20,0,0,'T1C1A',30,1,'2024-04-21 20:31:53','2024-04-21 20:31:53',NULL,0,0,0,'{}'),
('8b021d61-1c4b-11ef-9214-42010a8e0014',20,0,0,'T1C1E',30,1,'2024-04-21 20:32:09','2024-04-21 20:32:09',NULL,0,0,0,'{}'),
('8b021e95-1c4b-11ef-9214-42010a8e0014',20,0,0,'T1C1A',30,1,'2024-04-21 20:32:09','2024-04-21 20:32:09',NULL,0,0,0,'{}'),
('8b021f2c-1c4b-11ef-9214-42010a8e0014',20,0,0,'T1C1E',30,1,'2024-04-30 20:32:25','2024-04-30 20:32:25',NULL,0,0,0,'{}'),
('8b02205c-1c4b-11ef-9214-42010a8e0014',20,0,0,'T1C1A',30,1,'2024-04-30 20:32:25','2024-04-30 20:32:25',NULL,0,0,0,'{}'),
('8b0220f4-1c4b-11ef-9214-42010a8e0014',20,0,0,'T1C1E',22,1,'2024-04-30 20:32:37','2024-04-30 20:32:37',NULL,0,0,0,'{}'),
('8b02218b-1c4b-11ef-9214-42010a8e0014',20,0,0,'T1C1A',22,1,'2024-04-30 20:32:37','2024-04-30 20:32:37',NULL,0,0,0,'{}'),
('8b02221f-1c4b-11ef-9214-42010a8e0014',100,0,0,'T1C1E',17,1,'2024-05-03 20:58:33','2024-05-03 20:58:33',NULL,0,0,0,NULL),
('8b0222b9-1c4b-11ef-9214-42010a8e0014',100,0,0,'T1C2E',17,1,'2024-05-03 21:07:19','2024-05-03 21:07:19',NULL,0,0,0,NULL),
('8b02234a-1c4b-11ef-9214-42010a8e0014',100,0,0,'T2C1E',17,1,'2024-05-04 17:31:09','2024-05-04 17:31:09',NULL,0,0,0,NULL),
('8b0223e9-1c4b-11ef-9214-42010a8e0014',33.33333206176758,3,0,'T1C2A',17,1,'2024-05-04 23:43:42','2024-05-04 23:43:42',NULL,67,0,0,NULL),
('8b022486-1c4b-11ef-9214-42010a8e0014',66.66666412353516,1,0,'T1C4E',17,1,'2024-05-05 16:47:07','2024-05-05 16:47:07',NULL,0,0,0,NULL),
('8b022518-1c4b-11ef-9214-42010a8e0014',100,0,0,'T1C5E',17,1,'2024-05-05 17:42:05','2024-05-05 17:42:05',NULL,0,0,0,NULL),
('8b022659-1c4b-11ef-9214-42010a8e0014',100,0,0,'T1C5A',17,1,'2024-05-05 17:46:56','2024-05-05 17:46:56',NULL,100,0,0,NULL),
('8b0227ab-1c4b-11ef-9214-42010a8e0014',100,0,0,'T1C6E',17,1,'2024-05-05 17:56:24','2024-05-05 17:56:24',NULL,0,0,0,NULL),
('8b022838-1c4b-11ef-9214-42010a8e0014',100,0,0,'T1C6A',17,1,'2024-05-05 17:58:19','2024-05-05 17:58:19',NULL,100,0,0,NULL),
('8b022a6f-1c4b-11ef-9214-42010a8e0014',100,0,0,'T2C4E',17,1,'2024-05-06 00:59:09','2024-05-06 00:59:09',NULL,0,0,0,NULL),
('8b022c45-1c4b-11ef-9214-42010a8e0014',100,0,0,'T1C4E',17,1,'2024-05-06 04:01:29','2024-05-06 04:01:29',NULL,0,0,0,NULL),
('8b022cde-1c4b-11ef-9214-42010a8e0014',66.66667175292969,1,0,'T1C1A',17,1,'2024-05-06 05:41:23','2024-05-06 05:41:23',NULL,117,0,0,NULL),
('8b022d71-1c4b-11ef-9214-42010a8e0014',33.33333206176758,3,0,'T1C2A',17,1,'2024-05-06 05:41:23','2024-05-06 05:41:23',NULL,67,0,0,NULL),
('8b022e9e-1c4b-11ef-9214-42010a8e0014',100,0,0,'T2C3E',17,1,'2024-05-06 05:41:23','2024-05-06 05:41:23',NULL,0,0,0,NULL),
('8b022f2e-1c4b-11ef-9214-42010a8e0014',100,0,0,'T2C2E',17,1,'2024-05-06 15:07:38','2024-05-06 15:07:38',NULL,0,0,0,NULL),
('8b022fbe-1c4b-11ef-9214-42010a8e0014',33.33333206176758,3,0,'T1C2A',17,1,'2024-05-07 14:32:36','2024-05-07 14:32:36',NULL,67,0,0,NULL),
('8b0230e1-1c4b-11ef-9214-42010a8e0014',33.33333206176758,3,0,'T1C2A',17,1,'2024-05-07 14:32:36','2024-05-07 14:32:36',NULL,67,0,0,NULL),
('8b023171-1c4b-11ef-9214-42010a8e0014',100,0,0,'T1C3E',17,1,'2024-05-07 14:32:36','2024-05-07 14:32:36',NULL,0,0,0,NULL),
('8b023200-1c4b-11ef-9214-42010a8e0014',66.66667175292969,1,0,'T2C1A',17,1,'2024-05-07 20:11:39','2024-05-07 20:11:39',NULL,0,0,0,NULL),
('8b023326-1c4b-11ef-9214-42010a8e0014',100,0,0,'T1C3A',17,1,'2024-05-07 22:51:26','2024-05-07 22:51:26',NULL,100,0,0,NULL),
('8b0233bc-1c4b-11ef-9214-42010a8e0014',66.66667175292969,1,0,'T1C1A',17,1,'2024-05-08 05:21:43','2024-05-08 05:21:43',NULL,117,0,0,NULL),
('8b0234e3-1c4b-11ef-9214-42010a8e0014',33.33333206176758,3,0,'T1C2A',17,1,'2024-05-08 05:21:43','2024-05-08 05:21:43',NULL,67,0,0,NULL),
('8b023572-1c4b-11ef-9214-42010a8e0014',66.66667175292969,1,0,'T1C1A',17,1,'2024-05-08 05:21:44','2024-05-08 05:21:44',NULL,117,0,0,NULL),
('8b023698-1c4b-11ef-9214-42010a8e0014',33.33333206176758,3,0,'T1C2A',17,1,'2024-05-08 05:21:44','2024-05-08 05:21:44',NULL,67,0,0,NULL),
('8b023727-1c4b-11ef-9214-42010a8e0014',100,0,0,'T1C1E',50,1,'2024-05-08 14:35:48','2024-05-08 14:35:48',NULL,0,0,0,NULL),
('8b02384f-1c4b-11ef-9214-42010a8e0014',100,0,0,'T1C2E',50,1,'2024-05-08 14:36:49','2024-05-08 14:36:49',NULL,0,0,0,NULL),
('8b0238de-1c4b-11ef-9214-42010a8e0014',100,0,0,'T1C3E',50,1,'2024-05-08 14:37:36','2024-05-08 14:37:36',NULL,0,0,0,NULL),
('8b023a03-1c4b-11ef-9214-42010a8e0014',100,0,0,'T1C2A',50,1,'2024-05-08 15:29:15','2024-05-08 15:29:15',NULL,0,0,0,NULL),
('8b023b29-1c4b-11ef-9214-42010a8e0014',100,0,0,'T1C1A',50,1,'2024-05-08 15:38:42','2024-05-08 15:38:42',NULL,0,0,0,NULL),
('8b023c50-1c4b-11ef-9214-42010a8e0014',100,0,0,'T2C2A',17,1,'2024-05-08 18:31:47','2024-05-08 18:31:47',NULL,0,0,0,NULL),
('8b023d78-1c4b-11ef-9214-42010a8e0014',33.33333206176758,2,0,'T1C1E',53,1,'2024-05-09 13:16:23','2024-05-09 13:16:23',NULL,0,0,0,NULL),
('8b023e9e-1c4b-11ef-9214-42010a8e0014',100,0,0,'T1C1A',53,1,'2024-05-09 13:17:25','2024-05-09 13:17:25',NULL,67,0,0,NULL),
('8b02a2f1-1c4b-11ef-9214-42010a8e0014',100,0,0,'T1C2E',53,1,'2024-05-09 13:24:57','2024-05-09 13:24:57',NULL,0,0,0,NULL),
('8b02a5aa-1c4b-11ef-9214-42010a8e0014',100,0,0,'T1C2A',53,1,'2024-05-09 13:25:58','2024-05-09 13:25:58',NULL,100,0,0,NULL),
('8b02a723-1c4b-11ef-9214-42010a8e0014',100,0,0,'T1C3E',53,1,'2024-05-09 13:52:05','2024-05-09 13:52:05',NULL,0,0,0,NULL),
('8b02a885-1c4b-11ef-9214-42010a8e0014',66.66666412353516,1,0,'T1C4E',53,1,'2024-05-09 14:23:48','2024-05-09 14:23:48',NULL,0,0,0,NULL),
('8b02ab9a-1c4b-11ef-9214-42010a8e0014',100,0,0,'T2C2E',50,1,'2024-05-09 15:26:10','2024-05-09 15:26:10',NULL,0,0,0,NULL),
('8b02ac3a-1c4b-11ef-9214-42010a8e0014',66.66666412353516,1,0,'T2C2A',50,1,'2024-05-09 15:26:10','2024-05-09 15:26:10',NULL,0,0,0,NULL),
('8b02acd0-1c4b-11ef-9214-42010a8e0014',100,0,0,'T2C3E',50,1,'2024-05-09 15:26:10','2024-05-09 15:26:10',NULL,0,0,0,NULL),
('8b02ad66-1c4b-11ef-9214-42010a8e0014',100,0,0,'T2C2E',53,1,'2024-05-09 15:39:11','2024-05-09 15:39:11',NULL,0,0,0,NULL),
('8b02adf8-1c4b-11ef-9214-42010a8e0014',100,0,0,'T1C5E',53,1,'2024-05-09 16:07:28','2024-05-09 16:07:28',NULL,0,0,0,NULL),
('8b02ae89-1c4b-11ef-9214-42010a8e0014',100,0,0,'T1C6E',53,1,'2024-05-09 16:39:24','2024-05-09 16:39:24',NULL,0,0,0,NULL),
('8b02af1b-1c4b-11ef-9214-42010a8e0014',100,0,0,'T1C6E',50,1,'2024-05-09 18:14:09','2024-05-09 18:14:09',NULL,0,0,0,NULL),
('8b02afae-1c4b-11ef-9214-42010a8e0014',100,0,0,'T1C5E',50,1,'2024-05-12 21:38:09','2024-05-12 21:38:09',NULL,0,0,0,NULL),
('8b02b043-1c4b-11ef-9214-42010a8e0014',39,0,0,'T1C1E',2,1,'2024-05-15 15:25:30','2024-05-15 15:25:30',NULL,0,0,0,'{}'),
('8b02b0ee-1c4b-11ef-9214-42010a8e0014',39,0,0,'T2C1E',2,1,'2024-05-15 15:25:53','2024-05-15 15:25:53',NULL,0,0,0,'{}'),
('8b02b1b1-1c4b-11ef-9214-42010a8e0014',39,0,0,'T2C1E',2,1,'2024-05-15 15:26:53','2024-05-15 15:26:53',NULL,0,0,0,'{}'),
('8b02b24a-1c4b-11ef-9214-42010a8e0014',100,0,0,'T1C6A',50,1,'2024-05-17 16:05:43','2024-05-17 16:05:43',NULL,100,0,0,NULL),
('8b02b2df-1c4b-11ef-9214-42010a8e0014',100,0,0,'T1C3A',50,1,'2024-05-17 16:29:31','2024-05-17 16:29:31',NULL,100,0,0,NULL),
('8b02b37c-1c4b-11ef-9214-42010a8e0014',100,0,0,'T1C5A',50,1,'2024-05-17 16:37:06','2024-05-17 16:37:06',NULL,100,0,0,NULL),
('8b02b41f-1c4b-11ef-9214-42010a8e0014',100,0,0,'T1C3A',50,1,'2024-05-17 16:45:16','2024-05-17 16:45:16','2024-05-17 16:45:16',100,0,0,NULL),
('8b02b4bf-1c4b-11ef-9214-42010a8e0014',66.66666412353516,1,0,'T1C4E',50,1,'2024-05-17 16:45:24','2024-05-29 16:02:10','2024-05-29 16:02:10',0,0,0,NULL),
('8b02b553-1c4b-11ef-9214-42010a8e0014',100,0,0,'T1C5A',50,1,'2024-05-17 16:46:42','2024-05-17 16:46:42','2024-05-17 16:46:42',100,0,0,NULL),
('8b02b6b2-1c4b-11ef-9214-42010a8e0014',100,0,0,'T1C4A',50,1,'2024-05-17 16:48:10','2024-05-17 16:48:10',NULL,83,0,0,NULL),
('8b02b744-1c4b-11ef-9214-42010a8e0014',100,0,0,'T1C1E',78,1,'2024-05-17 21:21:01','2024-05-17 21:21:01',NULL,0,0,0,NULL),
('8b02b7f8-1c4b-11ef-9214-42010a8e0014',100,0,0,'T1C1E',50,1,'2024-05-21 05:35:52','2024-05-21 05:35:52','2024-05-21 05:35:52',0,0,0,NULL),
('8b02b927-1c4b-11ef-9214-42010a8e0014',100,0,0,'T1C2E',50,1,'2024-05-21 05:35:52','2024-05-21 05:35:52','2024-05-21 05:35:52',0,0,0,NULL),
('8b02b9bc-1c4b-11ef-9214-42010a8e0014',100,0,0,'T1C3E',50,1,'2024-05-21 05:35:52','2024-05-21 05:35:52','2024-05-21 05:35:52',0,0,0,NULL),
('8b02baff-1c4b-11ef-9214-42010a8e0014',33.33333206176758,4,0,'T3C1E',53,1,'2024-05-21 16:56:17','2024-05-22 20:04:41','2024-05-22 20:04:41',0,0,0,NULL),
('8b02bc3d-1c4b-11ef-9214-42010a8e0014',33.33333206176758,2,0,'T3C2E',53,1,'2024-05-21 20:57:09','2024-05-29 14:55:09','2024-05-29 14:55:09',0,0,0,NULL),
('8b02bcd1-1c4b-11ef-9214-42010a8e0014',66.66666412353516,1,0,'T3C2A',53,1,'2024-05-21 21:18:07','2024-05-21 21:18:07',NULL,50,0,0,NULL),
('8b02bd64-1c4b-11ef-9214-42010a8e0014',100,0,0,'T3C3E',53,1,'2024-05-21 21:31:05','2024-05-21 21:31:05',NULL,0,0,0,NULL),
('8b02be94-1c4b-11ef-9214-42010a8e0014',33.33333206176758,5,0,'T3C3A',53,1,'2024-05-21 21:41:08','2024-05-21 21:41:08',NULL,67,0,0,NULL),
('8b02bfa9-1c4b-11ef-9214-42010a8e0014',33.33333206176758,2,0,'T2C1E',50,1,'2024-05-21 22:41:47','2024-05-26 22:45:39','2024-05-26 22:45:39',0,0,0,NULL),
('8b02c0e0-1c4b-11ef-9214-42010a8e0014',66.66666412353516,1,0,'T2C1A',50,1,'2024-05-21 22:44:14','2024-05-26 22:46:35','2024-05-26 22:46:35',50,0,0,NULL),
('8b02c17b-1c4b-11ef-9214-42010a8e0014',33.33333206176758,3,0,'T3C1E',53,1,'2024-05-22 19:49:42','2024-05-22 19:49:42','2024-05-22 19:49:42',0,0,0,NULL),
('8b02c2a8-1c4b-11ef-9214-42010a8e0014',66.66666412353516,1,0,'T3C1E',53,1,'2024-05-22 20:04:41','2024-05-22 20:04:41',NULL,0,0,0,NULL),
('8b02c339-1c4b-11ef-9214-42010a8e0014',100,0,0,'T3C1A',53,1,'2024-05-22 20:06:03','2024-05-22 20:06:03',NULL,67,0,0,NULL),
('8b02c47e-1c4b-11ef-9214-42010a8e0014',100,0,0,'T1C1E',50,1,'2024-05-22 21:05:20','2024-05-22 21:05:20','2024-05-22 21:05:20',0,0,0,NULL),
('8b02c5df-1c4b-11ef-9214-42010a8e0014',100,0,0,'T1C2E',50,1,'2024-05-22 21:05:20','2024-05-22 21:05:20','2024-05-22 21:05:20',0,0,0,NULL),
('8b02c71d-1c4b-11ef-9214-42010a8e0014',100,0,0,'T1C3E',50,1,'2024-05-22 21:05:20','2024-05-22 21:05:20','2024-05-22 21:05:20',0,0,0,NULL),
('8b02c854-1c4b-11ef-9214-42010a8e0014',100,0,0,'T1C1E',97,1,'2024-05-22 21:23:09','2024-05-22 21:23:09',NULL,0,0,0,NULL),
('8b02c985-1c4b-11ef-9214-42010a8e0014',100,0,0,'T1C1A',97,1,'2024-05-22 21:24:00','2024-05-22 21:24:00',NULL,100,0,0,NULL),
('8b02cab6-1c4b-11ef-9214-42010a8e0014',33.33333206176758,2,0,'T1C2E',97,1,'2024-05-22 21:28:25','2024-05-22 21:28:25',NULL,0,0,0,NULL),
('8b02cbe6-1c4b-11ef-9214-42010a8e0014',66.66666412353516,1,0,'T1C2A',97,1,'2024-05-22 21:30:08','2024-05-22 21:30:08',NULL,50,0,0,NULL),
('8b02cd15-1c4b-11ef-9214-42010a8e0014',100,0,0,'T1C3E',97,1,'2024-05-22 21:41:30','2024-05-22 21:41:30',NULL,0,0,0,NULL),
('8b032e64-1c4b-11ef-9214-42010a8e0014',100,0,0,'T1C3A',97,1,'2024-05-22 21:43:08','2024-05-22 21:43:08',NULL,100,0,0,NULL),
('8b03321c-1c4b-11ef-9214-42010a8e0014',33.33333206176758,2,0,'T1C4E',97,1,'2024-05-22 21:48:08','2024-05-23 04:03:01','2024-05-23 04:03:01',0,0,0,NULL),
('8b03341b-1c4b-11ef-9214-42010a8e0014',100,0,0,'T1C5E',97,1,'2024-05-22 21:53:40','2024-05-22 21:53:40',NULL,0,0,0,NULL),
('8b0335d4-1c4b-11ef-9214-42010a8e0014',100,0,0,'T1C5A',97,1,'2024-05-22 21:55:44','2024-05-22 21:55:44',NULL,100,0,0,NULL),
('8b0338dc-1c4b-11ef-9214-42010a8e0014',100,0,0,'T1C4E',97,1,'2024-05-23 04:03:01','2024-05-23 04:03:01',NULL,0,0,0,NULL),
('8b033991-1c4b-11ef-9214-42010a8e0014',66.66666412353516,1,0,'T1C4A',97,1,'2024-05-23 04:06:09','2024-05-23 04:06:09',NULL,50,0,0,NULL),
('8b033bac-1c4b-11ef-9214-42010a8e0014',100,0,0,'T1C6E',97,1,'2024-05-23 04:08:42','2024-05-23 04:08:42',NULL,0,0,0,NULL),
('8b033ca5-1c4b-11ef-9214-42010a8e0014',100,0,0,'T1C6A',97,1,'2024-05-23 04:09:47','2024-05-23 04:09:47',NULL,100,0,0,NULL),
('8b033d5a-1c4b-11ef-9214-42010a8e0014',100,0,0,'T1C1E',91,1,'2024-05-23 13:30:45','2024-05-23 13:30:45',NULL,0,0,0,NULL),
('8b034606-1c4b-11ef-9214-42010a8e0014',100,0,0,'T1C1A',91,1,'2024-05-23 13:32:27','2024-05-23 13:32:27',NULL,100,0,0,NULL),
('8b03473f-1c4b-11ef-9214-42010a8e0014',100,0,0,'T1C2E',91,1,'2024-05-23 13:35:34','2024-05-23 13:35:34',NULL,0,0,0,NULL),
('8b034805-1c4b-11ef-9214-42010a8e0014',66.66666412353516,1,0,'T1C2A',91,1,'2024-05-23 13:38:01','2024-05-23 14:07:39','2024-05-23 14:07:39',83,0,0,NULL),
('8b0348c7-1c4b-11ef-9214-42010a8e0014',100,0,0,'T1C2E',91,1,'2024-05-23 13:47:57','2024-05-23 13:47:57','2024-05-23 13:47:57',0,0,0,NULL),
('8b034975-1c4b-11ef-9214-42010a8e0014',100,0,0,'T1C3E',91,1,'2024-05-23 13:52:39','2024-05-23 13:52:39',NULL,0,0,0,NULL),
('8b034a26-1c4b-11ef-9214-42010a8e0014',100,0,0,'T1C3E',91,1,'2024-05-23 13:53:39','2024-05-23 13:53:39','2024-05-23 13:53:39',0,0,0,NULL),
('8b034acc-1c4b-11ef-9214-42010a8e0014',33.33333206176758,2,0,'T1C2A',91,1,'2024-05-23 13:53:57','2024-05-23 13:53:57','2024-05-23 13:53:57',67,0,0,NULL),
('8b034b77-1c4b-11ef-9214-42010a8e0014',100,0,0,'T1C3A',91,1,'2024-05-23 13:56:14','2024-05-23 13:56:14',NULL,100,0,0,NULL),
('8b034c19-1c4b-11ef-9214-42010a8e0014',33.33333206176758,3,0,'T1C3A',91,1,'2024-05-23 14:03:46','2024-05-23 14:03:46','2024-05-23 14:03:46',67,0,0,NULL),
('8b034cb9-1c4b-11ef-9214-42010a8e0014',100,0,0,'T1C2A',91,1,'2024-05-23 14:07:39','2024-05-23 14:07:39',NULL,100,0,0,NULL),
('8b034d7e-1c4b-11ef-9214-42010a8e0014',100,0,0,'T1C4E',91,1,'2024-05-23 14:17:57','2024-05-23 14:17:57',NULL,0,0,0,NULL),
('8b03525d-1c4b-11ef-9214-42010a8e0014',66.66666412353516,1,0,'T1C4E',91,1,'2024-05-23 14:19:13','2024-05-23 14:19:13','2024-05-23 14:19:13',0,0,0,NULL),
('8b03530b-1c4b-11ef-9214-42010a8e0014',100,0,0,'T1C4A',91,1,'2024-05-23 14:20:42','2024-05-23 14:20:42',NULL,83,0,0,NULL),
('8b0353a5-1c4b-11ef-9214-42010a8e0014',33.33333206176758,2,0,'T1C6E',91,1,'2024-05-23 14:29:48','2024-05-23 14:29:48',NULL,0,0,0,NULL),
('8b035530-1c4b-11ef-9214-42010a8e0014',100,0,0,'T1C4A',91,1,'2024-05-23 14:32:16','2024-05-23 14:32:16','2024-05-23 14:32:16',100,0,0,NULL),
('8b0355cb-1c4b-11ef-9214-42010a8e0014',66.66666412353516,1,0,'T1C6A',91,1,'2024-05-23 14:33:37','2024-05-23 14:33:37',NULL,50,0,0,NULL),
('8b035663-1c4b-11ef-9214-42010a8e0014',100,0,0,'T1C5E',91,1,'2024-05-23 14:37:37','2024-05-23 14:37:37',NULL,0,0,0,NULL),
('8b0357dc-1c4b-11ef-9214-42010a8e0014',100,0,0,'T1C5E',91,1,'2024-05-23 14:38:01','2024-05-23 14:38:01','2024-05-23 14:38:01',0,0,0,NULL),
('8b035880-1c4b-11ef-9214-42010a8e0014',100,0,0,'T1C5A',91,1,'2024-05-23 14:41:56','2024-05-23 14:41:56',NULL,100,0,0,NULL),
('8b035b2a-1c4b-11ef-9214-42010a8e0014',66.66666412353516,1,0,'T1C5A',91,1,'2024-05-23 14:43:11','2024-05-23 14:43:11','2024-05-23 14:43:11',83,0,0,NULL),
('8b035bea-1c4b-11ef-9214-42010a8e0014',100,0,0,'T2C3E',78,1,'2024-05-24 20:40:14','2024-05-24 20:40:14',NULL,0,0,0,NULL),
('8b035d4b-1c4b-11ef-9214-42010a8e0014',100,0,0,'T2C5E',78,1,'2024-05-24 21:35:46','2024-05-24 21:35:46',NULL,0,0,0,NULL),
('8b035de0-1c4b-11ef-9214-42010a8e0014',100,0,0,'T1C5E',78,1,'2024-05-24 22:05:58','2024-05-24 22:05:58',NULL,0,0,0,NULL),
('8b035f2c-1c4b-11ef-9214-42010a8e0014',100,0,0,'T1C5A',78,1,'2024-05-24 22:09:14','2024-05-24 22:09:14',NULL,100,0,0,NULL),
('8b036047-1c4b-11ef-9214-42010a8e0014',33.33333206176758,2,0,'T1C3E',78,1,'2024-05-25 15:42:47','2024-05-25 15:51:08','2024-05-25 15:51:08',0,0,0,NULL),
('8b0369ba-1c4b-11ef-9214-42010a8e0014',100,0,0,'T1C3E',78,1,'2024-05-25 15:51:08','2024-05-25 15:51:08',NULL,0,0,0,NULL),
('8b036d1c-1c4b-11ef-9214-42010a8e0014',33.33333206176758,2,0,'T1C1A',78,1,'2024-05-25 16:14:39','2024-05-25 16:14:39',NULL,67,0,0,NULL),
('8b036f13-1c4b-11ef-9214-42010a8e0014',66.66667175292969,1,0,'T2C1E',50,1,'2024-05-26 22:45:39','2024-05-26 22:45:39',NULL,0,0,0,NULL),
('8b037063-1c4b-11ef-9214-42010a8e0014',100,0,0,'T2C1A',50,1,'2024-05-26 22:46:35','2024-05-26 22:46:35',NULL,67,0,0,NULL),
('8b0371bb-1c4b-11ef-9214-42010a8e0014',33.33333206176758,3,0,'T3C3E',79,1,'2024-05-27 15:50:58','2024-05-27 15:50:58',NULL,0,0,0,NULL),
('8b0e3f56-2676-43a6-8890-365069303d45',33.33333206176758,2,0,'T5C2E',142,1,'2024-06-13 22:05:06','2024-06-13 22:17:43','2024-06-13 22:17:43',0,0,0,NULL),
('8ceb4429-383c-43b5-b0ac-1ff055dd92a1',33.33333206176758,3,0,'T1C2A',148,1,'2024-06-14 01:19:12','2024-06-14 01:19:12',NULL,33,0,0,NULL),
('8d2fe856-db59-4e05-a758-6775b76c76eb',100,0,0,'T2C3E',145,1,'2024-06-06 15:17:01','2024-06-06 15:17:01',NULL,0,0,0,NULL),
('8f03ea1b-9e6f-4efc-8e48-c092b1e44607',100,0,0,'T3C3E',148,1,'2024-06-15 00:52:08','2024-06-15 00:52:08',NULL,0,0,0,NULL),
('90dc53ec-6c82-436f-bad9-b2ab0894241b',100,0,0,'T4C6E',142,1,'2024-06-18 02:21:41','2024-06-18 02:21:41',NULL,0,0,0,NULL),
('9207c218-a749-49a2-82dd-ca02c8163a13',100,0,0,'T5C5E',142,1,'2024-06-09 21:19:36','2024-06-09 21:19:36',NULL,0,0,0,NULL),
('923c9998-abe0-4710-96ed-10b8b234cb7d',100,0,0,'T3C4E',89,1,'2024-06-06 02:14:19','2024-06-06 02:14:19',NULL,0,0,0,NULL),
('92724f93-70d9-4890-a38c-8328f73ec8e3',100,0,0,'T5C6E',142,1,'2024-06-13 22:16:43','2024-06-13 22:16:43',NULL,0,0,0,NULL),
('92af505f-34e5-4e24-8b04-30b3f2779a85',100,0,0,'T1C2A',142,1,'2024-06-01 00:34:35','2024-06-01 00:34:35',NULL,100,0,0,NULL),
('92efd9e9-9657-43d4-a5e5-1005b5420433',33.33333206176758,3,0,'T2C1E',148,1,'2024-06-16 13:31:39','2024-06-16 13:34:13','2024-06-16 13:34:13',0,0,0,NULL),
('941a168a-a6df-45b4-be13-63c21586386c',100,0,0,'T3C1A',89,1,'2024-06-06 01:32:30','2024-06-06 01:32:30',NULL,67,0,0,NULL),
('94c0e94f-1850-4584-a60f-ac59c1a79b8b',66.66666412353516,1,0,'T3C1E',142,1,'2024-06-07 15:19:48','2024-06-07 15:19:48',NULL,0,0,0,NULL),
('95e493ce-977a-4496-9258-119eca96b532',33.33333206176758,2,0,'T3C3A',89,1,'2024-06-06 02:08:46','2024-06-06 02:08:46',NULL,67,0,0,NULL),
('96d66c68-c9cd-4ccd-89e0-4957b9c98c6c',66.66666412353516,1,0,'T4C1A',142,1,'2024-06-13 16:49:36','2024-06-13 16:49:36',NULL,50,0,0,NULL),
('96f2790f-e527-45fd-a19a-58ceab3f0791',100,0,0,'T1C6E',146,1,'2024-06-06 07:44:05','2024-06-06 07:44:05',NULL,0,0,0,NULL),
('98596f28-c883-45be-bf2f-dfab6a726863',33.33333206176758,3,0,'T2C2E',148,1,'2024-06-16 14:00:38','2024-06-16 14:00:38','2024-06-16 14:00:38',0,0,0,NULL),
('98ec6c76-5c6d-4f0d-8d62-9e177dcf443a',33.33333206176758,5,0,'T4C2A',148,1,'2024-06-18 22:13:25','2024-06-18 22:13:25',NULL,67,0,0,NULL),
('9a26557e-3a3f-41c2-98dc-145a38db44fc',100,0,0,'T5C6A',142,1,'2024-06-13 22:20:52','2024-06-13 22:20:52',NULL,100,0,0,NULL),
('9acf69d9-f105-4755-a106-864312dbc20a',100,0,0,'T1C4A',78,1,'2024-05-29 16:55:13','2024-05-29 16:55:13',NULL,100,0,0,NULL),
('9bf4d464-9039-4f5f-8212-fd2dac4ba1dc',66.66666412353516,1,0,'T3C1A',142,1,'2024-06-07 15:22:55','2024-06-07 15:22:55',NULL,67,0,0,NULL),
('9c379d0b-9db0-465a-827e-5361f22c534e',33.33333206176758,3,0,'T1C3E',148,1,'2024-06-14 23:12:00','2024-06-14 23:12:00',NULL,0,0,0,NULL),
('9de50567-b396-4743-9355-64e5825a7447',100,0,0,'T1C4A',147,1,'2024-06-05 03:51:39','2024-06-05 03:51:39',NULL,100,0,0,NULL),
('9e4d3192-bb88-4548-a919-31108e638f9c',100,0,0,'T2C2E',146,1,'2024-06-05 17:59:14','2024-06-05 17:59:14',NULL,0,0,0,NULL),
('9f08192f-2ae9-4fa8-9f61-96185540d4e5',33.33333206176758,2,0,'T3C2A',50,1,'2024-05-29 18:11:25','2024-05-29 18:11:25',NULL,67,0,0,NULL),
('9f8a1b67-7afd-4262-b952-58896d759a91',100,0,0,'T4C1E',148,1,'2024-06-18 21:41:59','2024-06-18 21:41:59',NULL,0,0,0,NULL),
('9fc78ec7-20c3-450c-9fb6-f4f6319d8c23',100,0,0,'T3C2E',148,1,'2024-06-16 16:27:54','2024-06-16 16:27:54','2024-06-16 16:27:54',0,0,0,NULL),
('a00be0dc-fed9-418d-9281-b7d00ebdcaa0',100,0,0,'T2C6A',142,1,'2024-06-15 18:19:23','2024-06-15 18:19:23',NULL,67,0,0,NULL),
('a1916d1d-8b1c-467e-ac50-462790e5b1e2',33.33333206176758,2,0,'T1C3A',147,1,'2024-06-05 03:40:42','2024-06-05 03:40:42',NULL,67,0,0,NULL),
('a35ef0b0-e18f-42be-b1ed-671eb06f9ea2',100,0,0,'T1C1E',142,1,'2024-06-01 00:25:02','2024-06-01 00:25:02',NULL,0,0,0,NULL),
('a4d16c04-0f31-49b9-a1e9-47c10c2126bf',33.33333206176758,3,0,'T5C4A',142,1,'2024-06-09 21:09:01','2024-06-09 21:09:01',NULL,33,0,0,NULL),
('a5bc53e0-7510-4b11-8d5a-013de312efbf',100,0,0,'T2C1E',148,1,'2024-06-16 13:34:13','2024-06-16 13:34:13',NULL,0,0,0,NULL),
('a8761b1b-c729-4388-b431-39d46a706c95',100,0,0,'T1C2E',142,1,'2024-06-01 00:33:28','2024-06-01 00:33:28',NULL,0,0,0,NULL),
('a9b66b2b-8b7c-4fb8-9027-c10758ae61bb',33.33333206176758,2,0,'T2C6E',142,1,'2024-06-03 02:43:40','2024-06-05 16:52:26','2024-06-05 16:52:26',0,0,0,NULL),
('a9c73782-ff05-4097-81ce-fc9388e34fba',100,0,0,'T2C2A',148,1,'2024-06-16 15:03:23','2024-06-16 15:03:23',NULL,83,0,0,NULL),
('ab89e278-44ea-493f-aebc-66421f3587ef',100,0,0,'T1C4E',89,1,'2024-06-05 15:06:08','2024-06-05 15:06:08',NULL,0,0,0,NULL),
('ad37e3ba-f03e-43d9-8e9d-d01bb10f181d',100,0,0,'T1C6E',78,1,'2024-05-27 22:14:43','2024-05-27 22:14:43',NULL,0,0,0,NULL),
('ad5e6d2d-9f36-492f-bd47-4222a9afcaed',33.33333206176758,3,0,'T1C5E',142,1,'2024-06-06 01:49:44','2024-06-06 01:57:43','2024-06-06 01:57:43',0,0,0,NULL),
('ad817f9a-f410-4215-a424-175d1bd11cec',100,0,0,'T1C1E',96,1,'2024-05-30 02:15:04','2024-05-30 02:15:04',NULL,0,0,0,NULL),
('ade96376-590b-4947-b3ea-7f9977b84891',33.33333206176758,2,0,'T1C2A',95,1,'2024-05-30 13:26:40','2024-06-05 20:31:09','2024-06-05 20:31:09',33,0,0,NULL),
('aeff4d2b-7708-42e3-95f1-95c464e761c8',66.66666412353516,1,0,'T2C1A',142,1,'2024-06-13 15:58:57','2024-06-13 15:58:57','2024-06-13 15:58:57',50,0,0,NULL),
('af4d9424-caa8-4f28-a762-eb000c068d05',100,0,0,'T5C4E',142,1,'2024-06-11 21:59:11','2024-06-11 21:59:11',NULL,0,0,0,NULL),
('af9d1df4-5811-47a8-9bcc-686bd947d8ba',100,0,0,'T3C1E',148,1,'2024-06-17 20:02:12','2024-06-17 20:02:12',NULL,0,0,0,NULL),
('afa3673d-987e-46e7-8abe-4d315a534cbd',100,0,0,'T5C1E',148,1,'2024-06-15 03:51:30','2024-06-15 03:51:30',NULL,0,0,0,NULL),
('b07644bd-24c0-495d-a975-daebfe741568',100,0,0,'T4C3E',142,1,'2024-06-13 15:42:23','2024-06-13 15:42:23',NULL,0,0,0,NULL),
('b08b383f-2ab1-4c88-928c-c0eb58e70d89',33.33333206176758,3,0,'T3C3A',148,1,'2024-06-16 16:59:57','2024-06-16 16:59:57',NULL,67,0,0,NULL),
('b330bf85-0342-4518-b5bd-e82acde9a5be',66.66667175292969,1,0,'T1C5E',87,1,'2024-06-07 14:04:44','2024-06-07 14:04:44',NULL,0,0,0,NULL),
('b470a095-5879-4a7c-936e-bd142a82dad5',33.33333206176758,3,0,'T1C1A',148,1,'2024-06-13 21:24:28','2024-06-13 21:24:28',NULL,33,0,0,NULL),
('b7635c16-fbb1-4fec-935e-125470a8a3cf',33.33333206176758,3,0,'T2C4E',142,1,'2024-06-03 22:53:42','2024-06-03 22:53:42','2024-06-03 22:53:42',0,0,0,NULL),
('b7bb56a3-67ac-4818-bc8f-46e982921107',33.33333206176758,7,0,'T5C1A',148,1,'2024-06-15 03:46:41','2024-06-15 03:46:41',NULL,33,0,0,NULL),
('ba62d85c-b42b-4b71-8f5e-d7c439328fdc',100,0,0,'T4C3A',148,1,'2024-06-17 15:17:32','2024-06-17 15:17:32',NULL,100,0,0,NULL),
('ba8592ed-fb18-480e-aaac-99084a8443f8',100,0,0,'T3C6E',146,1,'2024-06-06 04:12:04','2024-06-06 04:12:04','2024-06-06 04:12:04',0,0,0,NULL),
('baf805a9-e58c-42c3-8083-e17081971367',100,0,0,'T2C2E',142,1,'2024-06-03 21:45:11','2024-06-03 21:45:11',NULL,0,0,0,NULL),
('bb3c5e48-1c66-11ef-9214-42010a8e0014',25,0,0,'T1C1E',2,1,'2024-05-27 20:21:42','2024-05-27 20:21:42','2024-05-27 20:21:42',0,0,0,'{}'),
('bc0777c5-7d96-4b7c-a141-a771c957f78e',100,0,0,'T3C6E',146,1,'2024-06-06 03:10:51','2024-06-06 03:10:51',NULL,0,0,0,NULL),
('bc712cce-da05-4ad7-8144-97eefaf20695',100,0,0,'T1C4E',147,1,'2024-06-05 03:47:30','2024-06-05 03:47:30',NULL,0,0,0,NULL),
('bc736e8f-1aa2-450d-bf1c-ded1e0ac07d3',100,0,0,'T1C1E',147,1,'2024-06-05 02:37:56','2024-06-05 02:37:56',NULL,0,0,0,NULL),
('bc97d8a3-b200-482e-bbfc-1f329678e7a7',100,0,0,'T1C5E',89,1,'2024-06-05 15:31:11','2024-06-05 15:31:11',NULL,0,0,0,NULL),
('bedda366-51a1-492f-8365-a7f2ccb66a28',33.33333206176758,4,0,'T2C2E',148,1,'2024-06-15 00:01:58','2024-06-16 14:43:38','2024-06-16 14:43:38',0,0,0,NULL),
('bf73362a-3f6b-4670-bdea-585bbbb3e5db',100,0,0,'T1C3E',142,1,'2024-06-03 21:41:22','2024-06-03 21:41:22',NULL,0,0,0,NULL),
('c0d7225f-d5f5-4911-9fb0-0342c0f8cdb7',66.66666412353516,1,0,'T2C5E',142,1,'2024-06-01 23:16:57','2024-06-02 14:10:55','2024-06-02 14:10:55',0,0,0,NULL),
('c0e7a129-ebc6-49b4-84d0-4791ffe01aef',100,0,0,'T1C2A',145,1,'2024-06-06 05:04:50','2024-06-06 05:04:50',NULL,100,0,0,NULL),
('c1702c90-264d-4ea1-8250-94d41c9c1071',33.333335876464844,2,0,'T1C1E',89,1,'2024-06-05 14:48:02','2024-06-06 13:51:56','2024-06-06 13:51:56',0,0,0,NULL),
('c253b3bf-8db4-4165-9de8-a18e660c2689',100,0,0,'T1C4E',50,1,'2024-05-29 16:02:10','2024-05-29 16:02:10',NULL,0,0,0,NULL),
('c2d5a9c9-331f-4b34-9c5e-a719d3d41f31',66.66666412353516,1,0,'T1C4A',95,1,'2024-06-05 20:31:10','2024-06-05 20:31:10',NULL,0,0,0,NULL),
('c30b3036-c7de-433b-aac9-0455341cafd3',100,0,0,'T2C1A',53,1,'2024-05-29 17:00:35','2024-05-29 17:00:35',NULL,100,0,0,NULL),
('c4e38b65-abff-4acf-b036-341c1effd982',20,0,0,'T2C1E',2,1,'2024-06-06 05:15:38','2024-06-06 05:15:38','2024-06-06 05:15:38',0,0,0,'{\"key1\": \"value1\", \"key2\": \"value2\"}'),
('c55ddb23-6b63-4a2b-bfa5-6b6110966da9',66.66666412353516,1,0,'T2C4E',50,1,'2024-05-29 16:26:58','2024-05-29 19:19:28','2024-05-29 19:19:28',0,0,0,NULL),
('ca7ef14a-12f7-484f-8c91-0f90ed82fbb6',100,0,0,'T5C2E',148,1,'2024-06-15 14:38:51','2024-06-15 14:38:51',NULL,0,0,0,NULL),
('cecc5c04-4c86-4101-b68f-9e9a0235a455',33.33333206176758,2,0,'T3C5E',50,1,'2024-05-29 18:20:34','2024-05-29 18:58:29','2024-05-29 18:58:29',0,0,0,NULL),
('d0057060-add3-42cc-a641-ffaf55bfd926',100,0,0,'T4C3E',148,1,'2024-06-15 01:53:26','2024-06-15 01:53:26',NULL,0,0,0,NULL),
('d006ff9c-b6db-4da8-a360-20ad4d67b9b2',100,0,0,'T1C5A',87,1,'2024-06-07 14:08:50','2024-06-07 14:08:50',NULL,83,0,0,NULL),
('d0402c17-489c-471c-a062-d4ba660c574b',66.66666412353516,1,0,'T1C4E',142,1,'2024-06-01 16:14:03','2024-06-06 01:14:03','2024-06-06 01:14:03',0,0,0,NULL),
('d1e9970b-6282-4f16-adfb-606e298c8a38',33.33333206176758,3,0,'T3C5E',142,1,'2024-06-03 15:03:55','2024-06-04 15:23:16','2024-06-04 15:23:16',0,0,0,NULL),
('d4b6340a-3b8f-426d-8037-f1cba757cc1b',100,0,0,'T3C5E',142,1,'2024-06-04 15:23:16','2024-06-04 15:23:16',NULL,0,0,0,NULL),
('d4f77a22-110a-45b7-b31b-cfa98ab2a0d1',66.66667175292969,1,0,'T1C6E',142,1,'2024-06-04 15:30:09','2024-06-04 15:30:09',NULL,0,0,0,NULL),
('d95cc540-f646-41c1-9208-a38fe6891e6d',100,0,0,'T1C6E',89,1,'2024-06-05 14:30:31','2024-06-05 14:30:31',NULL,0,0,0,NULL),
('d9c15713-11a5-4a93-80d2-04ad069427ec',100,0,0,'T3C5E',50,1,'2024-05-29 18:58:29','2024-05-29 18:58:29',NULL,0,0,0,NULL),
('da334977-97e1-457c-8006-7bbd6fd5324b',100,0,0,'T4C4E',142,1,'2024-06-08 23:20:56','2024-06-08 23:20:56',NULL,0,0,0,NULL),
('da9e4130-eb29-42ae-86c4-a815d3d56142',100,0,0,'T2C3A',142,1,'2024-06-04 15:17:36','2024-06-04 15:17:36',NULL,100,0,0,NULL),
('dc460264-ac61-489b-8b8a-1418d39aa228',33.33333206176758,2,0,'T5C3E',142,1,'2024-06-17 13:59:04','2024-06-18 00:10:58','2024-06-18 00:10:58',0,0,0,NULL),
('dcae95cc-af36-4e8a-9727-73f40e1deb9c',33.33333206176758,5,0,'T1C3A',148,1,'2024-06-14 23:39:22','2024-06-14 23:39:22',NULL,33,0,0,NULL),
('de7ce82a-ff10-4c44-916c-3fba086f1c8c',66.66667175292969,1,0,'T1C2E',87,1,'2024-06-05 17:59:53','2024-06-05 17:59:53',NULL,0,0,0,NULL),
('e0aa86c6-a534-4b4b-8530-237113c94a2f',100,0,0,'T3C5E',89,1,'2024-06-06 02:52:38','2024-06-06 02:52:38',NULL,0,0,0,NULL),
('e1e47a76-f203-44b2-ba26-4eedef112359',100,0,0,'T2C3A',78,1,'2024-05-27 21:38:19','2024-05-27 21:38:19',NULL,100,0,0,NULL),
('e315c3d2-7e3f-405c-9354-3761de58db8f',100,0,0,'T2C4E',78,1,'2024-05-30 17:28:13','2024-05-30 17:28:13',NULL,0,0,0,NULL),
('e40cdbf7-39d4-4c8c-88f3-3086c95ee6d9',33.33333206176758,3,0,'T5C1E',148,1,'2024-06-15 03:17:54','2024-06-15 03:51:30','2024-06-15 03:51:30',0,0,0,NULL),
('e4a68f8f-f141-4dbd-a23f-af0f6e503d05',100,0,0,'T2C1A',78,1,'2024-05-27 21:54:22','2024-05-27 21:54:22',NULL,100,0,0,NULL),
('e72f6d9d-f3f8-410b-93af-4ca8c750ee4e',33.33333206176758,3,0,'T2C3E',148,1,'2024-06-16 15:16:43','2024-06-16 15:16:43','2024-06-16 15:16:43',0,0,0,NULL),
('e74a4d23-c659-4d18-9f2f-f6ef2cbd46bb',66.66666412353516,1,0,'T1C1A',147,1,'2024-06-05 03:12:19','2024-06-05 03:12:19',NULL,67,0,0,NULL),
('e8cd4079-eed0-4ade-acfd-8dc5a1d9d088',100,0,0,'T1C1A',89,1,'2024-06-05 14:48:56','2024-06-05 14:48:56',NULL,67,0,0,NULL),
('e9e4d418-0c89-4ff1-9297-d6ebb64677ec',33.33333206176758,3,0,'T3C2E',148,1,'2024-06-16 16:13:39','2024-06-16 16:21:27','2024-06-16 16:21:27',0,0,0,NULL),
('e9ea6268-bbbf-4f3d-88a6-2595f40015db',100,0,0,'T5C3E',148,1,'2024-06-15 04:43:02','2024-06-15 04:43:02',NULL,0,0,0,NULL),
('edf0acf4-cacb-460a-a054-43b319fabb60',100,0,0,'T3C4E',142,1,'2024-06-03 04:04:39','2024-06-03 04:04:39',NULL,0,0,0,NULL),
('eff976e4-240b-11ef-a668-42010a38f005',100,0,0,'T1C1E',89,1,'2024-06-06 13:51:56','2024-06-06 13:51:56',NULL,0,0,0,NULL),
('f04a85d4-22ec-4aba-b987-3d9d8b4f6e47',100,0,0,'T5C1E',142,1,'2024-06-10 16:12:04','2024-06-10 16:12:04',NULL,0,0,0,NULL),
('f3fca001-ca88-428c-bd2b-543ccaf7920a',100,0,0,'T1C6A',89,1,'2024-06-05 14:35:19','2024-06-05 14:35:19',NULL,100,0,0,NULL),
('f5408a55-d8b7-4a35-b518-c6a0cf297d19',33.33333206176758,3,0,'T2C4E',142,1,'2024-06-01 18:40:42','2024-06-03 23:11:26','2024-06-03 23:11:26',0,0,0,NULL),
('f588a4ba-07ff-4f07-a42d-c18feeed8f54',100,0,0,'T1C2E',145,1,'2024-06-06 05:02:34','2024-06-06 05:02:34',NULL,0,0,0,NULL),
('f949c9ab-5a8e-4ace-8dcf-bc696af0a526',100,0,0,'T1C2E',89,1,'2024-06-05 14:52:32','2024-06-05 14:52:32',NULL,0,0,0,NULL),
('fa48728d-5be8-4563-acef-cec49fc775f7',33.33333206176758,3,0,'T2C3E',148,1,'2024-06-15 00:41:45','2024-06-18 15:38:31','2024-06-18 15:38:31',0,0,0,NULL),
('fbb651e3-6ad4-4d29-b1cb-f06964d1193e',100,0,0,'T3C2E',148,1,'2024-06-16 16:21:27','2024-06-16 16:21:27',NULL,0,0,0,NULL),
('fccc940e-1780-44d9-ae82-1676bdbe23b2',33.33333206176758,4,0,'T2C5E',142,1,'2024-06-01 21:04:10','2024-06-01 23:16:57','2024-06-01 23:16:57',0,0,0,NULL),
('fcdb5ba1-3397-4aea-bf3f-f7c6260dd88b',66.66666412353516,1,0,'T2C6E',147,1,'2024-06-05 22:38:54','2024-06-05 22:38:54',NULL,0,0,0,NULL),
('fefc60e1-7b9e-41d3-b9ae-54d019eaaab5',33.33333206176758,2,0,'T2C4A',147,1,'2024-06-05 22:08:58','2024-06-05 22:17:36','2024-06-05 22:17:36',67,0,0,NULL);
/*!40000 ALTER TABLE `gameplay` ENABLE KEYS */;
UNLOCK TABLES;

--
-- Table structure for table `gameplay_minigame_learning_outcome_qualifier`
--

DROP TABLE IF EXISTS `gameplay_minigame_learning_outcome_qualifier`;
/*!40101 SET @saved_cs_client     = @@character_set_client */;
/*!40101 SET character_set_client = utf8 */;
CREATE TABLE `gameplay_minigame_learning_outcome_qualifier` (
  `gamminleaoutqua_id` int NOT NULL AUTO_INCREMENT,
  `score` double NOT NULL,
  `gameplay_id` char(36) DEFAULT NULL,
  `minleaoutqua_id` int DEFAULT NULL,
  `date_creation` datetime NOT NULL DEFAULT CURRENT_TIMESTAMP,
  `date_modification` datetime NOT NULL DEFAULT CURRENT_TIMESTAMP,
  `date_delete` datetime DEFAULT NULL,
  PRIMARY KEY (`gamminleaoutqua_id`),
  KEY `gameplay_id` (`gameplay_id`),
  KEY `minleaoutqua_id` (`minleaoutqua_id`),
  KEY `idx_gameplay_id` (`gameplay_id`),
  KEY `idx_gameplay_minigame_learning_outcome_qualifier_date_delete` (`date_delete`),
  CONSTRAINT `fk_gameplay_minigame_learning_outcome_qualifier_gameplay` FOREIGN KEY (`gameplay_id`) REFERENCES `gameplay` (`gameplay_id`),
  CONSTRAINT `gameplay_minigame_learning_outcome_qualifier_ibfk_2` FOREIGN KEY (`minleaoutqua_id`) REFERENCES `minigame_learning_outcome_qualifier` (`minleaoutqua_id`)
) ENGINE=InnoDB AUTO_INCREMENT=805 DEFAULT CHARSET=utf8mb4 COLLATE=utf8mb4_0900_ai_ci;
/*!40101 SET character_set_client = @saved_cs_client */;

--
-- Dumping data for table `gameplay_minigame_learning_outcome_qualifier`
--

LOCK TABLES `gameplay_minigame_learning_outcome_qualifier` WRITE;
/*!40000 ALTER TABLE `gameplay_minigame_learning_outcome_qualifier` DISABLE KEYS */;
INSERT INTO `gameplay_minigame_learning_outcome_qualifier` VALUES
(9,33,'8b01e416-1c4b-11ef-9214-42010a8e0014',2,'2024-04-29 21:34:29','2024-04-29 21:34:29',NULL),
(10,33,'8b01e416-1c4b-11ef-9214-42010a8e0014',4,'2024-04-29 21:34:29','2024-04-29 21:34:29',NULL),
(11,33,'8b01ee9e-1c4b-11ef-9214-42010a8e0014',1,'2024-04-29 21:34:30','2024-04-29 21:34:30',NULL),
(12,33,'8b01ee9e-1c4b-11ef-9214-42010a8e0014',3,'2024-04-29 21:34:30','2024-04-29 21:34:30',NULL),
(13,33,'8b01efd9-1c4b-11ef-9214-42010a8e0014',2,'2024-04-29 21:35:16','2024-04-29 21:35:16',NULL),
(14,33,'8b01efd9-1c4b-11ef-9214-42010a8e0014',4,'2024-04-29 21:35:17','2024-04-29 21:35:17',NULL),
(15,33,'8b01f085-1c4b-11ef-9214-42010a8e0014',1,'2024-04-29 21:35:17','2024-04-29 21:35:17',NULL),
(16,33,'8b01f085-1c4b-11ef-9214-42010a8e0014',3,'2024-04-29 21:35:17','2024-04-29 21:35:17',NULL),
(17,33,'8b01f224-1c4b-11ef-9214-42010a8e0014',2,'2024-04-29 21:35:34','2024-04-29 21:35:34',NULL),
(18,33,'8b01f224-1c4b-11ef-9214-42010a8e0014',4,'2024-04-29 21:35:34','2024-04-29 21:35:34',NULL),
(19,33,'8b01f2c5-1c4b-11ef-9214-42010a8e0014',1,'2024-04-29 21:35:35','2024-04-29 21:35:35',NULL),
(20,33,'8b01f2c5-1c4b-11ef-9214-42010a8e0014',3,'2024-04-29 21:35:35','2024-04-29 21:35:35',NULL),
(21,33,'8b01f361-1c4b-11ef-9214-42010a8e0014',2,'2024-04-29 21:35:51','2024-04-29 21:35:51',NULL),
(22,33,'8b01f361-1c4b-11ef-9214-42010a8e0014',4,'2024-04-29 21:35:51','2024-04-29 21:35:51',NULL),
(23,33,'8b01f424-1c4b-11ef-9214-42010a8e0014',1,'2024-04-29 21:35:51','2024-04-29 21:35:51',NULL),
(24,33,'8b01f424-1c4b-11ef-9214-42010a8e0014',3,'2024-04-29 21:35:51','2024-04-29 21:35:51',NULL),
(25,33,'8b01f578-1c4b-11ef-9214-42010a8e0014',2,'2024-04-29 21:36:05','2024-04-29 21:36:05',NULL),
(26,33,'8b01f578-1c4b-11ef-9214-42010a8e0014',4,'2024-04-29 21:36:05','2024-04-29 21:36:05',NULL),
(27,33,'8b01f613-1c4b-11ef-9214-42010a8e0014',1,'2024-04-29 21:36:05','2024-04-29 21:36:05',NULL),
(28,33,'8b01f613-1c4b-11ef-9214-42010a8e0014',3,'2024-04-29 21:36:06','2024-04-29 21:36:06',NULL),
(29,33,'8b01f6b2-1c4b-11ef-9214-42010a8e0014',2,'2024-04-29 21:36:20','2024-04-29 21:36:20',NULL),
(30,33,'8b01f6b2-1c4b-11ef-9214-42010a8e0014',4,'2024-04-29 21:36:20','2024-04-29 21:36:20',NULL),
(31,33,'8b01f7e4-1c4b-11ef-9214-42010a8e0014',1,'2024-04-29 21:36:21','2024-04-29 21:36:21',NULL),
(32,33,'8b01f7e4-1c4b-11ef-9214-42010a8e0014',3,'2024-04-29 21:36:21','2024-04-29 21:36:21',NULL),
(33,33,'8b01f87e-1c4b-11ef-9214-42010a8e0014',2,'2024-04-30 13:23:44','2024-04-30 13:23:44',NULL),
(34,33,'8b01f87e-1c4b-11ef-9214-42010a8e0014',4,'2024-04-30 13:23:44','2024-04-30 13:23:44',NULL),
(35,33,'8b01f960-1c4b-11ef-9214-42010a8e0014',1,'2024-04-30 13:23:44','2024-04-30 13:23:44',NULL),
(36,33,'8b01f960-1c4b-11ef-9214-42010a8e0014',3,'2024-04-30 13:23:44','2024-04-30 13:23:44',NULL),
(37,33,'8b01fa8f-1c4b-11ef-9214-42010a8e0014',2,'2024-04-30 13:24:11','2024-04-30 13:24:11',NULL),
(38,33,'8b01fa8f-1c4b-11ef-9214-42010a8e0014',4,'2024-04-30 13:24:11','2024-04-30 13:24:11',NULL),
(39,33,'8b01fb34-1c4b-11ef-9214-42010a8e0014',1,'2024-04-30 13:24:11','2024-04-30 13:24:11',NULL),
(40,33,'8b01fb34-1c4b-11ef-9214-42010a8e0014',3,'2024-04-30 13:24:11','2024-04-30 13:24:11',NULL),
(41,33,'8b01fc16-1c4b-11ef-9214-42010a8e0014',2,'2024-04-30 13:58:01','2024-04-30 13:58:01',NULL),
(42,33,'8b01fc16-1c4b-11ef-9214-42010a8e0014',4,'2024-04-30 13:58:01','2024-04-30 13:58:01',NULL),
(43,33,'8b01fdd9-1c4b-11ef-9214-42010a8e0014',1,'2024-04-30 13:58:01','2024-04-30 13:58:01',NULL),
(44,33,'8b01fdd9-1c4b-11ef-9214-42010a8e0014',3,'2024-04-30 13:58:01','2024-04-30 13:58:01',NULL),
(45,33,'8b01fec9-1c4b-11ef-9214-42010a8e0014',2,'2024-04-30 13:58:14','2024-04-30 13:58:14',NULL),
(46,33,'8b01fec9-1c4b-11ef-9214-42010a8e0014',4,'2024-04-30 13:58:14','2024-04-30 13:58:14',NULL),
(47,33,'8b0200a9-1c4b-11ef-9214-42010a8e0014',1,'2024-04-30 13:58:14','2024-04-30 13:58:14',NULL),
(48,33,'8b0200a9-1c4b-11ef-9214-42010a8e0014',3,'2024-04-30 13:58:14','2024-04-30 13:58:14',NULL),
(57,33,'8b020153-1c4b-11ef-9214-42010a8e0014',2,'2024-04-30 20:19:51','2024-04-30 20:19:51',NULL),
(58,33,'8b020153-1c4b-11ef-9214-42010a8e0014',4,'2024-04-30 20:19:51','2024-04-30 20:19:51',NULL),
(59,33,'8b020442-1c4b-11ef-9214-42010a8e0014',1,'2024-04-30 20:19:51','2024-04-30 20:19:51',NULL),
(60,33,'8b020442-1c4b-11ef-9214-42010a8e0014',3,'2024-04-30 20:19:52','2024-04-30 20:19:52',NULL),
(61,33,'8b020514-1c4b-11ef-9214-42010a8e0014',2,'2024-04-30 20:20:27','2024-04-30 20:20:27',NULL),
(62,33,'8b020514-1c4b-11ef-9214-42010a8e0014',4,'2024-04-30 20:20:27','2024-04-30 20:20:27',NULL),
(63,33,'8b02064a-1c4b-11ef-9214-42010a8e0014',1,'2024-04-30 20:20:28','2024-04-30 20:20:28',NULL),
(64,33,'8b02064a-1c4b-11ef-9214-42010a8e0014',3,'2024-04-30 20:20:28','2024-04-30 20:20:28',NULL),
(65,33,'8b0209aa-1c4b-11ef-9214-42010a8e0014',2,'2024-04-30 20:20:59','2024-04-30 20:20:59',NULL),
(66,33,'8b0209aa-1c4b-11ef-9214-42010a8e0014',4,'2024-04-30 20:20:59','2024-04-30 20:20:59',NULL),
(67,33,'8b020b5b-1c4b-11ef-9214-42010a8e0014',1,'2024-04-30 20:21:00','2024-04-30 20:21:00',NULL),
(68,33,'8b020b5b-1c4b-11ef-9214-42010a8e0014',3,'2024-04-30 20:21:00','2024-04-30 20:21:00',NULL),
(69,33,'8b020bf6-1c4b-11ef-9214-42010a8e0014',2,'2024-04-30 20:21:16','2024-04-30 20:21:16',NULL),
(70,33,'8b020bf6-1c4b-11ef-9214-42010a8e0014',4,'2024-04-30 20:21:16','2024-04-30 20:21:16',NULL),
(71,33,'8b020d25-1c4b-11ef-9214-42010a8e0014',1,'2024-04-30 20:21:17','2024-04-30 20:21:17',NULL),
(72,33,'8b020d25-1c4b-11ef-9214-42010a8e0014',3,'2024-04-30 20:21:17','2024-04-30 20:21:17',NULL),
(93,33,'8b020e5c-1c4b-11ef-9214-42010a8e0014',2,'2024-04-30 20:31:09','2024-04-30 20:31:09',NULL),
(94,33,'8b020e5c-1c4b-11ef-9214-42010a8e0014',4,'2024-04-30 20:31:09','2024-04-30 20:31:09',NULL),
(95,33,'8b020f89-1c4b-11ef-9214-42010a8e0014',1,'2024-04-30 20:31:10','2024-04-30 20:31:10',NULL),
(96,33,'8b020f89-1c4b-11ef-9214-42010a8e0014',3,'2024-04-30 20:31:10','2024-04-30 20:31:10',NULL),
(97,33,'8b0210bc-1c4b-11ef-9214-42010a8e0014',2,'2024-04-30 20:31:21','2024-04-30 20:31:21',NULL),
(98,33,'8b0210bc-1c4b-11ef-9214-42010a8e0014',4,'2024-04-30 20:31:21','2024-04-30 20:31:21',NULL),
(99,33,'8b0211ed-1c4b-11ef-9214-42010a8e0014',1,'2024-04-30 20:31:21','2024-04-30 20:31:21',NULL),
(100,33,'8b0211ed-1c4b-11ef-9214-42010a8e0014',3,'2024-04-30 20:31:22','2024-04-30 20:31:22',NULL),
(101,33,'8b0213e8-1c4b-11ef-9214-42010a8e0014',2,'2024-04-30 20:31:44','2024-04-30 20:31:44',NULL),
(102,33,'8b0213e8-1c4b-11ef-9214-42010a8e0014',4,'2024-04-30 20:31:44','2024-04-30 20:31:44',NULL),
(103,33,'8b021541-1c4b-11ef-9214-42010a8e0014',1,'2024-04-30 20:31:44','2024-04-30 20:31:44',NULL),
(104,33,'8b021541-1c4b-11ef-9214-42010a8e0014',3,'2024-04-30 20:31:45','2024-04-30 20:31:45',NULL),
(105,33,'8b021694-1c4b-11ef-9214-42010a8e0014',2,'2024-04-30 20:31:53','2024-04-30 20:31:53',NULL),
(106,33,'8b021694-1c4b-11ef-9214-42010a8e0014',4,'2024-04-30 20:31:53','2024-04-30 20:31:53',NULL),
(107,33,'8b0217e6-1c4b-11ef-9214-42010a8e0014',1,'2024-04-30 20:31:54','2024-04-30 20:31:54',NULL),
(108,33,'8b0217e6-1c4b-11ef-9214-42010a8e0014',3,'2024-04-30 20:31:54','2024-04-30 20:31:54',NULL),
(109,33,'8b021d61-1c4b-11ef-9214-42010a8e0014',2,'2024-04-30 20:32:09','2024-04-30 20:32:09',NULL),
(110,33,'8b021d61-1c4b-11ef-9214-42010a8e0014',4,'2024-04-30 20:32:09','2024-04-30 20:32:09',NULL),
(111,33,'8b021e95-1c4b-11ef-9214-42010a8e0014',1,'2024-04-30 20:32:10','2024-04-30 20:32:10',NULL),
(112,33,'8b021e95-1c4b-11ef-9214-42010a8e0014',3,'2024-04-30 20:32:10','2024-04-30 20:32:10',NULL),
(113,33,'8b021f2c-1c4b-11ef-9214-42010a8e0014',2,'2024-04-30 20:32:25','2024-04-30 20:32:25',NULL),
(114,33,'8b021f2c-1c4b-11ef-9214-42010a8e0014',4,'2024-04-30 20:32:25','2024-04-30 20:32:25',NULL),
(115,33,'8b02205c-1c4b-11ef-9214-42010a8e0014',1,'2024-04-30 20:32:26','2024-04-30 20:32:26',NULL),
(116,33,'8b02205c-1c4b-11ef-9214-42010a8e0014',3,'2024-04-30 20:32:26','2024-04-30 20:32:26',NULL),
(117,33,'8b0220f4-1c4b-11ef-9214-42010a8e0014',2,'2024-04-30 20:32:37','2024-04-30 20:32:37',NULL),
(118,33,'8b0220f4-1c4b-11ef-9214-42010a8e0014',4,'2024-04-30 20:32:37','2024-04-30 20:32:37',NULL),
(119,33,'8b02218b-1c4b-11ef-9214-42010a8e0014',1,'2024-04-30 20:32:38','2024-04-30 20:32:38',NULL),
(120,33,'8b02218b-1c4b-11ef-9214-42010a8e0014',3,'2024-04-30 20:32:38','2024-04-30 20:32:38',NULL),
(131,100,'8b02221f-1c4b-11ef-9214-42010a8e0014',2,'2024-05-03 20:58:33','2024-05-03 20:58:33',NULL),
(132,0,'8b02221f-1c4b-11ef-9214-42010a8e0014',4,'2024-05-03 20:58:33','2024-05-03 20:58:33',NULL),
(133,100,'8b0222b9-1c4b-11ef-9214-42010a8e0014',6,'2024-05-03 21:07:19','2024-05-03 21:07:19',NULL),
(134,0,'8b0222b9-1c4b-11ef-9214-42010a8e0014',8,'2024-05-03 21:07:19','2024-05-03 21:07:19',NULL),
(137,33.33333206176758,'8b0223e9-1c4b-11ef-9214-42010a8e0014',5,'2024-05-04 23:43:42','2024-05-04 23:43:42',NULL),
(138,66.66666412353516,'8b0223e9-1c4b-11ef-9214-42010a8e0014',7,'2024-05-04 23:43:42','2024-05-04 23:43:42',NULL),
(139,66.66666412353516,'8b022486-1c4b-11ef-9214-42010a8e0014',14,'2024-05-05 16:47:07','2024-05-05 16:47:07',NULL),
(140,0,'8b022486-1c4b-11ef-9214-42010a8e0014',16,'2024-05-05 16:47:07','2024-05-05 16:47:07',NULL),
(141,100,'8b022518-1c4b-11ef-9214-42010a8e0014',18,'2024-05-05 17:42:05','2024-05-05 17:42:05',NULL),
(142,0,'8b022518-1c4b-11ef-9214-42010a8e0014',20,'2024-05-05 17:42:05','2024-05-05 17:42:05',NULL),
(143,100,'8b022659-1c4b-11ef-9214-42010a8e0014',17,'2024-05-05 17:46:56','2024-05-05 17:46:56',NULL),
(144,100,'8b022659-1c4b-11ef-9214-42010a8e0014',19,'2024-05-05 17:46:56','2024-05-05 17:46:56',NULL),
(145,100,'8b0227ab-1c4b-11ef-9214-42010a8e0014',22,'2024-05-05 17:56:24','2024-05-05 17:56:24',NULL),
(146,0,'8b0227ab-1c4b-11ef-9214-42010a8e0014',24,'2024-05-05 17:56:24','2024-05-05 17:56:24',NULL),
(147,100,'8b022838-1c4b-11ef-9214-42010a8e0014',21,'2024-05-05 17:58:19','2024-05-05 17:58:19',NULL),
(148,100,'8b022838-1c4b-11ef-9214-42010a8e0014',23,'2024-05-05 17:58:19','2024-05-05 17:58:19',NULL),
(149,100,'8b022c45-1c4b-11ef-9214-42010a8e0014',14,'2024-05-06 04:01:29','2024-05-06 04:01:29',NULL),
(150,0,'8b022c45-1c4b-11ef-9214-42010a8e0014',16,'2024-05-06 04:01:29','2024-05-06 04:01:29',NULL),
(151,66.66667175292969,'8b022cde-1c4b-11ef-9214-42010a8e0014',1,'2024-05-06 05:41:23','2024-05-06 05:41:23',NULL),
(152,83.33333587646484,'8b022cde-1c4b-11ef-9214-42010a8e0014',3,'2024-05-06 05:41:23','2024-05-06 05:41:23',NULL),
(153,33.33333206176758,'8b022d71-1c4b-11ef-9214-42010a8e0014',5,'2024-05-06 05:41:23','2024-05-06 05:41:23',NULL),
(154,66.66666412353516,'8b022d71-1c4b-11ef-9214-42010a8e0014',7,'2024-05-06 05:41:23','2024-05-06 05:41:23',NULL),
(157,33.33333206176758,'8b022fbe-1c4b-11ef-9214-42010a8e0014',5,'2024-05-07 14:32:36','2024-05-07 14:32:36',NULL),
(158,83.33332824707031,'8b022fbe-1c4b-11ef-9214-42010a8e0014',7,'2024-05-07 14:32:36','2024-05-07 14:32:36',NULL),
(161,33.33333206176758,'8b0230e1-1c4b-11ef-9214-42010a8e0014',5,'2024-05-07 14:32:36','2024-05-07 14:32:36',NULL),
(162,83.33332824707031,'8b0230e1-1c4b-11ef-9214-42010a8e0014',7,'2024-05-07 14:32:36','2024-05-07 14:32:36',NULL),
(163,100,'8b023171-1c4b-11ef-9214-42010a8e0014',10,'2024-05-07 14:32:36','2024-05-07 14:32:36',NULL),
(164,0,'8b023171-1c4b-11ef-9214-42010a8e0014',12,'2024-05-07 14:32:36','2024-05-07 14:32:36',NULL),
(165,100,'8b023326-1c4b-11ef-9214-42010a8e0014',9,'2024-05-07 22:51:26','2024-05-07 22:51:26',NULL),
(166,100,'8b023326-1c4b-11ef-9214-42010a8e0014',11,'2024-05-07 22:51:26','2024-05-07 22:51:26',NULL),
(167,66.66667175292969,'8b0233bc-1c4b-11ef-9214-42010a8e0014',1,'2024-05-08 05:21:43','2024-05-08 05:21:43',NULL),
(168,83.33333587646484,'8b0233bc-1c4b-11ef-9214-42010a8e0014',3,'2024-05-08 05:21:43','2024-05-08 05:21:43',NULL),
(169,33.33333206176758,'8b0234e3-1c4b-11ef-9214-42010a8e0014',5,'2024-05-08 05:21:44','2024-05-08 05:21:44',NULL),
(170,66.66666412353516,'8b0234e3-1c4b-11ef-9214-42010a8e0014',7,'2024-05-08 05:21:44','2024-05-08 05:21:44',NULL),
(171,66.66667175292969,'8b023572-1c4b-11ef-9214-42010a8e0014',1,'2024-05-08 05:21:44','2024-05-08 05:21:44',NULL),
(172,83.33333587646484,'8b023572-1c4b-11ef-9214-42010a8e0014',3,'2024-05-08 05:21:44','2024-05-08 05:21:44',NULL),
(173,33.33333206176758,'8b023698-1c4b-11ef-9214-42010a8e0014',5,'2024-05-08 05:21:44','2024-05-08 05:21:44',NULL),
(174,66.66666412353516,'8b023698-1c4b-11ef-9214-42010a8e0014',7,'2024-05-08 05:21:44','2024-05-08 05:21:44',NULL),
(175,100,'8b023727-1c4b-11ef-9214-42010a8e0014',2,'2024-05-08 14:35:48','2024-05-08 14:35:48',NULL),
(176,0,'8b023727-1c4b-11ef-9214-42010a8e0014',4,'2024-05-08 14:35:48','2024-05-08 14:35:48',NULL),
(177,100,'8b02384f-1c4b-11ef-9214-42010a8e0014',6,'2024-05-08 14:36:49','2024-05-08 14:36:49',NULL),
(178,0,'8b02384f-1c4b-11ef-9214-42010a8e0014',8,'2024-05-08 14:36:49','2024-05-08 14:36:49',NULL),
(179,100,'8b0238de-1c4b-11ef-9214-42010a8e0014',10,'2024-05-08 14:37:36','2024-05-08 14:37:36',NULL),
(180,0,'8b0238de-1c4b-11ef-9214-42010a8e0014',12,'2024-05-08 14:37:36','2024-05-08 14:37:36',NULL),
(181,100,'8b023a03-1c4b-11ef-9214-42010a8e0014',5,'2024-05-08 15:29:15','2024-05-08 15:29:15',NULL),
(182,100,'8b023a03-1c4b-11ef-9214-42010a8e0014',7,'2024-05-08 15:29:15','2024-05-08 15:29:15',NULL),
(183,100,'8b023b29-1c4b-11ef-9214-42010a8e0014',1,'2024-05-08 15:38:42','2024-05-08 15:38:42',NULL),
(184,100,'8b023b29-1c4b-11ef-9214-42010a8e0014',3,'2024-05-08 15:38:42','2024-05-08 15:38:42',NULL),
(185,33.33333206176758,'8b023d78-1c4b-11ef-9214-42010a8e0014',2,'2024-05-09 13:16:23','2024-05-09 13:16:23',NULL),
(186,0,'8b023d78-1c4b-11ef-9214-42010a8e0014',4,'2024-05-09 13:16:23','2024-05-09 13:16:23',NULL),
(187,100,'8b023e9e-1c4b-11ef-9214-42010a8e0014',1,'2024-05-09 13:17:25','2024-05-09 13:17:25',NULL),
(188,66.66666412353516,'8b023e9e-1c4b-11ef-9214-42010a8e0014',3,'2024-05-09 13:17:25','2024-05-09 13:17:25',NULL),
(189,100,'8b02a2f1-1c4b-11ef-9214-42010a8e0014',6,'2024-05-09 13:24:57','2024-05-09 13:24:57',NULL),
(190,0,'8b02a2f1-1c4b-11ef-9214-42010a8e0014',8,'2024-05-09 13:24:57','2024-05-09 13:24:57',NULL),
(191,100,'8b02a5aa-1c4b-11ef-9214-42010a8e0014',5,'2024-05-09 13:25:58','2024-05-09 13:25:58',NULL),
(192,100,'8b02a5aa-1c4b-11ef-9214-42010a8e0014',7,'2024-05-09 13:25:58','2024-05-09 13:25:58',NULL),
(193,100,'8b02a723-1c4b-11ef-9214-42010a8e0014',10,'2024-05-09 13:52:05','2024-05-09 13:52:05',NULL),
(194,0,'8b02a723-1c4b-11ef-9214-42010a8e0014',12,'2024-05-09 13:52:05','2024-05-09 13:52:05',NULL),
(195,66.66666412353516,'8b02a885-1c4b-11ef-9214-42010a8e0014',14,'2024-05-09 14:23:48','2024-05-09 14:23:48',NULL),
(196,0,'8b02a885-1c4b-11ef-9214-42010a8e0014',16,'2024-05-09 14:23:48','2024-05-09 14:23:48',NULL),
(197,100,'8b02adf8-1c4b-11ef-9214-42010a8e0014',18,'2024-05-09 16:07:29','2024-05-09 16:07:29',NULL),
(198,0,'8b02adf8-1c4b-11ef-9214-42010a8e0014',20,'2024-05-09 16:07:29','2024-05-09 16:07:29',NULL),
(199,100,'8b02ae89-1c4b-11ef-9214-42010a8e0014',22,'2024-05-09 16:39:24','2024-05-09 16:39:24',NULL),
(200,0,'8b02ae89-1c4b-11ef-9214-42010a8e0014',24,'2024-05-09 16:39:24','2024-05-09 16:39:24',NULL),
(201,100,'8b02af1b-1c4b-11ef-9214-42010a8e0014',22,'2024-05-09 18:14:09','2024-05-09 18:14:09',NULL),
(202,0,'8b02af1b-1c4b-11ef-9214-42010a8e0014',24,'2024-05-09 18:14:09','2024-05-09 18:14:09',NULL),
(203,100,'8b02afae-1c4b-11ef-9214-42010a8e0014',18,'2024-05-12 21:38:09','2024-05-12 21:38:09',NULL),
(204,0,'8b02afae-1c4b-11ef-9214-42010a8e0014',20,'2024-05-12 21:38:09','2024-05-12 21:38:09',NULL),
(205,33,'8b02b043-1c4b-11ef-9214-42010a8e0014',2,'2024-05-15 15:25:31','2024-05-15 15:25:31',NULL),
(206,33,'8b02b043-1c4b-11ef-9214-42010a8e0014',4,'2024-05-15 15:25:31','2024-05-15 15:25:31',NULL),
(207,100,'8b02b24a-1c4b-11ef-9214-42010a8e0014',21,'2024-05-17 16:05:43','2024-05-17 16:05:43',NULL),
(208,100,'8b02b24a-1c4b-11ef-9214-42010a8e0014',23,'2024-05-17 16:05:43','2024-05-17 16:05:43',NULL),
(209,100,'8b02b2df-1c4b-11ef-9214-42010a8e0014',9,'2024-05-17 16:29:31','2024-05-17 16:29:31',NULL),
(210,100,'8b02b2df-1c4b-11ef-9214-42010a8e0014',11,'2024-05-17 16:29:31','2024-05-17 16:29:31',NULL),
(211,100,'8b02b37c-1c4b-11ef-9214-42010a8e0014',17,'2024-05-17 16:37:06','2024-05-17 16:37:06',NULL),
(212,100,'8b02b37c-1c4b-11ef-9214-42010a8e0014',19,'2024-05-17 16:37:06','2024-05-17 16:37:06',NULL),
(213,100,'8b02b41f-1c4b-11ef-9214-42010a8e0014',9,'2024-05-17 16:45:16','2024-05-17 16:45:16',NULL),
(214,100,'8b02b41f-1c4b-11ef-9214-42010a8e0014',11,'2024-05-17 16:45:16','2024-05-17 16:45:16',NULL),
(215,66.66666412353516,'8b02b4bf-1c4b-11ef-9214-42010a8e0014',14,'2024-05-17 16:45:24','2024-05-17 16:45:24',NULL),
(216,0,'8b02b4bf-1c4b-11ef-9214-42010a8e0014',16,'2024-05-17 16:45:24','2024-05-17 16:45:24',NULL),
(217,100,'8b02b553-1c4b-11ef-9214-42010a8e0014',17,'2024-05-17 16:46:42','2024-05-17 16:46:42',NULL),
(218,100,'8b02b553-1c4b-11ef-9214-42010a8e0014',19,'2024-05-17 16:46:42','2024-05-17 16:46:42',NULL),
(219,100,'8b02b6b2-1c4b-11ef-9214-42010a8e0014',13,'2024-05-17 16:48:10','2024-05-17 16:48:10',NULL),
(220,83.33332824707031,'8b02b6b2-1c4b-11ef-9214-42010a8e0014',15,'2024-05-17 16:48:10','2024-05-17 16:48:10',NULL),
(221,100,'8b02b744-1c4b-11ef-9214-42010a8e0014',2,'2024-05-17 21:21:01','2024-05-17 21:21:01',NULL),
(222,0,'8b02b744-1c4b-11ef-9214-42010a8e0014',4,'2024-05-17 21:21:01','2024-05-17 21:21:01',NULL),
(223,100,'8b02b7f8-1c4b-11ef-9214-42010a8e0014',2,'2024-05-21 05:35:52','2024-05-21 05:35:52',NULL),
(224,0,'8b02b7f8-1c4b-11ef-9214-42010a8e0014',4,'2024-05-21 05:35:52','2024-05-21 05:35:52',NULL),
(225,100,'8b02b927-1c4b-11ef-9214-42010a8e0014',6,'2024-05-21 05:35:52','2024-05-21 05:35:52',NULL),
(226,0,'8b02b927-1c4b-11ef-9214-42010a8e0014',8,'2024-05-21 05:35:52','2024-05-21 05:35:52',NULL),
(227,100,'8b02b9bc-1c4b-11ef-9214-42010a8e0014',10,'2024-05-21 05:35:52','2024-05-21 05:35:52',NULL),
(228,0,'8b02b9bc-1c4b-11ef-9214-42010a8e0014',12,'2024-05-21 05:35:52','2024-05-21 05:35:52',NULL),
(229,33.33333206176758,'8b02baff-1c4b-11ef-9214-42010a8e0014',49,'2024-05-21 16:56:17','2024-05-21 16:56:17',NULL),
(230,0,'8b02baff-1c4b-11ef-9214-42010a8e0014',51,'2024-05-21 16:56:17','2024-05-21 16:56:17',NULL),
(231,33.33333206176758,'8b02bc3d-1c4b-11ef-9214-42010a8e0014',53,'2024-05-21 20:57:09','2024-05-21 20:57:09',NULL),
(232,0,'8b02bc3d-1c4b-11ef-9214-42010a8e0014',55,'2024-05-21 20:57:09','2024-05-21 20:57:09',NULL),
(233,66.66666412353516,'8b02bcd1-1c4b-11ef-9214-42010a8e0014',54,'2024-05-21 21:18:07','2024-05-21 21:18:07',NULL),
(234,50,'8b02bcd1-1c4b-11ef-9214-42010a8e0014',56,'2024-05-21 21:18:07','2024-05-21 21:18:07',NULL),
(235,100,'8b02bd64-1c4b-11ef-9214-42010a8e0014',57,'2024-05-21 21:31:05','2024-05-21 21:31:05',NULL),
(236,0,'8b02bd64-1c4b-11ef-9214-42010a8e0014',59,'2024-05-21 21:31:05','2024-05-21 21:31:05',NULL),
(237,33.33333206176758,'8b02be94-1c4b-11ef-9214-42010a8e0014',58,'2024-05-21 21:41:08','2024-05-21 21:41:08',NULL),
(238,66.66666412353516,'8b02be94-1c4b-11ef-9214-42010a8e0014',60,'2024-05-21 21:41:08','2024-05-21 21:41:08',NULL),
(239,33.33333206176758,'8b02bfa9-1c4b-11ef-9214-42010a8e0014',25,'2024-05-21 22:41:47','2024-05-21 22:41:47',NULL),
(240,0,'8b02bfa9-1c4b-11ef-9214-42010a8e0014',27,'2024-05-21 22:41:47','2024-05-21 22:41:47',NULL),
(241,66.66666412353516,'8b02c0e0-1c4b-11ef-9214-42010a8e0014',26,'2024-05-21 22:44:14','2024-05-21 22:44:14',NULL),
(242,50,'8b02c0e0-1c4b-11ef-9214-42010a8e0014',28,'2024-05-21 22:44:14','2024-05-21 22:44:14',NULL),
(243,33.33333206176758,'8b02c17b-1c4b-11ef-9214-42010a8e0014',49,'2024-05-22 19:49:42','2024-05-22 19:49:42',NULL),
(244,0,'8b02c17b-1c4b-11ef-9214-42010a8e0014',51,'2024-05-22 19:49:42','2024-05-22 19:49:42',NULL),
(245,66.66666412353516,'8b02c2a8-1c4b-11ef-9214-42010a8e0014',49,'2024-05-22 20:04:41','2024-05-22 20:04:41',NULL),
(246,0,'8b02c2a8-1c4b-11ef-9214-42010a8e0014',51,'2024-05-22 20:04:41','2024-05-22 20:04:41',NULL),
(247,100,'8b02c339-1c4b-11ef-9214-42010a8e0014',50,'2024-05-22 20:06:03','2024-05-22 20:06:03',NULL),
(248,66.66666412353516,'8b02c339-1c4b-11ef-9214-42010a8e0014',52,'2024-05-22 20:06:03','2024-05-22 20:06:03',NULL),
(249,100,'8b02c47e-1c4b-11ef-9214-42010a8e0014',2,'2024-05-22 21:05:20','2024-05-22 21:05:20',NULL),
(250,0,'8b02c47e-1c4b-11ef-9214-42010a8e0014',4,'2024-05-22 21:05:20','2024-05-22 21:05:20',NULL),
(251,100,'8b02c5df-1c4b-11ef-9214-42010a8e0014',6,'2024-05-22 21:05:20','2024-05-22 21:05:20',NULL),
(252,0,'8b02c5df-1c4b-11ef-9214-42010a8e0014',8,'2024-05-22 21:05:20','2024-05-22 21:05:20',NULL),
(253,100,'8b02c71d-1c4b-11ef-9214-42010a8e0014',10,'2024-05-22 21:05:21','2024-05-22 21:05:21',NULL),
(254,0,'8b02c71d-1c4b-11ef-9214-42010a8e0014',12,'2024-05-22 21:05:21','2024-05-22 21:05:21',NULL),
(255,100,'8b02c854-1c4b-11ef-9214-42010a8e0014',2,'2024-05-22 21:23:09','2024-05-22 21:23:09',NULL),
(256,0,'8b02c854-1c4b-11ef-9214-42010a8e0014',4,'2024-05-22 21:23:09','2024-05-22 21:23:09',NULL),
(257,100,'8b02c985-1c4b-11ef-9214-42010a8e0014',1,'2024-05-22 21:24:00','2024-05-22 21:24:00',NULL),
(258,100,'8b02c985-1c4b-11ef-9214-42010a8e0014',3,'2024-05-22 21:24:00','2024-05-22 21:24:00',NULL),
(259,33.33333206176758,'8b02cab6-1c4b-11ef-9214-42010a8e0014',6,'2024-05-22 21:28:25','2024-05-22 21:28:25',NULL),
(260,0,'8b02cab6-1c4b-11ef-9214-42010a8e0014',8,'2024-05-22 21:28:25','2024-05-22 21:28:25',NULL),
(261,66.66666412353516,'8b02cbe6-1c4b-11ef-9214-42010a8e0014',5,'2024-05-22 21:30:09','2024-05-22 21:30:09',NULL),
(262,50,'8b02cbe6-1c4b-11ef-9214-42010a8e0014',7,'2024-05-22 21:30:09','2024-05-22 21:30:09',NULL),
(263,100,'8b02cd15-1c4b-11ef-9214-42010a8e0014',10,'2024-05-22 21:41:30','2024-05-22 21:41:30',NULL),
(264,0,'8b02cd15-1c4b-11ef-9214-42010a8e0014',12,'2024-05-22 21:41:30','2024-05-22 21:41:30',NULL),
(265,100,'8b032e64-1c4b-11ef-9214-42010a8e0014',9,'2024-05-22 21:43:08','2024-05-22 21:43:08',NULL),
(266,100,'8b032e64-1c4b-11ef-9214-42010a8e0014',11,'2024-05-22 21:43:08','2024-05-22 21:43:08',NULL),
(267,33.33333206176758,'8b03321c-1c4b-11ef-9214-42010a8e0014',14,'2024-05-22 21:48:08','2024-05-22 21:48:08',NULL),
(268,0,'8b03321c-1c4b-11ef-9214-42010a8e0014',16,'2024-05-22 21:48:08','2024-05-22 21:48:08',NULL),
(269,100,'8b03341b-1c4b-11ef-9214-42010a8e0014',18,'2024-05-22 21:53:40','2024-05-22 21:53:40',NULL),
(270,0,'8b03341b-1c4b-11ef-9214-42010a8e0014',20,'2024-05-22 21:53:40','2024-05-22 21:53:40',NULL),
(271,100,'8b0335d4-1c4b-11ef-9214-42010a8e0014',17,'2024-05-22 21:55:44','2024-05-22 21:55:44',NULL),
(272,100,'8b0335d4-1c4b-11ef-9214-42010a8e0014',19,'2024-05-22 21:55:44','2024-05-22 21:55:44',NULL),
(273,100,'8b0338dc-1c4b-11ef-9214-42010a8e0014',14,'2024-05-23 04:03:01','2024-05-23 04:03:01',NULL),
(274,0,'8b0338dc-1c4b-11ef-9214-42010a8e0014',16,'2024-05-23 04:03:01','2024-05-23 04:03:01',NULL),
(275,66.66666412353516,'8b033991-1c4b-11ef-9214-42010a8e0014',13,'2024-05-23 04:06:09','2024-05-23 04:06:09',NULL),
(276,50,'8b033991-1c4b-11ef-9214-42010a8e0014',15,'2024-05-23 04:06:09','2024-05-23 04:06:09',NULL),
(277,100,'8b033bac-1c4b-11ef-9214-42010a8e0014',22,'2024-05-23 04:08:42','2024-05-23 04:08:42',NULL),
(278,0,'8b033bac-1c4b-11ef-9214-42010a8e0014',24,'2024-05-23 04:08:42','2024-05-23 04:08:42',NULL),
(279,100,'8b033ca5-1c4b-11ef-9214-42010a8e0014',21,'2024-05-23 04:09:47','2024-05-23 04:09:47',NULL),
(280,100,'8b033ca5-1c4b-11ef-9214-42010a8e0014',23,'2024-05-23 04:09:47','2024-05-23 04:09:47',NULL),
(281,100,'8b033d5a-1c4b-11ef-9214-42010a8e0014',2,'2024-05-23 13:30:45','2024-05-23 13:30:45',NULL),
(282,0,'8b033d5a-1c4b-11ef-9214-42010a8e0014',4,'2024-05-23 13:30:45','2024-05-23 13:30:45',NULL),
(283,100,'8b034606-1c4b-11ef-9214-42010a8e0014',1,'2024-05-23 13:32:27','2024-05-23 13:32:27',NULL),
(284,100,'8b034606-1c4b-11ef-9214-42010a8e0014',3,'2024-05-23 13:32:27','2024-05-23 13:32:27',NULL),
(285,100,'8b03473f-1c4b-11ef-9214-42010a8e0014',6,'2024-05-23 13:35:34','2024-05-23 13:35:34',NULL),
(286,0,'8b03473f-1c4b-11ef-9214-42010a8e0014',8,'2024-05-23 13:35:34','2024-05-23 13:35:34',NULL),
(287,66.66666412353516,'8b034805-1c4b-11ef-9214-42010a8e0014',5,'2024-05-23 13:38:01','2024-05-23 13:38:01',NULL),
(288,83.33332824707031,'8b034805-1c4b-11ef-9214-42010a8e0014',7,'2024-05-23 13:38:01','2024-05-23 13:38:01',NULL),
(289,100,'8b0348c7-1c4b-11ef-9214-42010a8e0014',6,'2024-05-23 13:47:58','2024-05-23 13:47:58',NULL),
(290,0,'8b0348c7-1c4b-11ef-9214-42010a8e0014',8,'2024-05-23 13:47:58','2024-05-23 13:47:58',NULL),
(291,0,'8b034975-1c4b-11ef-9214-42010a8e0014',12,'2024-05-23 13:52:39','2024-05-23 13:52:39',NULL),
(292,100,'8b034a26-1c4b-11ef-9214-42010a8e0014',10,'2024-05-23 13:53:39','2024-05-23 13:53:39',NULL),
(293,0,'8b034a26-1c4b-11ef-9214-42010a8e0014',12,'2024-05-23 13:53:39','2024-05-23 13:53:39',NULL),
(294,33.33333206176758,'8b034acc-1c4b-11ef-9214-42010a8e0014',5,'2024-05-23 13:53:57','2024-05-23 13:53:57',NULL),
(295,66.66666412353516,'8b034acc-1c4b-11ef-9214-42010a8e0014',7,'2024-05-23 13:53:57','2024-05-23 13:53:57',NULL),
(296,100,'8b034b77-1c4b-11ef-9214-42010a8e0014',9,'2024-05-23 13:56:14','2024-05-23 13:56:14',NULL),
(297,100,'8b034b77-1c4b-11ef-9214-42010a8e0014',11,'2024-05-23 13:56:14','2024-05-23 13:56:14',NULL),
(298,33.33333206176758,'8b034c19-1c4b-11ef-9214-42010a8e0014',9,'2024-05-23 14:03:46','2024-05-23 14:03:46',NULL),
(299,66.66666412353516,'8b034c19-1c4b-11ef-9214-42010a8e0014',11,'2024-05-23 14:03:46','2024-05-23 14:03:46',NULL),
(300,100,'8b034cb9-1c4b-11ef-9214-42010a8e0014',5,'2024-05-23 14:07:39','2024-05-23 14:07:39',NULL),
(301,100,'8b034cb9-1c4b-11ef-9214-42010a8e0014',7,'2024-05-23 14:07:39','2024-05-23 14:07:39',NULL),
(302,100,'8b034d7e-1c4b-11ef-9214-42010a8e0014',14,'2024-05-23 14:17:57','2024-05-23 14:17:57',NULL),
(303,0,'8b034d7e-1c4b-11ef-9214-42010a8e0014',16,'2024-05-23 14:17:57','2024-05-23 14:17:57',NULL),
(304,66.66666412353516,'8b03525d-1c4b-11ef-9214-42010a8e0014',14,'2024-05-23 14:19:13','2024-05-23 14:19:13',NULL),
(305,0,'8b03525d-1c4b-11ef-9214-42010a8e0014',16,'2024-05-23 14:19:13','2024-05-23 14:19:13',NULL),
(306,100,'8b03530b-1c4b-11ef-9214-42010a8e0014',13,'2024-05-23 14:20:42','2024-05-23 14:20:42',NULL),
(307,83.33332824707031,'8b03530b-1c4b-11ef-9214-42010a8e0014',15,'2024-05-23 14:20:42','2024-05-23 14:20:42',NULL),
(308,33.33333206176758,'8b0353a5-1c4b-11ef-9214-42010a8e0014',22,'2024-05-23 14:29:48','2024-05-23 14:29:48',NULL),
(309,0,'8b0353a5-1c4b-11ef-9214-42010a8e0014',24,'2024-05-23 14:29:48','2024-05-23 14:29:48',NULL),
(310,100,'8b035530-1c4b-11ef-9214-42010a8e0014',13,'2024-05-23 14:32:16','2024-05-23 14:32:16',NULL),
(311,100,'8b035530-1c4b-11ef-9214-42010a8e0014',15,'2024-05-23 14:32:16','2024-05-23 14:32:16',NULL),
(312,66.66666412353516,'8b0355cb-1c4b-11ef-9214-42010a8e0014',21,'2024-05-23 14:33:37','2024-05-23 14:33:37',NULL),
(313,50,'8b0355cb-1c4b-11ef-9214-42010a8e0014',23,'2024-05-23 14:33:37','2024-05-23 14:33:37',NULL),
(314,100,'8b035663-1c4b-11ef-9214-42010a8e0014',18,'2024-05-23 14:37:37','2024-05-23 14:37:37',NULL),
(315,0,'8b035663-1c4b-11ef-9214-42010a8e0014',20,'2024-05-23 14:37:37','2024-05-23 14:37:37',NULL),
(316,100,'8b0357dc-1c4b-11ef-9214-42010a8e0014',18,'2024-05-23 14:38:01','2024-05-23 14:38:01',NULL),
(317,0,'8b0357dc-1c4b-11ef-9214-42010a8e0014',20,'2024-05-23 14:38:01','2024-05-23 14:38:01',NULL),
(318,100,'8b035880-1c4b-11ef-9214-42010a8e0014',17,'2024-05-23 14:41:56','2024-05-23 14:41:56',NULL),
(319,100,'8b035880-1c4b-11ef-9214-42010a8e0014',19,'2024-05-23 14:41:56','2024-05-23 14:41:56',NULL),
(320,66.66666412353516,'8b035b2a-1c4b-11ef-9214-42010a8e0014',17,'2024-05-23 14:43:11','2024-05-23 14:43:11',NULL),
(321,83.33332824707031,'8b035b2a-1c4b-11ef-9214-42010a8e0014',19,'2024-05-23 14:43:13','2024-05-23 14:43:13',NULL),
(322,100,'8b035bea-1c4b-11ef-9214-42010a8e0014',33,'2024-05-24 20:40:14','2024-05-24 20:40:14',NULL),
(323,0,'8b035bea-1c4b-11ef-9214-42010a8e0014',35,'2024-05-24 20:40:14','2024-05-24 20:40:14',NULL),
(324,100,'8b035d4b-1c4b-11ef-9214-42010a8e0014',41,'2024-05-24 21:35:46','2024-05-24 21:35:46',NULL),
(325,0,'8b035d4b-1c4b-11ef-9214-42010a8e0014',43,'2024-05-24 21:35:46','2024-05-24 21:35:46',NULL),
(326,100,'8b035de0-1c4b-11ef-9214-42010a8e0014',18,'2024-05-24 22:05:58','2024-05-24 22:05:58',NULL),
(327,0,'8b035de0-1c4b-11ef-9214-42010a8e0014',20,'2024-05-24 22:05:58','2024-05-24 22:05:58',NULL),
(328,100,'8b035f2c-1c4b-11ef-9214-42010a8e0014',17,'2024-05-24 22:09:14','2024-05-24 22:09:14',NULL),
(329,100,'8b035f2c-1c4b-11ef-9214-42010a8e0014',19,'2024-05-24 22:09:14','2024-05-24 22:09:14',NULL),
(330,33.33333206176758,'8b036047-1c4b-11ef-9214-42010a8e0014',10,'2024-05-25 15:42:47','2024-05-25 15:42:47',NULL),
(331,0,'8b036047-1c4b-11ef-9214-42010a8e0014',12,'2024-05-25 15:42:47','2024-05-25 15:42:47',NULL),
(332,100,'8b0369ba-1c4b-11ef-9214-42010a8e0014',10,'2024-05-25 15:51:08','2024-05-25 15:51:08',NULL),
(333,0,'8b0369ba-1c4b-11ef-9214-42010a8e0014',12,'2024-05-25 15:51:08','2024-05-25 15:51:08',NULL),
(334,33.33333206176758,'8b036d1c-1c4b-11ef-9214-42010a8e0014',1,'2024-05-25 16:14:39','2024-05-25 16:14:39',NULL),
(335,66.66666412353516,'8b036d1c-1c4b-11ef-9214-42010a8e0014',3,'2024-05-25 16:14:39','2024-05-25 16:14:39',NULL),
(336,66.66667175292969,'8b036f13-1c4b-11ef-9214-42010a8e0014',25,'2024-05-26 22:45:39','2024-05-26 22:45:39',NULL),
(337,0,'8b036f13-1c4b-11ef-9214-42010a8e0014',27,'2024-05-26 22:45:39','2024-05-26 22:45:39',NULL),
(338,100,'8b037063-1c4b-11ef-9214-42010a8e0014',26,'2024-05-26 22:46:35','2024-05-26 22:46:35',NULL),
(339,66.66666412353516,'8b037063-1c4b-11ef-9214-42010a8e0014',28,'2024-05-26 22:46:35','2024-05-26 22:46:35',NULL),
(340,33.33333206176758,'8b0371bb-1c4b-11ef-9214-42010a8e0014',57,'2024-05-27 15:50:58','2024-05-27 15:50:58',NULL),
(341,0,'8b0371bb-1c4b-11ef-9214-42010a8e0014',59,'2024-05-27 15:50:58','2024-05-27 15:50:58',NULL),
(342,33,NULL,2,'2024-05-27 20:21:42','2024-05-27 20:21:42',NULL),
(343,33,NULL,4,'2024-05-27 20:21:42','2024-05-27 20:21:42',NULL),
(344,100,'e1e47a76-f203-44b2-ba26-4eedef112359',34,'2024-05-27 21:38:19','2024-05-27 21:38:19',NULL),
(345,100,'e1e47a76-f203-44b2-ba26-4eedef112359',36,'2024-05-27 21:38:19','2024-05-27 21:38:19',NULL),
(346,100,'7b12696c-523e-4add-ac0e-c704faab7643',25,'2024-05-27 21:53:24','2024-05-27 21:53:24',NULL),
(347,0,'7b12696c-523e-4add-ac0e-c704faab7643',27,'2024-05-27 21:53:24','2024-05-27 21:53:24',NULL),
(348,100,'e4a68f8f-f141-4dbd-a23f-af0f6e503d05',26,'2024-05-27 21:54:22','2024-05-27 21:54:22',NULL),
(349,100,'e4a68f8f-f141-4dbd-a23f-af0f6e503d05',28,'2024-05-27 21:54:22','2024-05-27 21:54:22',NULL),
(350,100,'ad37e3ba-f03e-43d9-8e9d-d01bb10f181d',22,'2024-05-27 22:14:43','2024-05-27 22:14:43',NULL),
(351,0,'ad37e3ba-f03e-43d9-8e9d-d01bb10f181d',24,'2024-05-27 22:14:43','2024-05-27 22:14:43',NULL),
(352,100,'2d6d33e8-ee4f-40f8-a8a6-b9470b3135cb',14,'2024-05-28 19:58:51','2024-05-28 19:58:51',NULL),
(353,0,'2d6d33e8-ee4f-40f8-a8a6-b9470b3135cb',16,'2024-05-28 19:58:51','2024-05-28 19:58:51',NULL),
(354,66.66666412353516,'2eda36fe-aa15-4e5a-8dba-bbbecccdfb82',53,'2024-05-29 14:55:09','2024-05-29 14:55:09',NULL),
(355,0,'2eda36fe-aa15-4e5a-8dba-bbbecccdfb82',55,'2024-05-29 14:55:09','2024-05-29 14:55:09',NULL),
(356,66.66666412353516,'1ba4bcbd-4b6b-4e06-9547-19f255cd564e',54,'2024-05-29 15:09:22','2024-05-29 15:09:22',NULL),
(357,50,'1ba4bcbd-4b6b-4e06-9547-19f255cd564e',56,'2024-05-29 15:09:22','2024-05-29 15:09:22',NULL),
(358,66.66666412353516,'69888789-9121-4b55-8d5d-9b504e9f3d8c',21,'2024-05-29 15:34:40','2024-05-29 15:34:40',NULL),
(359,83.33332824707031,'69888789-9121-4b55-8d5d-9b504e9f3d8c',23,'2024-05-29 15:34:40','2024-05-29 15:34:40',NULL),
(360,66.66666412353516,'398baf52-a8b0-485b-b0f8-6de64b8b8856',49,'2024-05-29 15:38:33','2024-05-29 15:38:33',NULL),
(361,0,'398baf52-a8b0-485b-b0f8-6de64b8b8856',51,'2024-05-29 15:38:33','2024-05-29 15:38:33',NULL),
(362,66.66666412353516,'3993a043-edcc-4c48-bc9b-448eb009d746',50,'2024-05-29 15:40:14','2024-05-29 15:40:14',NULL),
(363,66.66666412353516,'3993a043-edcc-4c48-bc9b-448eb009d746',52,'2024-05-29 15:40:14','2024-05-29 15:40:14',NULL),
(364,100,'3aa635c6-ec32-4161-ab49-ca6225875562',61,'2024-05-29 15:54:49','2024-05-29 15:54:49',NULL),
(365,0,'3aa635c6-ec32-4161-ab49-ca6225875562',63,'2024-05-29 15:54:49','2024-05-29 15:54:49',NULL),
(366,100,'2b320197-9001-41bb-9cad-0afd45bcfa3a',62,'2024-05-29 15:57:35','2024-05-29 15:57:35',NULL),
(367,100,'2b320197-9001-41bb-9cad-0afd45bcfa3a',64,'2024-05-29 15:57:35','2024-05-29 15:57:35',NULL),
(368,100,'c253b3bf-8db4-4165-9de8-a18e660c2689',14,'2024-05-29 16:02:10','2024-05-29 16:02:10',NULL),
(369,0,'c253b3bf-8db4-4165-9de8-a18e660c2689',16,'2024-05-29 16:02:10','2024-05-29 16:02:10',NULL),
(370,33.33333206176758,'148a4fa3-4338-42bd-8e9e-d3f6c87f6cb3',58,'2024-05-29 16:04:33','2024-05-29 16:04:33',NULL),
(371,66.66666412353516,'148a4fa3-4338-42bd-8e9e-d3f6c87f6cb3',60,'2024-05-29 16:04:33','2024-05-29 16:04:33',NULL),
(372,100,'7508ff26-b2c2-42d3-9017-9921f43cf6dc',34,'2024-05-29 16:11:01','2024-05-29 16:11:01',NULL),
(373,100,'7508ff26-b2c2-42d3-9017-9921f43cf6dc',36,'2024-05-29 16:11:01','2024-05-29 16:11:01',NULL),
(374,66.66666412353516,'c55ddb23-6b63-4a2b-bfa5-6b6110966da9',37,'2024-05-29 16:26:58','2024-05-29 16:26:58',NULL),
(375,0,'c55ddb23-6b63-4a2b-bfa5-6b6110966da9',39,'2024-05-29 16:26:58','2024-05-29 16:26:58',NULL),
(376,66.66666412353516,'08528edb-59f0-415c-8cf0-0d5fd960adf9',25,'2024-05-29 16:52:57','2024-05-29 16:52:57',NULL),
(377,0,'08528edb-59f0-415c-8cf0-0d5fd960adf9',27,'2024-05-29 16:52:57','2024-05-29 16:52:57',NULL),
(378,100,'9acf69d9-f105-4755-a106-864312dbc20a',13,'2024-05-29 16:55:13','2024-05-29 16:55:13',NULL),
(379,100,'9acf69d9-f105-4755-a106-864312dbc20a',15,'2024-05-29 16:55:13','2024-05-29 16:55:13',NULL),
(380,100,'4af930a3-ff56-450d-98c6-6534ed9947bf',25,'2024-05-29 16:58:35','2024-05-29 16:58:35',NULL),
(381,0,'4af930a3-ff56-450d-98c6-6534ed9947bf',27,'2024-05-29 16:58:35','2024-05-29 16:58:35',NULL),
(382,100,'c30b3036-c7de-433b-aac9-0455341cafd3',26,'2024-05-29 17:00:35','2024-05-29 17:00:35',NULL),
(383,100,'c30b3036-c7de-433b-aac9-0455341cafd3',28,'2024-05-29 17:00:35','2024-05-29 17:00:35',NULL),
(384,100,'6ed9bba9-1bba-44f7-a587-ed926e54d44b',53,'2024-05-29 18:01:41','2024-05-29 18:01:41',NULL),
(385,0,'6ed9bba9-1bba-44f7-a587-ed926e54d44b',55,'2024-05-29 18:01:41','2024-05-29 18:01:41',NULL),
(386,33.33333206176758,'9f08192f-2ae9-4fa8-9f61-96185540d4e5',54,'2024-05-29 18:11:25','2024-05-29 18:11:25',NULL),
(387,66.66666412353516,'9f08192f-2ae9-4fa8-9f61-96185540d4e5',56,'2024-05-29 18:11:25','2024-05-29 18:11:25',NULL),
(388,33.33333206176758,'cecc5c04-4c86-4101-b68f-9e9a0235a455',65,'2024-05-29 18:20:34','2024-05-29 18:20:34',NULL),
(389,0,'cecc5c04-4c86-4101-b68f-9e9a0235a455',67,'2024-05-29 18:20:34','2024-05-29 18:20:34',NULL),
(390,100,'d9c15713-11a5-4a93-80d2-04ad069427ec',65,'2024-05-29 18:58:29','2024-05-29 18:58:29',NULL),
(391,0,'d9c15713-11a5-4a93-80d2-04ad069427ec',67,'2024-05-29 18:58:29','2024-05-29 18:58:29',NULL),
(392,66.66666412353516,'7a519323-7a77-412d-b86f-61c721aa6cda',41,'2024-05-29 19:13:32','2024-05-29 19:13:32',NULL),
(393,0,'7a519323-7a77-412d-b86f-61c721aa6cda',43,'2024-05-29 19:13:32','2024-05-29 19:13:32',NULL),
(394,66.66666412353516,'779fded6-2dda-4dd4-a27e-2defc8127b23',45,'2024-05-29 19:14:07','2024-05-29 19:14:07',NULL),
(395,0,'779fded6-2dda-4dd4-a27e-2defc8127b23',47,'2024-05-29 19:14:07','2024-05-29 19:14:07',NULL),
(396,100,'3723c731-78ea-4459-a014-762bc39d23d6',37,'2024-05-29 19:19:28','2024-05-29 19:19:28',NULL),
(397,0,'3723c731-78ea-4459-a014-762bc39d23d6',39,'2024-05-29 19:19:28','2024-05-29 19:19:28',NULL),
(398,33.33333206176758,'0d3b572b-ef3d-417b-bd60-19e3159bd458',46,'2024-05-29 19:23:11','2024-05-29 19:23:11',NULL),
(399,50,'0d3b572b-ef3d-417b-bd60-19e3159bd458',48,'2024-05-29 19:23:11','2024-05-29 19:23:11',NULL),
(400,66.66666412353516,'208789f9-87b4-4861-b1d2-1fff8f9bc65f',21,'2024-05-29 23:58:19','2024-05-29 23:58:19',NULL),
(401,83.33332824707031,'208789f9-87b4-4861-b1d2-1fff8f9bc65f',23,'2024-05-29 23:58:19','2024-05-29 23:58:19',NULL),
(402,100,'ad817f9a-f410-4215-a424-175d1bd11cec',2,'2024-05-30 02:15:04','2024-05-30 02:15:04',NULL),
(403,0,'ad817f9a-f410-4215-a424-175d1bd11cec',4,'2024-05-30 02:15:04','2024-05-30 02:15:04',NULL),
(404,100,'5a24f56d-f90d-4a6c-ae1c-60208886d616',3,'2024-05-30 02:18:04','2024-05-30 02:18:04',NULL),
(405,0,'4c5c94a9-1edf-4e6f-9647-0e7862f372ec',8,'2024-05-30 02:21:39','2024-05-30 02:21:39',NULL),
(406,100,'57e74c67-fb19-44f6-81ce-2f123281d5f6',2,'2024-05-30 13:17:56','2024-05-30 13:17:56',NULL),
(407,0,'57e74c67-fb19-44f6-81ce-2f123281d5f6',4,'2024-05-30 13:17:56','2024-05-30 13:17:56',NULL),
(408,100,'09edcfa7-317e-42b7-800f-e3a71ad9bb3c',3,'2024-05-30 13:22:02','2024-05-30 13:22:02',NULL),
(409,33.33333206176758,'515f7749-7e8b-46fb-af3b-99672c32638a',6,'2024-05-30 13:22:59','2024-05-30 13:22:59',NULL),
(410,0,'515f7749-7e8b-46fb-af3b-99672c32638a',8,'2024-05-30 13:22:59','2024-05-30 13:22:59',NULL),
(411,33.33333206176758,'ade96376-590b-4947-b3ea-7f9977b84891',5,'2024-05-30 13:26:40','2024-05-30 13:26:40',NULL),
(412,33.33333206176758,'ade96376-590b-4947-b3ea-7f9977b84891',7,'2024-05-30 13:26:40','2024-05-30 13:26:40',NULL),
(413,0,'65700965-dec3-4941-b745-2dc7cdd99dc4',8,'2024-05-30 13:26:52','2024-05-30 13:26:52',NULL),
(414,100,'1b8f16c2-f9db-4da7-87f4-1dc91f26eaa7',11,'2024-05-30 13:38:19','2024-05-30 13:38:19',NULL),
(415,0,'81473228-c35f-4faa-bb38-b425e8524d54',20,'2024-05-30 13:40:22','2024-05-30 13:40:22',NULL),
(416,100,'e315c3d2-7e3f-405c-9354-3761de58db8f',37,'2024-05-30 17:28:13','2024-05-30 17:28:13',NULL),
(417,0,'e315c3d2-7e3f-405c-9354-3761de58db8f',39,'2024-05-30 17:28:13','2024-05-30 17:28:13',NULL),
(418,33,'70083a9a-474c-4a9a-b346-2b0c08c63334',2,'2024-05-30 20:21:13','2024-05-30 20:21:13',NULL),
(419,33,'70083a9a-474c-4a9a-b346-2b0c08c63334',4,'2024-05-30 20:21:13','2024-05-30 20:21:13',NULL),
(420,100,'44f150aa-59cc-4093-9cc8-f06878328b72',2,'2024-06-01 00:17:34','2024-06-01 00:17:34',NULL),
(421,0,'44f150aa-59cc-4093-9cc8-f06878328b72',4,'2024-06-01 00:17:34','2024-06-01 00:17:34',NULL),
(422,100,'a35ef0b0-e18f-42be-b1ed-671eb06f9ea2',2,'2024-06-01 00:25:02','2024-06-01 00:25:02',NULL),
(423,0,'a35ef0b0-e18f-42be-b1ed-671eb06f9ea2',4,'2024-06-01 00:25:02','2024-06-01 00:25:02',NULL),
(424,100,'a8761b1b-c729-4388-b431-39d46a706c95',6,'2024-06-01 00:33:28','2024-06-01 00:33:28',NULL),
(425,0,'a8761b1b-c729-4388-b431-39d46a706c95',8,'2024-06-01 00:33:28','2024-06-01 00:33:28',NULL),
(426,100,'92af505f-34e5-4e24-8b04-30b3f2779a85',5,'2024-06-01 00:34:35','2024-06-01 00:34:35',NULL),
(427,100,'92af505f-34e5-4e24-8b04-30b3f2779a85',7,'2024-06-01 00:34:35','2024-06-01 00:34:35',NULL),
(428,100,'57a93fa6-1679-4fd9-9462-911af139a9ef',33,'2024-06-01 00:36:29','2024-06-01 00:36:29',NULL),
(429,0,'57a93fa6-1679-4fd9-9462-911af139a9ef',35,'2024-06-01 00:36:29','2024-06-01 00:36:29',NULL),
(430,100,'3396efe5-7ee0-4bc6-9e2c-48b7ed4e4b09',14,'2024-06-01 01:02:56','2024-06-01 01:02:56',NULL),
(431,0,'3396efe5-7ee0-4bc6-9e2c-48b7ed4e4b09',16,'2024-06-01 01:02:56','2024-06-01 01:02:56',NULL),
(432,66.66666412353516,'5a29c05c-e7d8-44e9-91c1-27b03089ebbe',13,'2024-06-01 01:11:28','2024-06-01 01:11:28',NULL),
(433,83.33332824707031,'5a29c05c-e7d8-44e9-91c1-27b03089ebbe',15,'2024-06-01 01:11:28','2024-06-01 01:11:28',NULL),
(434,66.66666412353516,'d0402c17-489c-471c-a062-d4ba660c574b',14,'2024-06-01 16:14:04','2024-06-01 16:14:04',NULL),
(435,0,'d0402c17-489c-471c-a062-d4ba660c574b',16,'2024-06-01 16:14:04','2024-06-01 16:14:04',NULL),
(436,100,'69f34a2a-387d-4437-8d09-bcf8b625d814',13,'2024-06-01 16:18:40','2024-06-01 16:18:40',NULL),
(437,83.33332824707031,'69f34a2a-387d-4437-8d09-bcf8b625d814',15,'2024-06-01 16:18:41','2024-06-01 16:18:41',NULL),
(438,66.66666412353516,'42931108-197d-411d-84f1-f6802ff45246',22,'2024-06-01 17:52:41','2024-06-01 17:52:41',NULL),
(439,0,'42931108-197d-411d-84f1-f6802ff45246',24,'2024-06-01 17:52:41','2024-06-01 17:52:41',NULL),
(440,33.33333206176758,'1db01e34-4559-49d9-a962-c969c2f04457',21,'2024-06-01 18:04:18','2024-06-01 18:04:18',NULL),
(441,50,'1db01e34-4559-49d9-a962-c969c2f04457',23,'2024-06-01 18:04:18','2024-06-01 18:04:18',NULL),
(442,33.33333206176758,'f5408a55-d8b7-4a35-b518-c6a0cf297d19',37,'2024-06-01 18:40:42','2024-06-01 18:40:42',NULL),
(443,0,'f5408a55-d8b7-4a35-b518-c6a0cf297d19',39,'2024-06-01 18:40:42','2024-06-01 18:40:42',NULL),
(444,33.33333206176758,'2abdb307-74fa-4d2a-8a56-916ce61aacb0',38,'2024-06-01 20:33:19','2024-06-01 20:33:19',NULL),
(445,33.33333206176758,'2abdb307-74fa-4d2a-8a56-916ce61aacb0',40,'2024-06-01 20:33:19','2024-06-01 20:33:19',NULL),
(446,33.33333206176758,'fccc940e-1780-44d9-ae82-1676bdbe23b2',41,'2024-06-01 21:04:10','2024-06-01 21:04:10',NULL),
(447,0,'fccc940e-1780-44d9-ae82-1676bdbe23b2',43,'2024-06-01 21:04:10','2024-06-01 21:04:10',NULL),
(448,66.66666412353516,'c0d7225f-d5f5-4911-9fb0-0342c0f8cdb7',41,'2024-06-01 23:16:57','2024-06-01 23:16:57',NULL),
(449,0,'c0d7225f-d5f5-4911-9fb0-0342c0f8cdb7',43,'2024-06-01 23:16:57','2024-06-01 23:16:57',NULL),
(450,100,'06ef0f67-8cd1-4e6e-8420-f7446ce96cdf',41,'2024-06-02 14:10:55','2024-06-02 14:10:55',NULL),
(451,0,'06ef0f67-8cd1-4e6e-8420-f7446ce96cdf',43,'2024-06-02 14:10:55','2024-06-02 14:10:55',NULL),
(452,33.33333206176758,'a9b66b2b-8b7c-4fb8-9027-c10758ae61bb',45,'2024-06-03 02:43:40','2024-06-03 02:43:40',NULL),
(453,0,'a9b66b2b-8b7c-4fb8-9027-c10758ae61bb',47,'2024-06-03 02:43:40','2024-06-03 02:43:40',NULL),
(454,33.33333206176758,'5e4d6a06-3907-4907-b9e7-f25389f345a0',61,'2024-06-03 03:49:28','2024-06-03 03:49:28',NULL),
(455,0,'5e4d6a06-3907-4907-b9e7-f25389f345a0',63,'2024-06-03 03:49:28','2024-06-03 03:49:28',NULL),
(456,100,'edf0acf4-cacb-460a-a054-43b319fabb60',61,'2024-06-03 04:04:39','2024-06-03 04:04:39',NULL),
(457,0,'edf0acf4-cacb-460a-a054-43b319fabb60',63,'2024-06-03 04:04:39','2024-06-03 04:04:39',NULL),
(458,100,'7458b459-df56-4e0b-8abf-7939b8f0be33',62,'2024-06-03 04:10:51','2024-06-03 04:10:51',NULL),
(459,66.66666412353516,'7458b459-df56-4e0b-8abf-7939b8f0be33',64,'2024-06-03 04:10:51','2024-06-03 04:10:51',NULL),
(460,33.33333206176758,'d1e9970b-6282-4f16-adfb-606e298c8a38',65,'2024-06-03 15:03:55','2024-06-03 15:03:55',NULL),
(461,0,'d1e9970b-6282-4f16-adfb-606e298c8a38',67,'2024-06-03 15:03:55','2024-06-03 15:03:55',NULL),
(462,33.33333206176758,'46628584-9d86-44ba-8031-849e30c8c174',65,'2024-06-03 15:26:33','2024-06-03 15:26:33',NULL),
(463,0,'46628584-9d86-44ba-8031-849e30c8c174',67,'2024-06-03 15:26:33','2024-06-03 15:26:33',NULL),
(464,33.33333206176758,'7e2ff8fa-2e18-47f9-94b9-c95959b9cd78',69,'2024-06-03 16:16:35','2024-06-03 16:16:35',NULL),
(465,0,'7e2ff8fa-2e18-47f9-94b9-c95959b9cd78',71,'2024-06-03 16:16:35','2024-06-03 16:16:35',NULL),
(466,100,'bf73362a-3f6b-4670-bdea-585bbbb3e5db',10,'2024-06-03 21:41:22','2024-06-03 21:41:22',NULL),
(467,0,'bf73362a-3f6b-4670-bdea-585bbbb3e5db',12,'2024-06-03 21:41:22','2024-06-03 21:41:22',NULL),
(468,100,'baf805a9-e58c-42c3-8083-e17081971367',29,'2024-06-03 21:45:11','2024-06-03 21:45:11',NULL),
(469,0,'baf805a9-e58c-42c3-8083-e17081971367',31,'2024-06-03 21:45:11','2024-06-03 21:45:11',NULL),
(470,33.33333206176758,'b7635c16-fbb1-4fec-935e-125470a8a3cf',37,'2024-06-03 22:53:42','2024-06-03 22:53:42',NULL),
(471,0,'b7635c16-fbb1-4fec-935e-125470a8a3cf',39,'2024-06-03 22:53:42','2024-06-03 22:53:42',NULL),
(472,100,'6c949724-f394-490b-9f5b-a2618350fd7b',37,'2024-06-03 23:11:26','2024-06-03 23:11:26',NULL),
(473,0,'6c949724-f394-490b-9f5b-a2618350fd7b',39,'2024-06-03 23:11:26','2024-06-03 23:11:26',NULL),
(474,100,'5aa66b1d-d316-4e4d-9434-ad43b3fd1085',38,'2024-06-03 23:13:29','2024-06-03 23:13:29',NULL),
(475,66.66666412353516,'5aa66b1d-d316-4e4d-9434-ad43b3fd1085',40,'2024-06-03 23:13:29','2024-06-03 23:13:29',NULL),
(476,100,'da9e4130-eb29-42ae-86c4-a815d3d56142',34,'2024-06-04 15:17:36','2024-06-04 15:17:36',NULL),
(477,100,'da9e4130-eb29-42ae-86c4-a815d3d56142',36,'2024-06-04 15:17:36','2024-06-04 15:17:36',NULL),
(478,100,'d4b6340a-3b8f-426d-8037-f1cba757cc1b',65,'2024-06-04 15:23:16','2024-06-04 15:23:16',NULL),
(479,0,'d4b6340a-3b8f-426d-8037-f1cba757cc1b',67,'2024-06-04 15:23:16','2024-06-04 15:23:16',NULL),
(480,66.66667175292969,'d4f77a22-110a-45b7-b31b-cfa98ab2a0d1',22,'2024-06-04 15:30:09','2024-06-04 15:30:09',NULL),
(481,0,'d4f77a22-110a-45b7-b31b-cfa98ab2a0d1',24,'2024-06-04 15:30:09','2024-06-04 15:30:09',NULL),
(482,66.66667175292969,'221718cb-f9d5-40ee-b0ad-925c796fc385',21,'2024-06-04 15:34:46','2024-06-04 15:34:46',NULL),
(483,66.66667175292969,'221718cb-f9d5-40ee-b0ad-925c796fc385',23,'2024-06-04 15:34:46','2024-06-04 15:34:46',NULL),
(484,33.333335876464844,'85735bcb-151f-4309-910d-6deea6c9132e',25,'2024-06-04 15:40:15','2024-06-04 15:40:15',NULL),
(485,0,'85735bcb-151f-4309-910d-6deea6c9132e',27,'2024-06-04 15:40:15','2024-06-04 15:40:15',NULL),
(486,66.66667175292969,'229ba573-45fd-4dd8-9761-573358a21356',26,'2024-06-04 15:41:38','2024-06-04 15:41:38',NULL),
(487,50.000003814697266,'229ba573-45fd-4dd8-9761-573358a21356',28,'2024-06-04 15:41:38','2024-06-04 15:41:38',NULL),
(488,100,'237cf7d1-3005-4571-80ac-8406789c4c42',1,'2024-06-04 16:22:22','2024-06-04 16:22:22',NULL),
(489,100,'237cf7d1-3005-4571-80ac-8406789c4c42',3,'2024-06-04 16:22:22','2024-06-04 16:22:22',NULL),
(490,66.66666412353516,'3c178f41-2548-4e84-bf2c-ff9bbb04e19b',2,'2024-06-05 02:31:10','2024-06-05 02:31:10',NULL),
(491,0,'3c178f41-2548-4e84-bf2c-ff9bbb04e19b',4,'2024-06-05 02:31:10','2024-06-05 02:31:10',NULL),
(492,100,'bc736e8f-1aa2-450d-bf1c-ded1e0ac07d3',2,'2024-06-05 02:37:56','2024-06-05 02:37:56',NULL),
(493,0,'bc736e8f-1aa2-450d-bf1c-ded1e0ac07d3',4,'2024-06-05 02:37:56','2024-06-05 02:37:56',NULL),
(494,66.66666412353516,'e74a4d23-c659-4d18-9f2f-f6ef2cbd46bb',1,'2024-06-05 03:12:19','2024-06-05 03:12:19',NULL),
(495,66.66666412353516,'e74a4d23-c659-4d18-9f2f-f6ef2cbd46bb',3,'2024-06-05 03:12:19','2024-06-05 03:12:19',NULL),
(496,100,'293f3704-31b4-4f3e-b1f7-65037af8a7f3',6,'2024-06-05 03:25:40','2024-06-05 03:25:40',NULL),
(497,0,'293f3704-31b4-4f3e-b1f7-65037af8a7f3',8,'2024-06-05 03:25:40','2024-06-05 03:25:40',NULL),
(498,100,'794ec283-8508-403c-a8fd-1e5d61c72645',5,'2024-06-05 03:27:17','2024-06-05 03:27:17',NULL),
(499,100,'794ec283-8508-403c-a8fd-1e5d61c72645',7,'2024-06-05 03:27:17','2024-06-05 03:27:17',NULL),
(500,100,'3741afd7-045f-4236-a73e-071223d089ae',10,'2024-06-05 03:34:47','2024-06-05 03:34:47',NULL),
(501,0,'3741afd7-045f-4236-a73e-071223d089ae',12,'2024-06-05 03:34:47','2024-06-05 03:34:47',NULL),
(502,33.33333206176758,'a1916d1d-8b1c-467e-ac50-462790e5b1e2',9,'2024-06-05 03:40:42','2024-06-05 03:40:42',NULL),
(503,66.66666412353516,'a1916d1d-8b1c-467e-ac50-462790e5b1e2',11,'2024-06-05 03:40:42','2024-06-05 03:40:42',NULL),
(504,100,'bc712cce-da05-4ad7-8144-97eefaf20695',14,'2024-06-05 03:47:30','2024-06-05 03:47:30',NULL),
(505,0,'bc712cce-da05-4ad7-8144-97eefaf20695',16,'2024-06-05 03:47:30','2024-06-05 03:47:30',NULL),
(506,100,'9de50567-b396-4743-9355-64e5825a7447',13,'2024-06-05 03:51:39','2024-06-05 03:51:39',NULL),
(507,100,'9de50567-b396-4743-9355-64e5825a7447',15,'2024-06-05 03:51:39','2024-06-05 03:51:39',NULL),
(508,100,'d95cc540-f646-41c1-9208-a38fe6891e6d',22,'2024-06-05 14:30:31','2024-06-05 14:30:31',NULL),
(509,0,'d95cc540-f646-41c1-9208-a38fe6891e6d',24,'2024-06-05 14:30:31','2024-06-05 14:30:31',NULL),
(510,100,'f3fca001-ca88-428c-bd2b-543ccaf7920a',21,'2024-06-05 14:35:19','2024-06-05 14:35:19',NULL),
(511,100,'f3fca001-ca88-428c-bd2b-543ccaf7920a',23,'2024-06-05 14:35:19','2024-06-05 14:35:19',NULL),
(512,33.333335876464844,'c1702c90-264d-4ea1-8250-94d41c9c1071',2,'2024-06-05 14:48:02','2024-06-05 14:48:02',NULL),
(513,0,'c1702c90-264d-4ea1-8250-94d41c9c1071',4,'2024-06-05 14:48:03','2024-06-05 14:48:03',NULL),
(514,100,'e8cd4079-eed0-4ade-acfd-8dc5a1d9d088',1,'2024-06-05 14:48:56','2024-06-05 14:48:56',NULL),
(515,66.66667175292969,'e8cd4079-eed0-4ade-acfd-8dc5a1d9d088',3,'2024-06-05 14:48:56','2024-06-05 14:48:56',NULL),
(516,100,'f949c9ab-5a8e-4ace-8dcf-bc696af0a526',6,'2024-06-05 14:52:32','2024-06-05 14:52:32',NULL),
(517,0,'f949c9ab-5a8e-4ace-8dcf-bc696af0a526',8,'2024-06-05 14:52:32','2024-06-05 14:52:32',NULL),
(518,100,'1816ef2b-744e-4f09-a827-de2a540d8faa',5,'2024-06-05 14:55:06','2024-06-05 14:55:06',NULL),
(519,100,'1816ef2b-744e-4f09-a827-de2a540d8faa',7,'2024-06-05 14:55:06','2024-06-05 14:55:06',NULL),
(520,100,'553babc8-7ca5-46a7-a0a0-bc0339ad061c',10,'2024-06-05 15:00:07','2024-06-05 15:00:07',NULL),
(521,0,'553babc8-7ca5-46a7-a0a0-bc0339ad061c',12,'2024-06-05 15:00:08','2024-06-05 15:00:08',NULL),
(522,100,'88d0be05-95f9-4907-8d9c-bdf28ed1635c',9,'2024-06-05 15:02:44','2024-06-05 15:02:44',NULL),
(523,100,'88d0be05-95f9-4907-8d9c-bdf28ed1635c',11,'2024-06-05 15:02:44','2024-06-05 15:02:44',NULL),
(524,100,'ab89e278-44ea-493f-aebc-66421f3587ef',14,'2024-06-05 15:06:08','2024-06-05 15:06:08',NULL),
(525,0,'ab89e278-44ea-493f-aebc-66421f3587ef',16,'2024-06-05 15:06:08','2024-06-05 15:06:08',NULL),
(526,100,'6874e382-d519-4276-a8e0-ff4b8141fc94',13,'2024-06-05 15:09:45','2024-06-05 15:09:45',NULL),
(527,100,'6874e382-d519-4276-a8e0-ff4b8141fc94',15,'2024-06-05 15:09:45','2024-06-05 15:09:45',NULL),
(528,100,'bc97d8a3-b200-482e-bbfc-1f329678e7a7',18,'2024-06-05 15:31:11','2024-06-05 15:31:11',NULL),
(529,0,'bc97d8a3-b200-482e-bbfc-1f329678e7a7',20,'2024-06-05 15:31:11','2024-06-05 15:31:11',NULL),
(530,100,'738ef3f6-282d-4395-ae62-e164de403330',17,'2024-06-05 15:34:20','2024-06-05 15:34:20',NULL),
(531,100,'738ef3f6-282d-4395-ae62-e164de403330',19,'2024-06-05 15:34:20','2024-06-05 15:34:20',NULL),
(532,100,'2a9903c4-0180-41dd-94d4-b65fac03dde9',25,'2024-06-05 15:58:18','2024-06-05 15:58:18',NULL),
(533,0,'2a9903c4-0180-41dd-94d4-b65fac03dde9',27,'2024-06-05 15:58:18','2024-06-05 15:58:18',NULL),
(534,66.66666412353516,'52334f8f-bb6e-4e0a-8364-c1cec45dc785',26,'2024-06-05 16:01:20','2024-06-05 16:01:20',NULL),
(535,83.33332824707031,'52334f8f-bb6e-4e0a-8364-c1cec45dc785',28,'2024-06-05 16:01:20','2024-06-05 16:01:20',NULL),
(536,100,'724564df-8921-41de-a3c5-24e6d9410012',53,'2024-06-05 16:42:09','2024-06-05 16:42:09',NULL),
(537,0,'724564df-8921-41de-a3c5-24e6d9410012',55,'2024-06-05 16:42:09','2024-06-05 16:42:09',NULL),
(538,66.66667175292969,'6acf7eac-c751-4083-950b-397d9bd6f875',54,'2024-06-05 16:44:26','2024-06-05 16:44:26',NULL),
(539,83.33333587646484,'6acf7eac-c751-4083-950b-397d9bd6f875',56,'2024-06-05 16:44:26','2024-06-05 16:44:26',NULL),
(540,33.333335876464844,'074dca66-b608-404f-958e-88d935ecf0d2',45,'2024-06-05 16:52:26','2024-06-05 16:52:26',NULL),
(541,0,'074dca66-b608-404f-958e-88d935ecf0d2',47,'2024-06-05 16:52:26','2024-06-05 16:52:26',NULL),
(542,66.66667175292969,'35529284-cbfc-43b5-9115-e40df62facc9',66,'2024-06-05 16:52:30','2024-06-05 16:52:30',NULL),
(543,83.33333587646484,'35529284-cbfc-43b5-9115-e40df62facc9',68,'2024-06-05 16:52:30','2024-06-05 16:52:30',NULL),
(544,100,'1ba41662-6460-4280-a365-a106bdca3119',33,'2024-06-05 17:41:54','2024-06-05 17:41:54',NULL),
(545,0,'1ba41662-6460-4280-a365-a106bdca3119',35,'2024-06-05 17:41:54','2024-06-05 17:41:54',NULL),
(546,66.66666412353516,'383c527c-c9c5-476c-b325-1918a6bafa12',34,'2024-06-05 17:44:44','2024-06-05 17:44:44',NULL),
(547,83.33332824707031,'383c527c-c9c5-476c-b325-1918a6bafa12',36,'2024-06-05 17:44:44','2024-06-05 17:44:44',NULL),
(548,100,'5a1edf90-355a-4b3a-a029-d82367f13ed0',34,'2024-06-05 17:51:37','2024-06-05 17:51:37',NULL),
(549,100,'5a1edf90-355a-4b3a-a029-d82367f13ed0',36,'2024-06-05 17:51:37','2024-06-05 17:51:37',NULL),
(550,100,'9e4d3192-bb88-4548-a919-31108e638f9c',29,'2024-06-05 17:59:14','2024-06-05 17:59:14',NULL),
(551,0,'9e4d3192-bb88-4548-a919-31108e638f9c',31,'2024-06-05 17:59:14','2024-06-05 17:59:14',NULL),
(552,66.66667175292969,'de7ce82a-ff10-4c44-916c-3fba086f1c8c',6,'2024-06-05 17:59:53','2024-06-05 17:59:53',NULL),
(553,0,'de7ce82a-ff10-4c44-916c-3fba086f1c8c',8,'2024-06-05 17:59:53','2024-06-05 17:59:53',NULL),
(554,33.333335876464844,'52555c68-d9b3-4fa1-ac76-ae69612581fc',5,'2024-06-05 18:07:15','2024-06-05 18:07:15',NULL),
(555,50.000003814697266,'52555c68-d9b3-4fa1-ac76-ae69612581fc',7,'2024-06-05 18:07:15','2024-06-05 18:07:15',NULL),
(556,100,'2b010b0a-1af8-4d5c-bf93-ca35c2536381',6,'2024-06-05 20:31:09','2024-06-05 20:31:09',NULL),
(557,0,'2b010b0a-1af8-4d5c-bf93-ca35c2536381',8,'2024-06-05 20:31:09','2024-06-05 20:31:09',NULL),
(558,100,'1a6aeee1-3746-4478-8921-588709e09fda',5,'2024-06-05 20:31:10','2024-06-05 20:31:10',NULL),
(559,100,'1a6aeee1-3746-4478-8921-588709e09fda',7,'2024-06-05 20:31:10','2024-06-05 20:31:10',NULL),
(560,33.33333206176758,'31fc7c8a-7166-4bdb-a3eb-9a19f41b181d',10,'2024-06-05 20:31:10','2024-06-05 20:31:10',NULL),
(561,0,'31fc7c8a-7166-4bdb-a3eb-9a19f41b181d',12,'2024-06-05 20:31:10','2024-06-05 20:31:10',NULL),
(562,33.33333206176758,'5a57df4f-1fb7-4b1a-baae-f62cf85f87e4',14,'2024-06-05 20:31:10','2024-06-05 20:31:10',NULL),
(563,0,'5a57df4f-1fb7-4b1a-baae-f62cf85f87e4',16,'2024-06-05 20:31:10','2024-06-05 20:31:10',NULL),
(564,66.66666412353516,'c2d5a9c9-331f-4b34-9c5e-a719d3d41f31',13,'2024-06-05 20:31:10','2024-06-05 20:31:10',NULL),
(565,66.66666412353516,'c2d5a9c9-331f-4b34-9c5e-a719d3d41f31',15,'2024-06-05 20:31:10','2024-06-05 20:31:10',NULL),
(567,33.333335876464844,'45c371c4-358a-4cbd-b99a-92245dc3cf5b',45,'2024-06-05 21:35:32','2024-06-05 21:35:32',NULL),
(568,0,'45c371c4-358a-4cbd-b99a-92245dc3cf5b',47,'2024-06-05 21:35:32','2024-06-05 21:35:32',NULL),
(569,33.333335876464844,'432604a0-4179-481c-9c7d-bb2e2440f30a',46,'2024-06-05 21:44:40','2024-06-05 21:44:40',NULL),
(570,33.333335876464844,'432604a0-4179-481c-9c7d-bb2e2440f30a',48,'2024-06-05 21:44:40','2024-06-05 21:44:40',NULL),
(571,100,'53f4794b-64fd-4db2-b289-752caee9b0bd',37,'2024-06-05 22:00:39','2024-06-05 22:00:39',NULL),
(572,0,'53f4794b-64fd-4db2-b289-752caee9b0bd',39,'2024-06-05 22:00:39','2024-06-05 22:00:39',NULL),
(573,33.33333206176758,'fefc60e1-7b9e-41d3-b9ae-54d019eaaab5',38,'2024-06-05 22:08:58','2024-06-05 22:08:58',NULL),
(574,66.66666412353516,'fefc60e1-7b9e-41d3-b9ae-54d019eaaab5',40,'2024-06-05 22:08:58','2024-06-05 22:08:58',NULL),
(575,100,'6f6783e1-9a3a-4ac5-8dcc-5bca5d4851bb',38,'2024-06-05 22:17:36','2024-06-05 22:17:36',NULL),
(576,100,'6f6783e1-9a3a-4ac5-8dcc-5bca5d4851bb',40,'2024-06-05 22:17:37','2024-06-05 22:17:37',NULL),
(577,100,'663ae47c-68f2-4115-8760-5600f748b54b',41,'2024-06-05 22:24:47','2024-06-05 22:24:47',NULL),
(578,0,'663ae47c-68f2-4115-8760-5600f748b54b',43,'2024-06-05 22:24:47','2024-06-05 22:24:47',NULL),
(579,66.66666412353516,'fcdb5ba1-3397-4aea-bf3f-f7c6260dd88b',45,'2024-06-05 22:38:54','2024-06-05 22:38:54',NULL),
(580,0,'fcdb5ba1-3397-4aea-bf3f-f7c6260dd88b',47,'2024-06-05 22:38:54','2024-06-05 22:38:54',NULL),
(581,100,'26ed7557-b3e2-4ab4-8238-35adbe631ba0',46,'2024-06-05 22:47:12','2024-06-05 22:47:12',NULL),
(582,83.33332824707031,'26ed7557-b3e2-4ab4-8238-35adbe631ba0',48,'2024-06-05 22:47:12','2024-06-05 22:47:12',NULL),
(583,100,'42bffce3-0a68-4537-9a95-7fd77e1628a4',37,'2024-06-06 01:06:01','2024-06-06 01:06:01',NULL),
(584,0,'42bffce3-0a68-4537-9a95-7fd77e1628a4',39,'2024-06-06 01:06:01','2024-06-06 01:06:01',NULL),
(585,100,'0c47781f-5cce-4e0e-aace-e24a0d99273f',38,'2024-06-06 01:07:38','2024-06-06 01:07:38',NULL),
(586,100,'0c47781f-5cce-4e0e-aace-e24a0d99273f',40,'2024-06-06 01:07:38','2024-06-06 01:07:38',NULL),
(587,100,'46e762c9-92fb-4abd-a38a-d0fef68b716c',14,'2024-06-06 01:14:03','2024-06-06 01:14:03',NULL),
(588,0,'46e762c9-92fb-4abd-a38a-d0fef68b716c',16,'2024-06-06 01:14:03','2024-06-06 01:14:03',NULL),
(589,33.33333206176758,'79a3549b-d538-44af-bfef-f5bdca8b4f6b',49,'2024-06-06 01:31:07','2024-06-06 01:31:07',NULL),
(590,0,'79a3549b-d538-44af-bfef-f5bdca8b4f6b',51,'2024-06-06 01:31:07','2024-06-06 01:31:07',NULL),
(591,100,'941a168a-a6df-45b4-be13-63c21586386c',50,'2024-06-06 01:32:30','2024-06-06 01:32:30',NULL),
(592,66.66666412353516,'941a168a-a6df-45b4-be13-63c21586386c',52,'2024-06-06 01:32:30','2024-06-06 01:32:30',NULL),
(593,100,'0c331d0e-31d5-4e0c-ab52-9ecc2cd126dc',53,'2024-06-06 01:36:03','2024-06-06 01:36:03',NULL),
(594,0,'0c331d0e-31d5-4e0c-ab52-9ecc2cd126dc',55,'2024-06-06 01:36:03','2024-06-06 01:36:03',NULL),
(595,100,'2b33ab53-a45b-4e18-aa76-7116997bc32d',54,'2024-06-06 01:39:28','2024-06-06 01:39:28',NULL),
(596,100,'2b33ab53-a45b-4e18-aa76-7116997bc32d',56,'2024-06-06 01:39:28','2024-06-06 01:39:28',NULL),
(597,100,'2fc0ecb6-3914-4a4f-b3e2-8765f3f90bce',57,'2024-06-06 01:45:47','2024-06-06 01:45:47',NULL),
(598,0,'2fc0ecb6-3914-4a4f-b3e2-8765f3f90bce',59,'2024-06-06 01:45:47','2024-06-06 01:45:47',NULL),
(599,33.33333206176758,'ad5e6d2d-9f36-492f-bd47-4222a9afcaed',18,'2024-06-06 01:49:44','2024-06-06 01:49:44',NULL),
(600,0,'ad5e6d2d-9f36-492f-bd47-4222a9afcaed',20,'2024-06-06 01:49:44','2024-06-06 01:49:44',NULL),
(601,100,'6a927040-50b6-400d-ab6e-13237e337fd4',18,'2024-06-06 01:57:43','2024-06-06 01:57:43',NULL),
(602,0,'6a927040-50b6-400d-ab6e-13237e337fd4',20,'2024-06-06 01:57:43','2024-06-06 01:57:43',NULL),
(603,33.33333206176758,'95e493ce-977a-4496-9258-119eca96b532',58,'2024-06-06 02:08:46','2024-06-06 02:08:46',NULL),
(604,66.66666412353516,'95e493ce-977a-4496-9258-119eca96b532',60,'2024-06-06 02:08:46','2024-06-06 02:08:46',NULL),
(605,33.33333206176758,'19f7dc3b-b53c-4575-a36b-19ab22c72e0f',22,'2024-06-06 02:12:02','2024-06-06 02:12:02',NULL),
(606,0,'19f7dc3b-b53c-4575-a36b-19ab22c72e0f',24,'2024-06-06 02:12:02','2024-06-06 02:12:02',NULL),
(607,100,'923c9998-abe0-4710-96ed-10b8b234cb7d',61,'2024-06-06 02:14:19','2024-06-06 02:14:19',NULL),
(608,0,'923c9998-abe0-4710-96ed-10b8b234cb7d',63,'2024-06-06 02:14:19','2024-06-06 02:14:19',NULL),
(609,66.66666412353516,'56f8e4fe-15d4-4f83-a834-2d63d7da5007',21,'2024-06-06 02:14:39','2024-06-06 02:14:39',NULL),
(610,66.66667175292969,'56f8e4fe-15d4-4f83-a834-2d63d7da5007',23,'2024-06-06 02:14:39','2024-06-06 02:14:39',NULL),
(611,100,'7f4e9014-cae3-4068-a198-beb0a0e24cee',62,'2024-06-06 02:18:02','2024-06-06 02:18:02',NULL),
(612,100,'7f4e9014-cae3-4068-a198-beb0a0e24cee',64,'2024-06-06 02:18:02','2024-06-06 02:18:02',NULL),
(613,100,'e0aa86c6-a534-4b4b-8530-237113c94a2f',65,'2024-06-06 02:52:38','2024-06-06 02:52:38',NULL),
(614,0,'e0aa86c6-a534-4b4b-8530-237113c94a2f',67,'2024-06-06 02:52:38','2024-06-06 02:52:38',NULL),
(615,100,'bc0777c5-7d96-4b7c-a141-a771c957f78e',69,'2024-06-06 03:10:51','2024-06-06 03:10:51',NULL),
(616,0,'bc0777c5-7d96-4b7c-a141-a771c957f78e',71,'2024-06-06 03:10:51','2024-06-06 03:10:51',NULL),
(617,100,'08b1eaff-d68e-4945-a3c7-5dc6b608c127',65,'2024-06-06 03:59:33','2024-06-06 03:59:33',NULL),
(618,0,'08b1eaff-d68e-4945-a3c7-5dc6b608c127',67,'2024-06-06 03:59:33','2024-06-06 03:59:33',NULL),
(619,100,'67754c13-69ca-4fe3-a206-69a18362870b',66,'2024-06-06 04:07:38','2024-06-06 04:07:38',NULL),
(620,100,'67754c13-69ca-4fe3-a206-69a18362870b',68,'2024-06-06 04:07:38','2024-06-06 04:07:38',NULL),
(621,100,'ba8592ed-fb18-480e-aaac-99084a8443f8',69,'2024-06-06 04:12:04','2024-06-06 04:12:04',NULL),
(622,0,'ba8592ed-fb18-480e-aaac-99084a8443f8',71,'2024-06-06 04:12:04','2024-06-06 04:12:04',NULL),
(623,100,'f588a4ba-07ff-4f07-a42d-c18feeed8f54',6,'2024-06-06 05:02:34','2024-06-06 05:02:34',NULL),
(624,0,'f588a4ba-07ff-4f07-a42d-c18feeed8f54',8,'2024-06-06 05:02:34','2024-06-06 05:02:34',NULL),
(625,100,'c0e7a129-ebc6-49b4-84d0-4791ffe01aef',5,'2024-06-06 05:04:50','2024-06-06 05:04:50',NULL),
(626,100,'c0e7a129-ebc6-49b4-84d0-4791ffe01aef',7,'2024-06-06 05:04:50','2024-06-06 05:04:50',NULL),
(627,20,'c4e38b65-abff-4acf-b036-341c1effd982',25,'2024-06-06 05:15:38','2024-06-06 05:15:38',NULL),
(628,20,'c4e38b65-abff-4acf-b036-341c1effd982',27,'2024-06-06 05:15:38','2024-06-06 05:15:38',NULL),
(629,100,'4406e24a-d2d9-4bbc-a903-3ba0774f5ef7',25,'2024-06-06 05:20:55','2024-06-06 05:20:55',NULL),
(630,0,'4406e24a-d2d9-4bbc-a903-3ba0774f5ef7',27,'2024-06-06 05:20:55','2024-06-06 05:20:55',NULL),
(631,100,'96f2790f-e527-45fd-a19a-58ceab3f0791',22,'2024-06-06 07:44:05','2024-06-06 07:44:05',NULL),
(632,0,'96f2790f-e527-45fd-a19a-58ceab3f0791',24,'2024-06-06 07:44:05','2024-06-06 07:44:05',NULL),
(633,100,NULL,2,'2024-06-06 13:51:56','2024-06-06 13:51:56',NULL),
(634,0,NULL,4,'2024-06-06 13:51:56','2024-06-06 13:51:56',NULL),
(635,100,'8d2fe856-db59-4e05-a758-6775b76c76eb',33,'2024-06-06 15:17:01','2024-06-06 15:17:01',NULL),
(636,0,'8d2fe856-db59-4e05-a758-6775b76c76eb',35,'2024-06-06 15:17:01','2024-06-06 15:17:01',NULL),
(637,100,'7b5553e9-7dec-4dcf-a70e-2272b3f15ca1',34,'2024-06-06 15:19:42','2024-06-06 15:19:42',NULL),
(638,100,'7b5553e9-7dec-4dcf-a70e-2272b3f15ca1',36,'2024-06-06 15:19:42','2024-06-06 15:19:42',NULL),
(639,100,'4c5c94a9-1edf-4e6f-9647-0e7862f372ec',6,'2024-05-30 02:21:39','2024-05-30 02:21:39',NULL),
(640,100,'5a24f56d-f90d-4a6c-ae1c-60208886d616',1,'2024-05-30 02:18:04','2024-05-30 02:18:04',NULL),
(641,100,'8b034975-1c4b-11ef-9214-42010a8e0014',10,'2024-05-23 13:52:39','2024-05-23 13:52:39',NULL),
(642,100,'81473228-c35f-4faa-bb38-b425e8524d54',18,'2024-05-30 13:40:22','2024-05-30 13:40:22',NULL),
(643,66.66667175292969,'b330bf85-0342-4518-b5bd-e82acde9a5be',18,'2024-06-07 14:04:44','2024-06-07 14:04:44',NULL),
(644,0,'b330bf85-0342-4518-b5bd-e82acde9a5be',20,'2024-06-07 14:04:44','2024-06-07 14:04:44',NULL),
(645,100,'d006ff9c-b6db-4da8-a360-20ad4d67b9b2',17,'2024-06-07 14:08:50','2024-06-07 14:08:50',NULL),
(646,83.33333587646484,'d006ff9c-b6db-4da8-a360-20ad4d67b9b2',19,'2024-06-07 14:08:50','2024-06-07 14:08:50',NULL),
(647,66.66666412353516,'94c0e94f-1850-4584-a60f-ac59c1a79b8b',49,'2024-06-07 15:19:48','2024-06-07 15:19:48',NULL),
(648,0,'94c0e94f-1850-4584-a60f-ac59c1a79b8b',51,'2024-06-07 15:19:48','2024-06-07 15:19:48',NULL),
(649,66.66666412353516,'9bf4d464-9039-4f5f-8212-fd2dac4ba1dc',50,'2024-06-07 15:22:55','2024-06-07 15:22:55',NULL),
(650,66.66666412353516,'9bf4d464-9039-4f5f-8212-fd2dac4ba1dc',52,'2024-06-07 15:22:55','2024-06-07 15:22:55',NULL),
(651,66.66666412353516,'0cc473a5-b9b3-47be-b693-3cc97ecfe22b',77,'2024-06-08 17:08:03','2024-06-08 17:08:03',NULL),
(652,0,'0cc473a5-b9b3-47be-b693-3cc97ecfe22b',79,'2024-06-08 17:08:03','2024-06-08 17:08:03',NULL),
(653,100,'2eb94bd2-a370-41dc-afe5-da5a272e55a3',77,'2024-06-08 17:12:02','2024-06-08 17:12:02',NULL),
(654,0,'2eb94bd2-a370-41dc-afe5-da5a272e55a3',79,'2024-06-08 17:12:02','2024-06-08 17:12:02',NULL),
(655,33.33333206176758,'248243a3-4a06-4e31-b117-b2d196f523ed',69,'2024-06-08 22:05:36','2024-06-08 22:05:36',NULL),
(656,0,'248243a3-4a06-4e31-b117-b2d196f523ed',71,'2024-06-08 22:05:36','2024-06-08 22:05:36',NULL),
(657,100,'da334977-97e1-457c-8006-7bbd6fd5324b',85,'2024-06-08 23:20:56','2024-06-08 23:20:56',NULL),
(658,0,'da334977-97e1-457c-8006-7bbd6fd5324b',87,'2024-06-08 23:20:56','2024-06-08 23:20:56',NULL),
(659,33.33333206176758,'6316df10-bfa3-47d8-8b2d-42188be1e568',109,'2024-06-09 20:49:55','2024-06-09 20:49:55',NULL),
(660,0,'6316df10-bfa3-47d8-8b2d-42188be1e568',111,'2024-06-09 20:49:55','2024-06-09 20:49:55',NULL),
(661,33.33333206176758,'a4d16c04-0f31-49b9-a1e9-47c10c2126bf',110,'2024-06-09 21:09:01','2024-06-09 21:09:01',NULL),
(662,33.33333206176758,'a4d16c04-0f31-49b9-a1e9-47c10c2126bf',112,'2024-06-09 21:09:01','2024-06-09 21:09:01',NULL),
(663,100,'9207c218-a749-49a2-82dd-ca02c8163a13',113,'2024-06-09 21:19:36','2024-06-09 21:19:36',NULL),
(664,0,'9207c218-a749-49a2-82dd-ca02c8163a13',115,'2024-06-09 21:19:36','2024-06-09 21:19:36',NULL),
(665,100,'f04a85d4-22ec-4aba-b987-3d9d8b4f6e47',97,'2024-06-10 16:12:04','2024-06-10 16:12:04',NULL),
(666,0,'f04a85d4-22ec-4aba-b987-3d9d8b4f6e47',99,'2024-06-10 16:12:04','2024-06-10 16:12:04',NULL),
(667,100,'794f0281-31d3-46bc-b975-752ad189ccc2',98,'2024-06-10 17:23:46','2024-06-10 17:23:46',NULL),
(668,100,'794f0281-31d3-46bc-b975-752ad189ccc2',100,'2024-06-10 17:23:46','2024-06-10 17:23:46',NULL),
(669,66.66666412353516,'7de2e138-8b47-40fe-9282-1a2c5d1f3515',109,'2024-06-10 22:47:57','2024-06-10 22:47:57',NULL),
(670,0,'7de2e138-8b47-40fe-9282-1a2c5d1f3515',111,'2024-06-10 22:47:57','2024-06-10 22:47:57',NULL),
(671,33.33333206176758,'8a5063b9-e92b-49fa-8ea4-99740d2c4ca1',110,'2024-06-10 22:54:32','2024-06-10 22:54:32',NULL),
(672,33.33333206176758,'8a5063b9-e92b-49fa-8ea4-99740d2c4ca1',112,'2024-06-10 22:54:33','2024-06-10 22:54:33',NULL),
(673,100,'5a5bfdf5-af30-453b-89b5-74842c9df8d8',30,'2024-06-11 01:58:37','2024-06-11 01:58:37',NULL),
(674,100,'5a5bfdf5-af30-453b-89b5-74842c9df8d8',32,'2024-06-11 01:58:37','2024-06-11 01:58:37',NULL),
(675,100,'af4d9424-caa8-4f28-a762-eb000c068d05',109,'2024-06-11 21:59:11','2024-06-11 21:59:11',NULL),
(676,0,'af4d9424-caa8-4f28-a762-eb000c068d05',111,'2024-06-11 21:59:11','2024-06-11 21:59:11',NULL),
(677,33.33333206176758,'4163ca18-2bde-470f-9197-48495d7521ee',110,'2024-06-13 02:20:17','2024-06-13 02:20:17',NULL),
(678,66.66666412353516,'4163ca18-2bde-470f-9197-48495d7521ee',112,'2024-06-13 02:20:17','2024-06-13 02:20:17',NULL),
(679,66.66666412353516,'15a83f7b-f8da-4673-a2d3-ab0ddcc2b490',54,'2024-06-13 13:52:17','2024-06-13 13:52:17',NULL),
(680,83.33332824707031,'15a83f7b-f8da-4673-a2d3-ab0ddcc2b490',56,'2024-06-13 13:52:17','2024-06-13 13:52:17',NULL),
(681,100,'b07644bd-24c0-495d-a975-daebfe741568',81,'2024-06-13 15:42:23','2024-06-13 15:42:23',NULL),
(682,0,'b07644bd-24c0-495d-a975-daebfe741568',83,'2024-06-13 15:42:23','2024-06-13 15:42:23',NULL),
(683,66.66666412353516,'86913dfc-67a1-4e9b-9f7e-40ad02b39843',82,'2024-06-13 15:44:23','2024-06-13 15:44:23',NULL),
(684,83.33332824707031,'86913dfc-67a1-4e9b-9f7e-40ad02b39843',84,'2024-06-13 15:44:23','2024-06-13 15:44:23',NULL),
(685,33.33333206176758,'74c60c5d-91b2-462c-b2ed-5cecc65239e8',25,'2024-06-13 15:57:31','2024-06-13 15:57:31',NULL),
(686,0,'74c60c5d-91b2-462c-b2ed-5cecc65239e8',27,'2024-06-13 15:57:31','2024-06-13 15:57:31',NULL),
(687,66.66666412353516,'aeff4d2b-7708-42e3-95f1-95c464e761c8',26,'2024-06-13 15:58:57','2024-06-13 15:58:57',NULL),
(688,50,'aeff4d2b-7708-42e3-95f1-95c464e761c8',28,'2024-06-13 15:58:57','2024-06-13 15:58:57',NULL),
(689,33.33333206176758,'55016577-f865-4dc6-95c6-53b9bef40c73',2,'2024-06-13 16:16:13','2024-06-13 16:16:13',NULL),
(690,0,'55016577-f865-4dc6-95c6-53b9bef40c73',4,'2024-06-13 16:16:13','2024-06-13 16:16:13',NULL),
(691,33.33333206176758,'60fb3b6d-cda2-464c-bb00-0aed6447974b',73,'2024-06-13 16:43:22','2024-06-13 16:43:22',NULL),
(692,0,'60fb3b6d-cda2-464c-bb00-0aed6447974b',75,'2024-06-13 16:43:22','2024-06-13 16:43:22',NULL),
(693,66.66666412353516,'96d66c68-c9cd-4ccd-89e0-4957b9c98c6c',74,'2024-06-13 16:49:36','2024-06-13 16:49:36',NULL),
(694,50,'96d66c68-c9cd-4ccd-89e0-4957b9c98c6c',76,'2024-06-13 16:49:36','2024-06-13 16:49:36',NULL),
(695,33.33333206176758,'b470a095-5879-4a7c-936e-bd142a82dad5',1,'2024-06-13 21:24:28','2024-06-13 21:24:28',NULL),
(696,33.33333206176758,'b470a095-5879-4a7c-936e-bd142a82dad5',3,'2024-06-13 21:24:28','2024-06-13 21:24:28',NULL),
(697,33.33333206176758,'607f2eb2-d1a7-4f94-87d6-b5bf314da7c5',17,'2024-06-13 21:39:00','2024-06-13 21:39:00',NULL),
(698,66.66666412353516,'607f2eb2-d1a7-4f94-87d6-b5bf314da7c5',19,'2024-06-13 21:39:00','2024-06-13 21:39:00',NULL),
(699,33.33333206176758,'8b0e3f56-2676-43a6-8890-365069303d45',101,'2024-06-13 22:05:06','2024-06-13 22:05:06',NULL),
(700,0,'8b0e3f56-2676-43a6-8890-365069303d45',103,'2024-06-13 22:05:06','2024-06-13 22:05:06',NULL),
(701,100,'92724f93-70d9-4890-a38c-8328f73ec8e3',117,'2024-06-13 22:16:43','2024-06-13 22:16:43',NULL),
(702,0,'92724f93-70d9-4890-a38c-8328f73ec8e3',119,'2024-06-13 22:16:43','2024-06-13 22:16:43',NULL),
(703,100,'0f5f55ce-bc08-4be8-9d34-d8f2b8cdd49d',101,'2024-06-13 22:17:43','2024-06-13 22:17:43',NULL),
(704,0,'0f5f55ce-bc08-4be8-9d34-d8f2b8cdd49d',103,'2024-06-13 22:17:43','2024-06-13 22:17:43',NULL),
(705,100,'9a26557e-3a3f-41c2-98dc-145a38db44fc',118,'2024-06-13 22:20:52','2024-06-13 22:20:52',NULL),
(706,100,'9a26557e-3a3f-41c2-98dc-145a38db44fc',120,'2024-06-13 22:20:52','2024-06-13 22:20:52',NULL),
(707,33.33333206176758,'7cb4d5c3-4d00-4beb-93ff-8745f11009d0',6,'2024-06-14 01:05:33','2024-06-14 01:05:33',NULL),
(708,0,'7cb4d5c3-4d00-4beb-93ff-8745f11009d0',8,'2024-06-14 01:05:33','2024-06-14 01:05:33',NULL),
(709,33.33333206176758,'8ceb4429-383c-43b5-b0ac-1ff055dd92a1',5,'2024-06-14 01:19:12','2024-06-14 01:19:12',NULL),
(710,33.33333206176758,'8ceb4429-383c-43b5-b0ac-1ff055dd92a1',7,'2024-06-14 01:19:12','2024-06-14 01:19:12',NULL),
(711,33.33333206176758,'9c379d0b-9db0-465a-827e-5361f22c534e',10,'2024-06-14 23:12:00','2024-06-14 23:12:00',NULL),
(712,0,'9c379d0b-9db0-465a-827e-5361f22c534e',12,'2024-06-14 23:12:00','2024-06-14 23:12:00',NULL),
(713,33.33333206176758,'dcae95cc-af36-4e8a-9727-73f40e1deb9c',9,'2024-06-14 23:39:22','2024-06-14 23:39:22',NULL),
(714,33.33333206176758,'dcae95cc-af36-4e8a-9727-73f40e1deb9c',11,'2024-06-14 23:39:22','2024-06-14 23:39:22',NULL),
(715,33.33333206176758,'bedda366-51a1-492f-8365-a7f2ccb66a28',29,'2024-06-15 00:01:58','2024-06-15 00:01:58',NULL),
(716,0,'bedda366-51a1-492f-8365-a7f2ccb66a28',31,'2024-06-15 00:01:58','2024-06-15 00:01:58',NULL),
(717,33.33333206176758,'fa48728d-5be8-4563-acef-cec49fc775f7',33,'2024-06-15 00:41:45','2024-06-15 00:41:45',NULL),
(718,0,'fa48728d-5be8-4563-acef-cec49fc775f7',35,'2024-06-15 00:41:45','2024-06-15 00:41:45',NULL),
(719,100,'3af50075-2496-49f6-aae6-d804086a2446',34,'2024-06-15 00:43:51','2024-06-15 00:43:51',NULL),
(720,66.66666412353516,'3af50075-2496-49f6-aae6-d804086a2446',36,'2024-06-15 00:43:51','2024-06-15 00:43:51',NULL),
(721,100,'8f03ea1b-9e6f-4efc-8e48-c092b1e44607',57,'2024-06-15 00:52:08','2024-06-15 00:52:08',NULL),
(722,0,'8f03ea1b-9e6f-4efc-8e48-c092b1e44607',59,'2024-06-15 00:52:08','2024-06-15 00:52:08',NULL),
(723,100,'542a4123-1e24-4c52-a780-6da8f44b9c43',77,'2024-06-15 01:14:19','2024-06-15 01:14:19',NULL),
(724,0,'542a4123-1e24-4c52-a780-6da8f44b9c43',79,'2024-06-15 01:14:19','2024-06-15 01:14:19',NULL),
(725,100,'d0057060-add3-42cc-a641-ffaf55bfd926',81,'2024-06-15 01:53:26','2024-06-15 01:53:26',NULL),
(726,0,'d0057060-add3-42cc-a641-ffaf55bfd926',83,'2024-06-15 01:53:26','2024-06-15 01:53:26',NULL),
(727,33.33333206176758,'24ec3a8b-fb2f-48de-a8a8-a2029ea155b5',82,'2024-06-15 03:07:43','2024-06-15 03:07:43',NULL),
(728,66.66666412353516,'24ec3a8b-fb2f-48de-a8a8-a2029ea155b5',84,'2024-06-15 03:07:43','2024-06-15 03:07:43',NULL),
(729,33.33333206176758,'e40cdbf7-39d4-4c8c-88f3-3086c95ee6d9',97,'2024-06-15 03:17:54','2024-06-15 03:17:54',NULL),
(730,0,'e40cdbf7-39d4-4c8c-88f3-3086c95ee6d9',99,'2024-06-15 03:17:54','2024-06-15 03:17:54',NULL),
(731,33.33333206176758,'b7bb56a3-67ac-4818-bc8f-46e982921107',98,'2024-06-15 03:46:41','2024-06-15 03:46:41',NULL),
(732,33.33333206176758,'b7bb56a3-67ac-4818-bc8f-46e982921107',100,'2024-06-15 03:46:41','2024-06-15 03:46:41',NULL),
(733,100,'afa3673d-987e-46e7-8abe-4d315a534cbd',97,'2024-06-15 03:51:30','2024-06-15 03:51:30',NULL),
(734,0,'afa3673d-987e-46e7-8abe-4d315a534cbd',99,'2024-06-15 03:51:30','2024-06-15 03:51:30',NULL),
(735,33.33333206176758,'5843c0ad-df2b-4ec1-92f0-66d6661dfc91',105,'2024-06-15 04:32:55','2024-06-15 04:32:55',NULL),
(736,0,'5843c0ad-df2b-4ec1-92f0-66d6661dfc91',107,'2024-06-15 04:32:55','2024-06-15 04:32:55',NULL),
(737,100,'e9ea6268-bbbf-4f3d-88a6-2595f40015db',105,'2024-06-15 04:43:02','2024-06-15 04:43:02',NULL),
(738,0,'e9ea6268-bbbf-4f3d-88a6-2595f40015db',107,'2024-06-15 04:43:02','2024-06-15 04:43:02',NULL),
(739,100,'07171c04-f410-4a82-b6b6-0600ed0a6c81',106,'2024-06-15 04:48:27','2024-06-15 04:48:27',NULL),
(740,66.66666412353516,'07171c04-f410-4a82-b6b6-0600ed0a6c81',108,'2024-06-15 04:48:27','2024-06-15 04:48:27',NULL),
(741,100,'ca7ef14a-12f7-484f-8c91-0f90ed82fbb6',101,'2024-06-15 14:38:51','2024-06-15 14:38:51',NULL),
(742,0,'ca7ef14a-12f7-484f-8c91-0f90ed82fbb6',103,'2024-06-15 14:38:51','2024-06-15 14:38:51',NULL),
(743,100,'a00be0dc-fed9-418d-9281-b7d00ebdcaa0',46,'2024-06-15 18:19:23','2024-06-15 18:19:23',NULL),
(744,66.66667175292969,'a00be0dc-fed9-418d-9281-b7d00ebdcaa0',48,'2024-06-15 18:19:23','2024-06-15 18:19:23',NULL),
(745,33.33333206176758,'92efd9e9-9657-43d4-a5e5-1005b5420433',25,'2024-06-16 13:31:39','2024-06-16 13:31:39',NULL),
(746,0,'92efd9e9-9657-43d4-a5e5-1005b5420433',27,'2024-06-16 13:31:39','2024-06-16 13:31:39',NULL),
(747,100,'a5bc53e0-7510-4b11-8d5a-013de312efbf',25,'2024-06-16 13:34:13','2024-06-16 13:34:13',NULL),
(748,0,'a5bc53e0-7510-4b11-8d5a-013de312efbf',27,'2024-06-16 13:34:13','2024-06-16 13:34:13',NULL),
(749,100,'38c63469-b868-4d9c-bd4e-63c120d49203',25,'2024-06-16 13:39:38','2024-06-16 13:39:38',NULL),
(750,0,'38c63469-b868-4d9c-bd4e-63c120d49203',27,'2024-06-16 13:39:38','2024-06-16 13:39:38',NULL),
(751,33.33333206176758,'21f4d6b0-d742-4986-ba62-b0cf896e29b2',26,'2024-06-16 13:46:40','2024-06-16 13:46:40',NULL),
(752,33.33333206176758,'21f4d6b0-d742-4986-ba62-b0cf896e29b2',28,'2024-06-16 13:46:40','2024-06-16 13:46:40',NULL),
(753,33.33333206176758,'98596f28-c883-45be-bf2f-dfab6a726863',29,'2024-06-16 14:00:38','2024-06-16 14:00:38',NULL),
(754,0,'98596f28-c883-45be-bf2f-dfab6a726863',31,'2024-06-16 14:00:38','2024-06-16 14:00:38',NULL),
(755,66.66666412353516,'1d4b6b9a-ae21-4997-bca9-3ed7ab47b026',29,'2024-06-16 14:43:38','2024-06-16 14:43:38',NULL),
(756,0,'1d4b6b9a-ae21-4997-bca9-3ed7ab47b026',31,'2024-06-16 14:43:38','2024-06-16 14:43:38',NULL),
(757,100,'a9c73782-ff05-4097-81ce-fc9388e34fba',30,'2024-06-16 15:03:23','2024-06-16 15:03:23',NULL),
(758,83.33332824707031,'a9c73782-ff05-4097-81ce-fc9388e34fba',32,'2024-06-16 15:03:23','2024-06-16 15:03:23',NULL),
(759,33.33333206176758,'e72f6d9d-f3f8-410b-93af-4ca8c750ee4e',33,'2024-06-16 15:16:43','2024-06-16 15:16:43',NULL),
(760,0,'e72f6d9d-f3f8-410b-93af-4ca8c750ee4e',35,'2024-06-16 15:16:43','2024-06-16 15:16:43',NULL),
(761,33.33333206176758,'4ee5d407-b1eb-4411-8ee1-1cb745520d95',49,'2024-06-16 15:47:27','2024-06-16 15:47:27',NULL),
(762,0,'4ee5d407-b1eb-4411-8ee1-1cb745520d95',51,'2024-06-16 15:47:27','2024-06-16 15:47:27',NULL),
(763,33.33333206176758,'4177d8a8-8180-42ab-8d1b-039681e5f618',50,'2024-06-16 15:59:46','2024-06-16 15:59:46',NULL),
(764,33.33333206176758,'4177d8a8-8180-42ab-8d1b-039681e5f618',52,'2024-06-16 15:59:46','2024-06-16 15:59:46',NULL),
(765,33.33333206176758,'e9e4d418-0c89-4ff1-9297-d6ebb64677ec',53,'2024-06-16 16:13:39','2024-06-16 16:13:39',NULL),
(766,0,'e9e4d418-0c89-4ff1-9297-d6ebb64677ec',55,'2024-06-16 16:13:39','2024-06-16 16:13:39',NULL),
(767,100,'2f3fcb8b-19f9-488b-a890-ea0bbb94a512',54,'2024-06-16 16:19:31','2024-06-16 16:19:31',NULL),
(768,66.66666412353516,'2f3fcb8b-19f9-488b-a890-ea0bbb94a512',56,'2024-06-16 16:19:31','2024-06-16 16:19:31',NULL),
(769,100,'fbb651e3-6ad4-4d29-b1cb-f06964d1193e',53,'2024-06-16 16:21:27','2024-06-16 16:21:27',NULL),
(770,0,'fbb651e3-6ad4-4d29-b1cb-f06964d1193e',55,'2024-06-16 16:21:27','2024-06-16 16:21:27',NULL),
(771,100,'9fc78ec7-20c3-450c-9fb6-f4f6319d8c23',53,'2024-06-16 16:27:54','2024-06-16 16:27:54',NULL),
(772,0,'9fc78ec7-20c3-450c-9fb6-f4f6319d8c23',55,'2024-06-16 16:27:54','2024-06-16 16:27:54',NULL),
(773,33.33333206176758,'b08b383f-2ab1-4c88-928c-c0eb58e70d89',58,'2024-06-16 16:59:57','2024-06-16 16:59:57',NULL),
(774,66.66666412353516,'b08b383f-2ab1-4c88-928c-c0eb58e70d89',60,'2024-06-16 16:59:57','2024-06-16 16:59:57',NULL),
(775,66.66666412353516,'070d12aa-d081-4f18-8c9a-5080516cb11d',93,'2024-06-16 23:50:31','2024-06-16 23:50:31',NULL),
(776,0,'070d12aa-d081-4f18-8c9a-5080516cb11d',95,'2024-06-16 23:50:31','2024-06-16 23:50:31',NULL),
(777,33.33333206176758,'dc460264-ac61-489b-8b8a-1418d39aa228',105,'2024-06-17 13:59:04','2024-06-17 13:59:04',NULL),
(778,0,'dc460264-ac61-489b-8b8a-1418d39aa228',107,'2024-06-17 13:59:04','2024-06-17 13:59:04',NULL),
(779,100,'ba62d85c-b42b-4b71-8f5e-d7c439328fdc',82,'2024-06-17 15:17:32','2024-06-17 15:17:32',NULL),
(780,100,'ba62d85c-b42b-4b71-8f5e-d7c439328fdc',84,'2024-06-17 15:17:32','2024-06-17 15:17:32',NULL),
(781,100,'6a90b42e-e7c6-4b6a-a292-49a5100415fb',57,'2024-06-17 16:05:22','2024-06-17 16:05:22',NULL),
(782,0,'6a90b42e-e7c6-4b6a-a292-49a5100415fb',59,'2024-06-17 16:05:22','2024-06-17 16:05:22',NULL),
(783,100,'af9d1df4-5811-47a8-9bcc-686bd947d8ba',49,'2024-06-17 20:02:12','2024-06-17 20:02:12',NULL),
(784,0,'af9d1df4-5811-47a8-9bcc-686bd947d8ba',51,'2024-06-17 20:02:12','2024-06-17 20:02:12',NULL),
(785,100,'5feb5a10-3782-438f-a044-ffd46e417457',50,'2024-06-17 20:07:05','2024-06-17 20:07:05',NULL),
(786,66.66666412353516,'5feb5a10-3782-438f-a044-ffd46e417457',52,'2024-06-17 20:07:05','2024-06-17 20:07:05',NULL),
(787,100,'58ca4b5e-050c-42e1-8ff8-ef69fce1cdc9',114,'2024-06-18 00:03:55','2024-06-18 00:03:55',NULL),
(788,100,'58ca4b5e-050c-42e1-8ff8-ef69fce1cdc9',116,'2024-06-18 00:03:55','2024-06-18 00:03:55',NULL),
(789,100,'87e788af-7c03-4488-8fed-929247da20a3',105,'2024-06-18 00:10:58','2024-06-18 00:10:58',NULL),
(790,0,'87e788af-7c03-4488-8fed-929247da20a3',107,'2024-06-18 00:10:58','2024-06-18 00:10:58',NULL),
(791,100,'90dc53ec-6c82-436f-bad9-b2ab0894241b',93,'2024-06-18 02:21:41','2024-06-18 02:21:41',NULL),
(792,0,'90dc53ec-6c82-436f-bad9-b2ab0894241b',95,'2024-06-18 02:21:41','2024-06-18 02:21:41',NULL),
(793,100,'608c8f46-e284-4514-bd6d-5e730b0f58d9',33,'2024-06-18 15:38:31','2024-06-18 15:38:31',NULL),
(794,0,'608c8f46-e284-4514-bd6d-5e730b0f58d9',35,'2024-06-18 15:38:31','2024-06-18 15:38:31',NULL),
(795,33.33333206176758,'05f3b4f8-7fdd-47e0-8197-864070c1810a',58,'2024-06-18 16:05:13','2024-06-18 16:05:13',NULL),
(796,66.66666412353516,'05f3b4f8-7fdd-47e0-8197-864070c1810a',60,'2024-06-18 16:05:13','2024-06-18 16:05:13',NULL),
(797,33.33333206176758,'3a9bad04-bce1-4bed-9abf-ecb241378cc9',73,'2024-06-18 21:23:57','2024-06-18 21:23:57',NULL),
(798,0,'3a9bad04-bce1-4bed-9abf-ecb241378cc9',75,'2024-06-18 21:23:57','2024-06-18 21:23:57',NULL),
(799,100,'9f8a1b67-7afd-4262-b952-58896d759a91',73,'2024-06-18 21:41:59','2024-06-18 21:41:59',NULL),
(800,0,'9f8a1b67-7afd-4262-b952-58896d759a91',75,'2024-06-18 21:41:59','2024-06-18 21:41:59',NULL),
(801,66.66666412353516,'0586e22f-03c7-497a-92a5-3ae395ff0214',74,'2024-06-18 21:46:57','2024-06-18 21:46:57',NULL),
(802,50,'0586e22f-03c7-497a-92a5-3ae395ff0214',76,'2024-06-18 21:46:57','2024-06-18 21:46:57',NULL),
(803,33.33333206176758,'98ec6c76-5c6d-4f0d-8d62-9e177dcf443a',78,'2024-06-18 22:13:25','2024-06-18 22:13:25',NULL),
(804,66.66666412353516,'98ec6c76-5c6d-4f0d-8d62-9e177dcf443a',80,'2024-06-18 22:13:25','2024-06-18 22:13:25',NULL);
/*!40000 ALTER TABLE `gameplay_minigame_learning_outcome_qualifier` ENABLE KEYS */;
UNLOCK TABLES;

--
-- Table structure for table `gameplay_status`
--

DROP TABLE IF EXISTS `gameplay_status`;
/*!40101 SET @saved_cs_client     = @@character_set_client */;
/*!40101 SET character_set_client = utf8 */;
CREATE TABLE `gameplay_status` (
  `gameplay_status_id` int NOT NULL AUTO_INCREMENT,
  `name` varchar(255) NOT NULL,
  `date_creation` datetime NOT NULL DEFAULT CURRENT_TIMESTAMP,
  `date_modification` datetime NOT NULL DEFAULT CURRENT_TIMESTAMP,
  `date_delete` datetime DEFAULT NULL,
  PRIMARY KEY (`gameplay_status_id`),
  UNIQUE KEY `name` (`name`),
  KEY `idx_gameplay_status_date_delete` (`date_delete`)
) ENGINE=InnoDB AUTO_INCREMENT=3 DEFAULT CHARSET=utf8mb4 COLLATE=utf8mb4_0900_ai_ci;
/*!40101 SET character_set_client = @saved_cs_client */;

--
-- Dumping data for table `gameplay_status`
--

LOCK TABLES `gameplay_status` WRITE;
/*!40000 ALTER TABLE `gameplay_status` DISABLE KEYS */;
INSERT INTO `gameplay_status` VALUES
(1,'Finalizado','2024-01-25 14:53:28','2024-01-25 14:53:28',NULL),
(2,'Abandonado','2024-01-25 14:53:28','2024-01-25 14:53:28',NULL);
/*!40000 ALTER TABLE `gameplay_status` ENABLE KEYS */;
UNLOCK TABLES;

--
-- Table structure for table `grade`
--

DROP TABLE IF EXISTS `grade`;
/*!40101 SET @saved_cs_client     = @@character_set_client */;
/*!40101 SET character_set_client = utf8 */;
CREATE TABLE `grade` (
  `grade_id` int NOT NULL AUTO_INCREMENT,
  `name` varchar(255) NOT NULL,
  `date_creation` datetime NOT NULL DEFAULT CURRENT_TIMESTAMP,
  `date_modification` datetime NOT NULL DEFAULT CURRENT_TIMESTAMP,
  `date_delete` datetime DEFAULT NULL,
  PRIMARY KEY (`grade_id`),
  UNIQUE KEY `name` (`name`),
  KEY `idx_grade_date_delete` (`date_delete`)
) ENGINE=InnoDB AUTO_INCREMENT=13 DEFAULT CHARSET=utf8mb4 COLLATE=utf8mb4_0900_ai_ci;
/*!40101 SET character_set_client = @saved_cs_client */;

--
-- Dumping data for table `grade`
--

LOCK TABLES `grade` WRITE;
/*!40000 ALTER TABLE `grade` DISABLE KEYS */;
INSERT INTO `grade` VALUES
(0,'TRANSICIN','2023-04-19 14:44:38','2023-04-19 14:44:38',NULL),
(1,'PRIMERO','2023-04-19 14:44:38','2023-04-19 14:44:38',NULL),
(2,'SEGUNDO','2023-04-19 14:44:38','2023-06-23 14:47:05',NULL),
(3,'TERCERO','2023-04-19 14:44:39','2023-04-19 14:44:39',NULL),
(4,'CUARTO','2023-04-19 14:44:39','2023-04-19 14:44:39',NULL),
(5,'QUINTO','2023-04-19 14:44:39','2023-06-23 14:49:11',NULL),
(6,'SEXTO','2023-04-19 14:44:40','2023-04-19 14:44:40',NULL),
(7,'SPTIMO','2023-04-19 18:11:00','2023-04-19 18:11:00',NULL),
(8,'OCTAVO','2023-04-19 18:11:00','2023-04-19 18:11:00',NULL),
(9,'NOVENO','2023-04-19 18:11:00','2023-04-19 18:11:00',NULL),
(10,'DCIMO','2023-04-19 18:11:00','2023-04-19 18:11:00',NULL),
(11,'ONCE','2023-04-19 18:11:00','2023-04-19 18:11:00',NULL);
/*!40000 ALTER TABLE `grade` ENABLE KEYS */;
UNLOCK TABLES;

--
-- Table structure for table `grade_group`
--

DROP TABLE IF EXISTS `grade_group`;
/*!40101 SET @saved_cs_client     = @@character_set_client */;
/*!40101 SET character_set_client = utf8 */;
CREATE TABLE `grade_group` (
  `gragro_id` int NOT NULL AUTO_INCREMENT,
  `name` varchar(255) NOT NULL,
  `display_name` varchar(255) NOT NULL,
  `grade_id` int DEFAULT NULL,
  `group_id` int DEFAULT NULL,
  `date_creation` datetime NOT NULL DEFAULT CURRENT_TIMESTAMP,
  `date_modification` datetime NOT NULL DEFAULT CURRENT_TIMESTAMP,
  `date_delete` datetime DEFAULT NULL,
  PRIMARY KEY (`gragro_id`),
  KEY `grade_id` (`grade_id`),
  KEY `group_id` (`group_id`),
  KEY `idx_grade_group_date_delete` (`date_delete`),
  CONSTRAINT `grade_group_ibfk_1` FOREIGN KEY (`grade_id`) REFERENCES `grade` (`grade_id`),
  CONSTRAINT `grade_group_ibfk_2` FOREIGN KEY (`group_id`) REFERENCES `group` (`group_id`)
) ENGINE=InnoDB AUTO_INCREMENT=58 DEFAULT CHARSET=utf8mb4 COLLATE=utf8mb4_0900_ai_ci;
/*!40101 SET character_set_client = @saved_cs_client */;

--
-- Dumping data for table `grade_group`
--

LOCK TABLES `grade_group` WRITE;
/*!40000 ALTER TABLE `grade_group` DISABLE KEYS */;
INSERT INTO `grade_group` VALUES
(1,'1-1','1-1',1,1,'2023-04-19 14:48:10','2023-04-19 14:48:10',NULL),
(2,'2-1','2-1',2,1,'2023-04-19 14:48:10','2023-04-19 14:48:10',NULL),
(14,'2-2','2-2',2,2,'2024-04-16 13:29:29','2024-04-16 13:29:30',NULL),
(18,'1-5','1-5',1,5,'2024-04-16 15:20:05','2024-04-16 15:20:05',NULL),
(20,'6-6','6-6',6,6,'2024-04-16 15:36:59','2024-04-16 15:36:59',NULL),
(21,'6-9','6-9',6,9,'2024-04-16 15:51:48','2024-04-16 15:51:49',NULL),
(22,'6-5','6-5',6,5,'2024-04-16 16:32:36','2024-04-16 16:32:36',NULL),
(24,'6-1','6-1',6,1,'2024-04-16 17:33:00','2024-04-16 17:33:00',NULL),
(25,'5-5','5-5',5,5,'2024-04-16 18:56:22','2024-04-16 18:56:22',NULL),
(26,'11-9','11-9',11,9,'2024-04-16 19:28:33','2024-04-16 19:28:33',NULL),
(27,'3-2','3-2',3,2,'2024-04-16 20:58:45','2024-04-16 20:58:45',NULL),
(28,'6-4','6-4',6,4,'2024-04-16 21:00:04','2024-04-16 21:00:04',NULL),
(29,'2-5','2-5',2,5,'2024-04-17 00:26:41','2024-04-17 00:26:41',NULL),
(30,'7-4','7-4',7,4,'2024-04-17 00:27:49','2024-04-17 00:27:50',NULL),
(31,'7-5','7-5',7,5,'2024-04-17 00:28:11','2024-04-17 00:28:11',NULL),
(32,'3-6','3-6',3,6,'2024-04-17 12:17:14','2024-04-17 12:17:14',NULL),
(33,'4-3','4-3',4,3,'2024-04-17 14:00:56','2024-04-17 14:00:56',NULL),
(34,'3-4','3-4',3,4,'2024-04-18 13:47:38','2024-04-18 13:47:38',NULL),
(35,'3-3','3-3',3,3,'2024-04-18 19:03:26','2024-04-18 19:03:26',NULL),
(36,'2-3','2-3',2,3,'2024-04-18 19:04:57','2024-04-18 19:04:58',NULL),
(37,'5-7','5-7',5,7,'2024-04-24 19:17:33','2024-04-24 19:17:33',NULL),
(38,'2-4','2-4',2,4,'2024-04-30 14:59:13','2024-04-30 14:59:13',NULL),
(39,'1-2','1-2',1,2,'2024-05-02 15:36:16','2024-05-02 15:36:17',NULL),
(40,'1-4','1-4',1,4,'2024-05-02 17:10:40','2024-05-02 17:10:40',NULL),
(41,'6-7','6-7',6,7,'2024-05-06 21:42:39','2024-05-06 21:42:39',NULL),
(42,'1-3','1-3',1,3,'2024-05-08 15:56:41','2024-05-08 15:56:41',NULL),
(43,'7-7','7-7',7,7,'2024-05-08 16:38:14','2024-05-08 16:38:14',NULL),
(44,'3-1','3-1',3,1,'2024-05-08 18:21:54','2024-05-08 18:21:54',NULL),
(45,'4-2','4-2',4,2,'2024-05-09 20:59:20','2024-05-09 20:59:20',NULL),
(46,'4-5','4-5',4,5,'2024-05-16 16:59:00','2024-05-16 16:59:01',NULL),
(47,'9-10','9-10',9,10,'2024-05-16 19:32:24','2024-05-16 19:32:24',NULL),
(48,'10-6','10-6',10,6,'2024-05-20 22:10:26','2024-05-20 22:10:26',NULL),
(49,'8-8','8-8',8,8,'2024-05-20 22:12:58','2024-05-20 22:12:58',NULL),
(50,'4-1','4-1',4,1,'2024-05-22 18:23:19','2024-05-22 18:23:19',NULL),
(51,'5-1','5-1',5,1,'2024-05-23 14:07:09','2024-05-23 14:07:09',NULL),
(52,'0-1','0-1',0,1,'2024-05-24 19:58:02','2024-05-24 19:58:02',NULL),
(53,'1-7','1-7',1,7,'2024-05-25 17:49:14','2024-05-25 17:49:14',NULL),
(54,'0-3','0-3',0,3,'2024-05-27 14:49:45','2024-05-27 14:49:45',NULL),
(55,'7-8','7-8',7,8,'2024-05-30 14:18:23','2024-05-30 14:18:23',NULL),
(56,'5-2','5-2',5,2,'2024-06-06 15:13:35','2024-06-06 15:13:35',NULL),
(57,'0-6','0-6',0,6,'2024-06-17 16:17:30','2024-06-17 16:17:31',NULL);
/*!40000 ALTER TABLE `grade_group` ENABLE KEYS */;
UNLOCK TABLES;

--
-- Table structure for table `group`
--

DROP TABLE IF EXISTS `group`;
/*!40101 SET @saved_cs_client     = @@character_set_client */;
/*!40101 SET character_set_client = utf8 */;
CREATE TABLE `group` (
  `group_id` int NOT NULL AUTO_INCREMENT,
  `name` varchar(255) NOT NULL,
  `date_creation` datetime NOT NULL DEFAULT CURRENT_TIMESTAMP,
  `date_modification` datetime NOT NULL DEFAULT CURRENT_TIMESTAMP,
  `date_delete` datetime DEFAULT NULL,
  PRIMARY KEY (`group_id`),
  UNIQUE KEY `name` (`name`),
  KEY `idx_group_date_delete` (`date_delete`)
) ENGINE=InnoDB AUTO_INCREMENT=15 DEFAULT CHARSET=utf8mb4 COLLATE=utf8mb4_0900_ai_ci;
/*!40101 SET character_set_client = @saved_cs_client */;

--
-- Dumping data for table `group`
--

LOCK TABLES `group` WRITE;
/*!40000 ALTER TABLE `group` DISABLE KEYS */;
INSERT INTO `group` VALUES
(1,'GRUPO 1 ','2023-04-19 14:45:39','2023-04-19 14:45:39',NULL),
(2,'GRUPO 2','2023-09-16 15:53:50','2023-09-16 15:53:50',NULL),
(3,'GRUPO 3','2023-09-16 15:53:57','2023-09-16 15:53:57',NULL),
(4,'GRUPO 4','2023-09-16 15:54:01','2023-09-16 15:54:02',NULL),
(5,'GRUPO 5','2023-09-16 15:54:06','2023-09-16 15:54:06',NULL),
(6,'GRUPO 6','2023-09-16 15:54:12','2023-09-16 15:54:12',NULL),
(7,'GRUPO 7','2023-04-19 14:45:39','2023-04-19 14:45:39',NULL),
(8,'GRUPO 8','2023-09-16 15:53:50','2023-09-16 15:53:50',NULL),
(9,'GRUPO 9','2023-09-16 15:53:57','2023-09-16 15:53:57',NULL),
(10,'GRUPO 10','2023-09-16 15:54:01','2023-09-16 15:54:02',NULL);
/*!40000 ALTER TABLE `group` ENABLE KEYS */;
UNLOCK TABLES;

--
-- Table structure for table `institution`
--

DROP TABLE IF EXISTS `institution`;
/*!40101 SET @saved_cs_client     = @@character_set_client */;
/*!40101 SET character_set_client = utf8 */;
CREATE TABLE `institution` (
  `institution_id` int NOT NULL AUTO_INCREMENT,
  `name` varchar(255) NOT NULL,
  `code_dane` varchar(255) DEFAULT NULL,
  `date_creation` datetime NOT NULL DEFAULT CURRENT_TIMESTAMP,
  `date_modification` datetime NOT NULL DEFAULT CURRENT_TIMESTAMP,
  `date_delete` datetime DEFAULT NULL,
  PRIMARY KEY (`institution_id`),
  KEY `idx_institution_date_delete` (`date_delete`)
) ENGINE=InnoDB AUTO_INCREMENT=154 DEFAULT CHARSET=utf8mb4 COLLATE=utf8mb4_0900_ai_ci;
/*!40101 SET character_set_client = @saved_cs_client */;

--
-- Dumping data for table `institution`
--

LOCK TABLES `institution` WRITE;
/*!40000 ALTER TABLE `institution` DISABLE KEYS */;
INSERT INTO `institution` VALUES
(1,'IE ABSALON TORRES CAMACHO','176275001393','2023-04-11 21:55:15','2023-04-11 21:55:15',NULL),
(2,'IE AGRICOLA CAMPOALEGRE','276036000037','2023-04-11 21:55:15','2023-04-11 21:55:15',NULL),
(3,'IE MERCEDES ABREGO','276563000045','2023-04-11 21:55:15','2023-04-11 21:55:15',NULL),
(4,'IE ALFREDO GARRIDO TOVAR','276616000654','2023-04-11 21:55:15','2023-04-11 21:55:15',NULL),
(5,'IE SEVILLA','176736000025','2023-04-11 21:55:15','2023-04-11 21:55:15',NULL),
(6,'IE ANTONIA SANTOS','276122000864','2023-04-11 21:55:15','2023-04-11 21:55:15',NULL),
(7,'IE JOSE MARIA CORDOBA','276275000154','2023-04-11 21:55:15','2023-04-11 21:55:15',NULL),
(8,'IE ANTONIO JOSE DE SUCRE','276869000138','2023-04-11 21:55:15','2023-04-11 21:55:15',NULL),
(9,'IE MARIANO GONZALEZ','276113000436','2023-04-11 21:55:15','2023-04-11 21:55:15',NULL),
(10,'IE ANTONIO NARIO','176113000652','2023-04-11 21:55:15','2023-04-11 21:55:15',NULL),
(11,'IE ANTONIO NARIO','176895000044','2023-04-11 21:55:15','2023-04-11 21:55:15',NULL),
(12,'IE JULIO CAICEDO TELLEZ','276670000201','2023-04-11 21:55:15','2023-04-11 21:55:15',NULL),
(13,'IE DIEGO RENGIFO SALAZAR','176113000377','2023-04-11 21:55:15','2023-04-11 21:55:15',NULL),
(14,'IE FRANCISCO ANTONIO ZEA','176563000091','2023-04-11 21:55:15','2023-04-11 21:55:15',NULL),
(15,'IE TEODORO MUNERA HINCAPIE','276606000541','2023-04-11 21:55:15','2023-04-11 21:55:15',NULL),
(16,'IE SANTA ANA DE LOS CABALLEROS','176041000016','2023-04-11 21:55:15','2023-04-11 21:55:15',NULL),
(17,'IE ARGEMIRO ESCOBAR CARDONA','176400000272','2023-04-11 21:55:15','2023-04-11 21:55:15',NULL),
(18,'IE ARTURO GOMEZ JARAMILLO','476020000249','2023-04-11 21:55:15','2023-04-11 21:55:15',NULL),
(19,'IE ATANASIO GIRARDOT','276275000197','2023-04-11 21:55:15','2023-04-11 21:55:15',NULL),
(20,'IE ACERG','276250000150','2023-04-11 21:55:15','2023-04-11 21:55:15',NULL),
(21,'IE ATENEO','176563000024','2023-04-11 21:55:15','2023-04-11 21:55:15',NULL),
(22,'IE ANTONIOJOSE DE SUCRE','276828000115','2023-04-11 21:55:15','2023-04-11 21:55:15',NULL),
(23,'IE BELISARIO PEA PIEIRO','176622000068','2023-04-11 21:55:15','2023-04-11 21:55:15',NULL),
(24,'IE SANTA ROSALIA DE PALERMO','276622000577','2023-04-11 21:55:15','2023-04-11 21:55:15',NULL),
(25,'IE ALFREDO POSADA CORREA','176563000822','2023-04-11 21:55:15','2023-04-11 21:55:15',NULL),
(26,'IE BENJAMIN HERRERA','276736000810','2023-04-11 21:55:15','2023-04-11 21:55:15',NULL),
(27,'IE MARCO FIDEL SUAREZ','276563000223','2023-04-11 21:55:15','2023-04-11 21:55:15',NULL),
(28,'IE BOLIVARIANO','176122000380','2023-04-11 21:55:15','2023-04-11 21:55:15',NULL),
(29,'IE JULIO FERNANDEZ MEDINA','276606000469','2023-04-11 21:55:15','2023-04-11 21:55:15',NULL),
(30,'IE IDEBIC','276275001461','2023-04-11 21:55:15','2023-04-11 21:55:15',NULL),
(31,'IE TECNICA AGROPECUARIA TORO','176823000333','2023-04-11 21:55:15','2023-04-11 21:55:15',NULL),
(32,'IE CAMILO TORRES','276233000561','2023-04-11 21:55:15','2023-04-11 21:55:15',NULL),
(33,'IE MANUELA BELTRAN','276306000174','2023-04-11 21:55:15','2023-04-11 21:55:15',NULL),
(34,'IE CARLOS HOLGUIN SARDI','276863000543','2023-04-11 21:55:15','2023-04-11 21:55:15',NULL),
(35,'IE GILBERTO ALZATE AVENDAO','276122000201','2023-04-11 21:55:15','2023-04-11 21:55:15',NULL),
(36,'IE SANTA TERESITA','276736000178','2023-04-11 21:55:15','2023-04-11 21:55:15',NULL),
(37,'IE JORGE ISAACS','176248000024','2023-04-11 21:55:15','2023-04-11 21:55:15',NULL),
(38,'IE PRIMAVERA','276100000259','2023-04-11 21:55:15','2023-04-11 21:55:15',NULL),
(39,'IE LA LIBERTAD','276377000311','2023-04-11 21:55:15','2023-04-11 21:55:15',NULL),
(40,'IE DE DESARROLLO RURAL LA SELVA','276306000336','2023-04-11 21:55:15','2023-04-11 21:55:15',NULL),
(41,'IE SAN JOSE','276403000201','2023-04-11 21:55:15','2023-04-11 21:55:15',NULL),
(42,'IE SANTA MARTA','276243000497','2023-04-11 21:55:15','2023-04-11 21:55:15',NULL),
(43,'IE QUEBRADAGRANDE','276400000609','2023-04-11 21:55:15','2023-04-11 21:55:15',NULL),
(44,'IE JOSE FELIX RESTREPO','176606000163','2023-04-11 21:55:15','2023-04-11 21:55:15',NULL),
(45,'IE HERACLIO URIBE URIBE','476736000258','2023-04-11 21:55:15','2023-04-11 21:55:15',NULL),
(46,'IE CRISTOBAL COLON','276828000123','2023-04-11 21:55:15','2023-04-11 21:55:15',NULL),
(47,'IE RODRIGO LLOREDA CAICEDO','276828000387','2023-04-11 21:55:15','2023-04-11 21:55:15',NULL),
(48,'IE DOCE DE OCTUBRE','276736000143','2023-04-11 21:55:15','2023-04-11 21:55:15',NULL),
(49,'IE EL PLACER','276041000746','2023-04-11 21:55:15','2023-04-11 21:55:15',NULL),
(50,'IE SIMON BOLIVAR','176126000066','2023-04-11 21:55:15','2023-04-11 21:55:15',NULL),
(51,'IE NORMAL SUPERIOR MARIA INMACULADA','176122000371','2023-04-11 21:55:15','2023-04-11 21:55:15',NULL),
(52,'IE SANTA BARBARA','276736000283','2023-04-11 21:55:15','2023-04-11 21:55:15',NULL),
(53,'IE ANTONIO NARIO','276563000231','2023-04-11 21:55:15','2023-04-11 21:55:15',NULL),
(54,'IE FRANCISCO DE PAULA SANTANDER','276377000078','2023-04-11 21:55:15','2023-04-11 21:55:15',NULL),
(55,'IE EL PALMAR','276233000511','2023-04-11 21:55:15','2023-04-11 21:55:15',NULL),
(56,'IE SIMON BOLIVAR','176895000265','2023-04-11 21:55:15','2023-04-11 21:55:15',NULL),
(57,'IE INMACULADA CONCEPCION','176130000461','2023-04-11 21:55:15','2023-04-11 21:55:15',NULL),
(58,'IE JOSE ACEVEDO Y GOMEZ','276606000290','2023-04-11 21:55:15','2023-04-11 21:55:15',NULL),
(59,'IE FRAY JOSE JOAQUIN ESCOBAR','176823000066','2023-04-11 21:55:15','2023-04-11 21:55:15',NULL),
(60,'IE GABRIELA MISTRAL','276890000091','2023-04-11 21:55:15','2023-04-11 21:55:15',NULL),
(61,'IE MIGUEL ANTONIO CARO','276670000210','2023-04-11 21:55:15','2023-04-11 21:55:15',NULL),
(62,'IE SAN PEDRO CLAVER','276233000537','2023-04-11 21:55:15','2023-04-11 21:55:15',NULL),
(63,'IE GENERAL SANTANDER','176736000033','2023-04-11 21:55:15','2023-04-11 21:55:15',NULL),
(64,'IE GENERAL SANTANDER','276318000099','2023-04-11 21:55:15','2023-04-11 21:55:15',NULL),
(65,'IE JORGE ELIECER GAITAN','276736000488','2023-04-11 21:55:15','2023-04-11 21:55:15',NULL),
(66,'IE NUESTRA SEORA DE LA CANDELARIA','176130000399','2023-04-11 21:55:15','2023-04-11 21:55:15',NULL),
(67,'IE GILBERTO ALZATE AVENDAO','176246000663','2023-04-11 21:55:15','2023-04-11 21:55:15',NULL),
(68,'IE GILBERTO ALZATE AVENDAO','176054000023','2023-04-11 21:55:15','2023-04-11 21:55:15',NULL),
(69,'IE GIMNASIO DEL CALIMA','176126000058','2023-04-11 21:55:15','2023-04-11 21:55:15',NULL),
(70,'IE DEL DAGUA','176233000656','2023-04-11 21:55:15','2023-04-11 21:55:15',NULL),
(71,'IE BORRERO AYERBE','276233000715','2023-04-11 21:55:15','2023-04-11 21:55:15',NULL),
(72,'IE EL QUEREMAL','276233000651','2023-04-11 21:55:15','2023-04-11 21:55:15',NULL),
(73,'IE CRISTOBAL COLON','276233001240','2023-04-11 21:55:15','2023-04-11 21:55:15',NULL),
(74,'IE GINEBRA LA SALLE','176306000013','2023-04-11 21:55:15','2023-04-11 21:55:15',NULL),
(75,'IE GUILLERMO VALENCIA','276233000481','2023-04-11 21:55:15','2023-04-11 21:55:15',NULL),
(76,'IE HERNANDO LLORENTE ARROYO','276616000581','2023-04-11 21:55:15','2023-04-11 21:55:15',NULL),
(77,'IE CAMILO TORRES','276616000255','2023-04-11 21:55:15','2023-04-11 21:55:15',NULL),
(78,'IE INMACULADA CONCEPCION','276306000344','2023-04-11 21:55:15','2023-04-11 21:55:15',NULL),
(79,'IE CEILAN','276113000011','2023-04-11 21:55:15','2023-04-11 21:55:15',NULL),
(80,'IE LAS AMERICAS','176275000010','2023-04-11 21:55:15','2023-04-11 21:55:15',NULL),
(81,'IE SIMON BOLIVAR','176377000014','2023-04-11 21:55:15','2023-04-11 21:55:15',NULL),
(82,'IE POLICARPA SALAVARRIETA','276497000047','2023-04-11 21:55:15','2023-04-11 21:55:15',NULL),
(83,'IE ALFONSO ZAWADZKY','176890000305','2023-04-11 21:55:15','2023-04-11 21:55:15',NULL),
(84,'IE JORGE ELIECER GAITAN','176606000422','2023-04-11 21:55:15','2023-04-11 21:55:15',NULL),
(85,'IE RODRIGO LLOREDA CAICEDO','276130000628','2023-04-11 21:55:15','2023-04-11 21:55:15',NULL),
(86,'IE HERNANDO BORRERO CUADROS','276248000321','2023-04-11 21:55:15','2023-04-11 21:55:15',NULL),
(87,'IE JORGE ISAACS','276041000371','2023-04-11 21:55:15','2023-04-11 21:55:15',NULL),
(88,'IE JORGE ISAACS EL PLACER','276248000355','2023-04-11 21:55:15','2023-04-11 21:55:15',NULL),
(89,'IE SANTA ELENA','276248000363','2023-04-11 21:55:15','2023-04-11 21:55:15',NULL),
(90,'IE JULIAN TRUJILLO','176828000021','2023-04-11 21:55:15','2023-04-11 21:55:15',NULL),
(91,'IE JOSE ANTONIO AGUILERA','176670000240','2023-04-11 21:55:15','2023-04-11 21:55:15',NULL),
(92,'IE PANEBIANCO AMERICANO','276130000181','2023-04-11 21:55:15','2023-04-11 21:55:15',NULL),
(93,'IE JUSTINIANO ECHAVARRIA','276243000071','2023-04-11 21:55:15','2023-04-11 21:55:15',NULL),
(94,'IE EL AGUILA','176243000026','2023-04-11 21:55:15','2023-04-11 21:55:15',NULL),
(95,'IE JOSE MARIA FALLA','176250000261','2023-04-11 21:55:15','2023-04-11 21:55:15',NULL),
(96,'IE JUAN DE DIOS GIRON','176400000027','2023-04-11 21:55:15','2023-04-11 21:55:15',NULL),
(97,'IE ELEAZAR LIBREROS SALAMANCA','176036000024','2023-04-11 21:55:15','2023-04-11 21:55:15',NULL),
(98,'IE SAN ISIDRO','276828000174','2023-04-11 21:55:15','2023-04-11 21:55:15',NULL),
(99,'IE LA CONSOLITA','276122000872','2023-04-11 21:55:15','2023-04-11 21:55:15',NULL),
(100,'IE NEMESIO RODRIGUEZ ESCOBAR','276616000590','2023-04-11 21:55:15','2023-04-11 21:55:15',NULL),
(101,'IE LA INMACULADA','176863000336','2023-04-11 21:55:15','2023-04-11 21:55:15',NULL),
(102,'IE LA PRESENTACION','176246000337','2023-04-11 21:55:15','2023-04-11 21:55:15',NULL),
(103,'IE NUESTRA SEORA DE CHIQUINQUIRA','176622000076','2023-04-11 21:55:15','2023-04-11 21:55:15',NULL),
(104,'IE CIUDAD FLORIDA','176275000915','2023-04-11 21:55:15','2023-04-11 21:55:15',NULL),
(105,'IE LUIS GABRIEL UMAA MORALES','276895000782','2023-04-11 21:55:15','2023-04-11 21:55:15',NULL),
(106,'IE MAGDALENA ORTEGA','176400000043','2023-04-11 21:55:15','2023-04-11 21:55:15',NULL),
(107,'IE MANUEL ANTONIO BONILLA','176403000036','2023-04-11 21:55:15','2023-04-11 21:55:15',NULL),
(108,'IE NARANJAL','276100000542','2023-04-11 21:55:15','2023-04-11 21:55:15',NULL),
(109,'IE MANUEL DOLORES MONDRAGON','176100000254','2023-04-11 21:55:15','2023-04-11 21:55:15',NULL),
(110,'IE BETANIA','276100000704','2023-04-11 21:55:15','2023-04-11 21:55:15',NULL),
(111,'IE JORGE ROBLEDO','176869000028','2023-04-11 21:55:15','2023-04-11 21:55:15',NULL),
(112,'IE MANUEL MARIA MALLARINO','276828000441','2023-04-11 21:55:15','2023-04-11 21:55:15',NULL),
(113,'IE VEINTE DE JULIO','276869000171','2023-04-11 21:55:15','2023-04-11 21:55:15',NULL),
(114,'IE SIMON BOLIVAR','276318000277','2023-04-11 21:55:15','2023-04-11 21:55:15',NULL),
(115,'IE MARIA ANALIA ORTIZ HORMAZA','276497000608','2023-04-11 21:55:15','2023-04-11 21:55:15',NULL),
(116,'IE MARIA AUXILIADORA','276736000321','2023-04-11 21:55:15','2023-04-11 21:55:15',NULL),
(117,'IE LA TULIA','276100000518','2023-04-11 21:55:15','2023-04-11 21:55:15',NULL),
(118,'IE MARIA INMACULADA','276845000102','2023-04-11 21:55:15','2023-04-11 21:55:15',NULL),
(119,'IE MARINO RENJIFO SALCEDO','276130000822','2023-04-11 21:55:15','2023-04-11 21:55:15',NULL),
(120,'IE MARIA AUXILIADORA','276377000388','2023-04-11 21:55:15','2023-04-11 21:55:15',NULL),
(121,'IE MIGUEL ANTONIO CARO','276233000588','2023-04-11 21:55:15','2023-04-11 21:55:15',NULL),
(122,'IE ESCUELA NORMAL SUPERIOR MIGUEL DE CERVANTES SAAVEDRA','176318000264','2023-04-11 21:55:15','2023-04-11 21:55:15',NULL),
(123,'IE NORMAL SUPERIOR JORGE ISAACS','176622000084','2023-04-11 21:55:15','2023-04-11 21:55:15',NULL),
(124,'IE SANTA TERESITA DEL NIO JESUS','276233000260','2023-04-11 21:55:15','2023-04-11 21:55:15',NULL),
(125,'IE NUESTRA SEORA DE LA CONSOLACION','176823000384','2023-04-11 21:55:15','2023-04-11 21:55:15',NULL),
(126,'IE NUESTRA SEORA DE LA PAZ','276403000031','2023-04-11 21:55:15','2023-04-11 21:55:15',NULL),
(127,'IE NORMAL SUPERIOR NUESTRA SEORA DE LAS MERCEDES','176895000109','2023-04-11 21:55:15','2023-04-11 21:55:15',NULL),
(128,'IE EFRAIN VARELA VACA','176895000168','2023-04-11 21:55:15','2023-04-11 21:55:15',NULL),
(129,'IE PABLO VI','276126000214','2023-04-11 21:55:15','2023-04-11 21:55:15',NULL),
(130,'IE SAGRADO CORAZON','176248000016','2023-04-11 21:55:15','2023-04-11 21:55:15',NULL),
(131,'IE PEDRO VICENTE ABADIA','176318000701','2023-04-11 21:55:15','2023-04-11 21:55:15',NULL),
(132,'IE JOSE CELESTINO MUTIS','276318000111','2023-04-11 21:55:15','2023-04-11 21:55:15',NULL),
(133,'IE PEDRO FERMIN DE VARGAS','276233001029','2023-04-11 21:55:15','2023-04-11 21:55:15',NULL),
(134,'IE JOSE IGNACIO OSPINA','276318000226','2023-04-11 21:55:15','2023-04-11 21:55:15',NULL),
(135,'IE PRIMITIVO CRESPO','176616000013','2023-04-11 21:55:15','2023-04-11 21:55:15',NULL),
(136,'IE REGIONAL SIMON BOLIVAR','276275000278','2023-04-11 21:55:15','2023-04-11 21:55:15',NULL),
(137,'IE SAGRADO CORAZON DE JESUS','276122000228','2023-04-11 21:55:15','2023-04-11 21:55:15',NULL),
(138,'IE SAGRADO CORAZON DE JESUS','176828000064','2023-04-11 21:55:15','2023-04-11 21:55:15',NULL),
(139,'IE SAN JOSE','176400000019','2023-04-11 21:55:15','2023-04-11 21:55:15',NULL),
(140,'IE SAN JOSE','176497000093','2023-04-11 21:55:15','2023-04-11 21:55:15',NULL),
(141,'IE SAN JOSE','176020000032','2023-04-11 21:55:15','2023-04-11 21:55:15',NULL),
(142,'IE SAN JUAN BOSCO','276890000237','2023-04-11 21:55:15','2023-04-11 21:55:15',NULL),
(143,'IE SAN PIO X','176377000251','2023-04-11 21:55:15','2023-04-11 21:55:15',NULL),
(144,'IE LEOCADIO SALAZAR','176845000019','2023-04-11 21:55:15','2023-04-11 21:55:15',NULL),
(145,'IE SANTA INES','276041000363','2023-04-11 21:55:15','2023-04-11 21:55:15',NULL),
(146,'IE SANTA TERESITA','176403000079','2023-04-11 21:55:15','2023-04-11 21:55:15',NULL),
(147,'IE SANTIAGO GUTIERREZ ANGEL','476054000019','2023-04-11 21:55:15','2023-04-11 21:55:15',NULL),
(148,'IE CORPORACION','0','2023-04-11 21:55:15','2023-04-11 21:55:15',NULL),
(149,'IE CE JOHN F. KENNEDY','276126000133','2023-09-13 22:12:50','2023-09-13 22:12:50',NULL),
(150,'BootCamp 1','00998877','2023-09-16 15:43:03','2023-09-16 15:43:03',NULL),
(151,'IE SAN ANTONIO','123123223123123','2024-04-12 21:13:47','2024-04-12 21:13:47',NULL),
(152,'IE CHACHAG','20989912903','2024-05-22 14:32:13','2024-05-22 14:32:13',NULL),
(153,'IE MADRE DE DIOS','20980002903','2024-05-22 14:32:13','2024-05-22 14:32:13',NULL);
/*!40000 ALTER TABLE `institution` ENABLE KEYS */;
UNLOCK TABLES;

--
-- Table structure for table `learning_outcome_qualifier`
--

DROP TABLE IF EXISTS `learning_outcome_qualifier`;
/*!40101 SET @saved_cs_client     = @@character_set_client */;
/*!40101 SET character_set_client = utf8 */;
CREATE TABLE `learning_outcome_qualifier` (
  `leaoutqua_id` int NOT NULL AUTO_INCREMENT,
  `name` varchar(255) NOT NULL,
  `leaoutquatyp_id` int NOT NULL,
  `date_creation` datetime NOT NULL DEFAULT CURRENT_TIMESTAMP,
  `date_modification` datetime NOT NULL DEFAULT CURRENT_TIMESTAMP,
  `date_delete` datetime DEFAULT NULL,
  PRIMARY KEY (`leaoutqua_id`),
  UNIQUE KEY `name` (`name`),
  KEY `leaoutquatyp_id` (`leaoutquatyp_id`),
  KEY `idx_learning_outcome_qualifier_date_delete` (`date_delete`),
  CONSTRAINT `learning_outcome_qualifier_ibfk_1` FOREIGN KEY (`leaoutquatyp_id`) REFERENCES `learning_outcome_qualifier_type` (`leaoutquatyp_id`)
) ENGINE=InnoDB AUTO_INCREMENT=7 DEFAULT CHARSET=utf8mb4 COLLATE=utf8mb4_0900_ai_ci;
/*!40101 SET character_set_client = @saved_cs_client */;

--
-- Dumping data for table `learning_outcome_qualifier`
--

LOCK TABLES `learning_outcome_qualifier` WRITE;
/*!40000 ALTER TABLE `learning_outcome_qualifier` DISABLE KEYS */;
INSERT INTO `learning_outcome_qualifier` VALUES
(1,'Toma de decisiones',1,'2024-02-12 17:01:06','2024-02-12 17:01:06',NULL),
(2,'Pensamiento crtico',1,'2024-02-12 17:01:06','2024-02-12 17:01:06',NULL),
(3,'Problema',2,'2024-02-12 17:01:06','2024-02-12 17:01:06',NULL),
(4,'Resolucin de problemas',1,'2024-05-20 13:56:01','2024-05-20 13:56:01',NULL),
(5,'Manejo de la informacin',1,'2024-05-20 13:56:01','2024-05-20 13:56:01',NULL),
(6,'Creatividad e Innovacin',1,'2024-05-20 13:56:01','2024-05-20 13:56:01',NULL);
/*!40000 ALTER TABLE `learning_outcome_qualifier` ENABLE KEYS */;
UNLOCK TABLES;

--
-- Table structure for table `learning_outcome_qualifier_type`
--

DROP TABLE IF EXISTS `learning_outcome_qualifier_type`;
/*!40101 SET @saved_cs_client     = @@character_set_client */;
/*!40101 SET character_set_client = utf8 */;
CREATE TABLE `learning_outcome_qualifier_type` (
  `leaoutquatyp_id` int NOT NULL AUTO_INCREMENT,
  `name` varchar(255) NOT NULL,
  `date_creation` datetime NOT NULL DEFAULT CURRENT_TIMESTAMP,
  `date_modification` datetime NOT NULL DEFAULT CURRENT_TIMESTAMP,
  `date_delete` datetime DEFAULT NULL,
  PRIMARY KEY (`leaoutquatyp_id`),
  UNIQUE KEY `name` (`name`)
) ENGINE=InnoDB AUTO_INCREMENT=3 DEFAULT CHARSET=utf8mb4 COLLATE=utf8mb4_0900_ai_ci;
/*!40101 SET character_set_client = @saved_cs_client */;

--
-- Dumping data for table `learning_outcome_qualifier_type`
--

LOCK TABLES `learning_outcome_qualifier_type` WRITE;
/*!40000 ALTER TABLE `learning_outcome_qualifier_type` DISABLE KEYS */;
INSERT INTO `learning_outcome_qualifier_type` VALUES
(1,'Competencia Siglo XXI','2023-04-19 14:32:26','2023-04-19 14:32:26',NULL),
(2,'Competencia STEAM','2023-04-19 14:32:26','2023-04-19 14:32:26',NULL);
/*!40000 ALTER TABLE `learning_outcome_qualifier_type` ENABLE KEYS */;
UNLOCK TABLES;

--
-- Table structure for table `minigame`
--

DROP TABLE IF EXISTS `minigame`;
/*!40101 SET @saved_cs_client     = @@character_set_client */;
/*!40101 SET character_set_client = utf8 */;
CREATE TABLE `minigame` (
  `minigame_id` char(255) NOT NULL,
  `name` varchar(255) NOT NULL,
  `num_round` int NOT NULL,
  `date_creation` datetime NOT NULL DEFAULT CURRENT_TIMESTAMP,
  `date_modification` datetime NOT NULL DEFAULT CURRENT_TIMESTAMP,
  `date_delete` datetime DEFAULT NULL,
  PRIMARY KEY (`minigame_id`),
  KEY `idx_minigame_name` (`name`)
) ENGINE=InnoDB DEFAULT CHARSET=utf8mb4 COLLATE=utf8mb4_0900_ai_ci;
/*!40101 SET character_set_client = @saved_cs_client */;

--
-- Dumping data for table `minigame`
--

LOCK TABLES `minigame` WRITE;
/*!40000 ALTER TABLE `minigame` DISABLE KEYS */;
INSERT INTO `minigame` VALUES
('T1C1A','VAMOS A VER LOS TIBURONES',1,'2024-02-12 16:48:11','2024-02-12 16:48:11',NULL),
('T1C1E','VAMOS A VER LOS TIBURONES',1,'2024-02-12 16:48:11','2024-02-12 16:48:11',NULL),
('T1C2A','HACIENDO DEL MAR UN LUGAR MS SEGURO',1,'2024-02-12 16:48:11','2024-02-12 16:48:11',NULL),
('T1C2E','HACIENDO DEL MAR UN LUGAR MS SEGURO',1,'2024-02-12 16:48:11','2024-02-12 16:48:11',NULL),
('T1C3A','MALPELO, UN SANTUARIO PARA LA FAUNA MARINA',1,'2024-02-12 16:48:11','2024-02-12 16:48:11',NULL),
('T1C3E','MALPELO, UN SANTUARIO PARA LA FAUNA MARINA',1,'2024-02-12 16:48:11','2024-02-12 16:48:11',NULL),
('T1C4A','SEMBRANDO CORALES EN MALPELO',1,'2024-02-12 16:48:11','2024-02-12 16:48:11',NULL),
('T1C4E','SEMBRANDO CORALES EN MALPELO',1,'2024-02-12 16:48:11','2024-02-12 16:48:11',NULL),
('T1C5A','QU EST PASANDO EN EL FONDO DEL MAR?',1,'2024-02-12 16:48:11','2024-02-12 16:48:11',NULL),
('T1C5E','QU EST PASANDO EN EL FONDO DEL MAR?',1,'2024-02-12 16:48:11','2024-02-12 16:48:11',NULL),
('T1C6A','Y AHORA, QUIN AYUDAR A MALPELO?',1,'2024-02-12 16:48:12','2024-02-12 16:48:12',NULL),
('T1C6E','Y AHORA, QUIN AYUDAR A MALPELO?',1,'2024-02-12 16:48:12','2024-02-12 16:48:12',NULL),
('T2C1A','VAMOS A PESCAR EN BAHA MLAGA',1,'2024-02-12 16:48:12','2024-02-12 16:48:12',NULL),
('T2C1E','VAMOS A PESCAR EN BAHA MLAGA',1,'2024-02-12 16:48:12','2024-02-12 16:48:12',NULL),
('T2C2A','BUSCANDO EN EL AGUA',1,'2024-02-12 16:48:12','2024-02-12 16:48:12',NULL),
('T2C2E','BUSCANDO EN EL AGUA',1,'2024-02-12 16:48:12','2024-02-12 16:48:12',NULL),
('T2C3A','QUIN SE COME A QUIN?',1,'2024-02-12 16:48:12','2024-02-12 16:48:12',NULL),
('T2C3E','QUIN SE COME A QUIN?',1,'2024-02-12 16:48:12','2024-02-12 16:48:12',NULL),
('T2C4A','NO TODAS LAS PESCAS SON IGUALES',1,'2024-02-12 16:48:12','2024-02-12 16:48:12',NULL),
('T2C4E','NO TODAS LAS PESCAS SON IGUALES',1,'2024-02-12 16:48:12','2024-02-12 16:48:12',NULL),
('T2C5A','LA CARRERA ECOLGICA',1,'2024-02-12 16:48:12','2024-02-12 16:48:12',NULL),
('T2C5E','LA CARRERA ECOLGICA',1,'2024-02-12 16:48:12','2024-02-12 16:48:12',NULL),
('T2C6A','INGENIEROS AMBIENTALES AL RESCATE',1,'2024-02-12 16:48:12','2024-02-12 16:48:12',NULL),
('T2C6E','INGENIEROS AMBIENTALES AL RESCATE',1,'2024-02-12 16:48:12','2024-02-12 16:48:12',NULL),
('T3C1A','QU ES LO QUE VEO?',1,'2024-02-12 16:48:12','2024-02-12 16:48:12',NULL),
('T3C1E','QU ES LO QUE VEO?',1,'2024-02-12 16:48:12','2024-02-12 16:48:12',NULL),
('T3C2A','CUL ES CUL? CLASIFICANDO PLANTAS DEL JARDN',1,'2024-02-12 16:48:12','2024-02-12 16:48:12',NULL),
('T3C2E','CUL ES CUL? CLASIFICANDO PLANTAS DEL JARDN',1,'2024-02-12 16:48:12','2024-02-12 16:48:12',NULL),
('T3C3A','EL JARDN DE PERMACULTURA',1,'2024-02-12 16:48:12','2024-02-12 16:48:12',NULL),
('T3C3E','EL JARDN DE PERMACULTURA',1,'2024-02-12 16:48:12','2024-02-12 16:48:12',NULL),
('T3C4A','HAGAMOS UN POSTRE',1,'2024-02-12 16:48:12','2024-02-12 16:48:12',NULL),
('T3C4E','HAGAMOS UN POSTRE',1,'2024-02-12 16:48:12','2024-02-12 16:48:12',NULL),
('T3C5A','LOS ACEITES ESENCIALES',1,'2024-02-12 16:48:12','2024-02-12 16:48:12',NULL),
('T3C5E','LOS ACEITES ESENCIALES',1,'2024-02-12 16:48:12','2024-02-12 16:48:12',NULL),
('T3C6A','HAGAMOS UNA EMPRESA',1,'2024-02-12 16:48:12','2024-02-12 16:48:12',NULL),
('T3C6E','HAGAMOS UNA EMPRESA',1,'2024-02-12 16:48:12','2024-02-12 16:48:12',NULL),
('T4C1A','T4C1A',1,'2024-02-12 16:48:12','2024-02-12 16:48:12',NULL),
('T4C1E','T4C1E',1,'2024-02-12 16:48:12','2024-02-12 16:48:12',NULL),
('T4C2A','T4C2A',1,'2024-02-12 16:48:12','2024-02-12 16:48:12',NULL),
('T4C2E','T4C2E',1,'2024-02-12 16:48:12','2024-02-12 16:48:12',NULL),
('T4C3A','T4C3A',1,'2024-02-12 16:48:12','2024-02-12 16:48:12',NULL),
('T4C3E','T4C3E',1,'2024-02-12 16:48:12','2024-02-12 16:48:12',NULL),
('T4C4A','T4C4A',1,'2024-02-12 16:48:12','2024-02-12 16:48:12',NULL),
('T4C4E','T4C4E',1,'2024-02-12 16:48:12','2024-02-12 16:48:12',NULL),
('T4C5A','T4C5A',1,'2024-02-12 16:48:12','2024-02-12 16:48:12',NULL),
('T4C5E','T4C5E',1,'2024-02-12 16:48:12','2024-02-12 16:48:12',NULL),
('T4C6A','T4C6A',1,'2024-02-12 16:48:12','2024-02-12 16:48:12',NULL),
('T4C6E','T4C6E',1,'2024-02-12 16:48:12','2024-02-12 16:48:12',NULL),
('T5C1A','T5C1A',1,'2024-02-12 16:48:12','2024-02-12 16:48:12',NULL),
('T5C1E','T5C1E',1,'2024-02-12 16:48:12','2024-02-12 16:48:12',NULL),
('T5C2A','T5C2A',1,'2024-02-12 16:48:12','2024-02-12 16:48:12',NULL),
('T5C2E','T5C2E',1,'2024-02-12 16:48:12','2024-02-12 16:48:12',NULL),
('T5C3A','T5C3A',1,'2024-02-12 16:48:12','2024-02-12 16:48:12',NULL),
('T5C3E','T5C3E',1,'2024-02-12 16:48:12','2024-02-12 16:48:12',NULL),
('T5C4A','T5C4A',1,'2024-02-12 16:48:12','2024-02-12 16:48:12',NULL),
('T5C4E','T5C4E',1,'2024-02-12 16:48:12','2024-02-12 16:48:12',NULL),
('T5C5A','T5C5A',1,'2024-02-12 16:48:12','2024-02-12 16:48:12',NULL),
('T5C5E','T5C5E',1,'2024-02-12 16:48:12','2024-02-12 16:48:12',NULL),
('T5C6A','T5C6A',1,'2024-02-12 16:48:12','2024-02-12 16:48:12',NULL),
('T5C6E','T5C6E',1,'2024-02-12 16:48:12','2024-02-12 16:48:12',NULL),
('T6C1A','T6C1A',1,'2024-02-12 16:48:12','2024-02-12 16:48:12',NULL),
('T6C1E','T6C1E',1,'2024-02-12 16:48:12','2024-02-12 16:48:12',NULL),
('T6C2A','T6C2A',1,'2024-02-12 16:48:12','2024-02-12 16:48:12',NULL),
('T6C2E','T6C2E',1,'2024-02-12 16:48:12','2024-02-12 16:48:12',NULL),
('T6C3A','T6C3A',1,'2024-02-12 16:48:12','2024-02-12 16:48:12',NULL),
('T6C3E','T6C3E',1,'2024-02-12 16:48:12','2024-02-12 16:48:12',NULL),
('T6C4A','T6C4A',1,'2024-02-12 16:48:12','2024-02-12 16:48:12',NULL),
('T6C4E','T6C4E',1,'2024-02-12 16:48:12','2024-02-12 16:48:12',NULL),
('T6C5A','T6C5A',1,'2024-02-12 16:48:12','2024-02-12 16:48:12',NULL),
('T6C5E','T6C5E',1,'2024-02-12 16:48:12','2024-02-12 16:48:12',NULL),
('T6C6A','T6C6A',1,'2024-02-12 16:48:12','2024-02-12 16:48:12',NULL),
('T6C6E','T6C6E',1,'2024-02-12 16:48:12','2024-02-12 16:48:12',NULL);
/*!40000 ALTER TABLE `minigame` ENABLE KEYS */;
UNLOCK TABLES;

--
-- Table structure for table `minigame_attribute`
--

DROP TABLE IF EXISTS `minigame_attribute`;
/*!40101 SET @saved_cs_client     = @@character_set_client */;
/*!40101 SET character_set_client = utf8 */;
CREATE TABLE `minigame_attribute` (
  `minatt_id` int NOT NULL AUTO_INCREMENT,
  `minigame_id` char(255) NOT NULL,
  `attribute_id` int NOT NULL,
  `date_creation` datetime NOT NULL DEFAULT CURRENT_TIMESTAMP,
  `date_modification` datetime NOT NULL DEFAULT CURRENT_TIMESTAMP,
  `date_delete` datetime DEFAULT NULL,
  PRIMARY KEY (`minatt_id`),
  KEY `minigame_id` (`minigame_id`),
  KEY `attribute_id` (`attribute_id`),
  KEY `idx_minigame_attribute_date_delete` (`date_delete`),
  CONSTRAINT `minigame_attribute_ibfk_1` FOREIGN KEY (`minigame_id`) REFERENCES `minigame` (`minigame_id`),
  CONSTRAINT `minigame_attribute_ibfk_2` FOREIGN KEY (`attribute_id`) REFERENCES `attribute` (`attribute_id`)
) ENGINE=InnoDB AUTO_INCREMENT=39 DEFAULT CHARSET=utf8mb4 COLLATE=utf8mb4_0900_ai_ci;
/*!40101 SET character_set_client = @saved_cs_client */;

--
-- Dumping data for table `minigame_attribute`
--

LOCK TABLES `minigame_attribute` WRITE;
/*!40000 ALTER TABLE `minigame_attribute` DISABLE KEYS */;
INSERT INTO `minigame_attribute` VALUES
(2,'T1C1A',20,'2024-02-12 19:35:45','2024-02-12 19:35:45',NULL),
(3,'T1C1A',26,'2024-02-12 19:35:45','2024-02-12 19:35:45',NULL),
(5,'T1C1E',20,'2024-02-12 19:35:45','2024-02-12 19:35:45',NULL),
(6,'T1C1E',26,'2024-02-12 19:35:45','2024-02-12 19:35:45',NULL),
(7,'T1C1A',32,'2024-04-26 14:52:17','2024-04-26 14:52:17',NULL),
(8,'T1C1E',33,'2024-04-26 14:52:17','2024-04-26 14:52:17',NULL),
(9,'T1C2A',20,'2024-02-12 19:35:45','2024-02-12 19:35:45',NULL),
(10,'T1C2A',27,'2024-02-12 19:35:45','2024-02-12 19:35:45',NULL),
(11,'T1C2E',20,'2024-02-12 19:35:45','2024-02-12 19:35:45',NULL),
(12,'T1C2E',27,'2024-02-12 19:35:45','2024-02-12 19:35:45',NULL),
(13,'T1C2A',32,'2024-04-26 14:52:17','2024-04-26 14:52:17',NULL),
(14,'T1C2E',33,'2024-04-26 14:52:17','2024-04-26 14:52:17',NULL),
(15,'T1C3A',20,'2024-02-12 19:35:45','2024-02-12 19:35:45',NULL),
(16,'T1C3A',28,'2024-02-12 19:35:45','2024-02-12 19:35:45',NULL),
(17,'T1C3E',20,'2024-02-12 19:35:45','2024-02-12 19:35:45',NULL),
(18,'T1C3E',28,'2024-02-12 19:35:45','2024-02-12 19:35:45',NULL),
(19,'T1C3A',32,'2024-04-26 14:52:17','2024-04-26 14:52:17',NULL),
(20,'T1C3E',33,'2024-04-26 14:52:17','2024-04-26 14:52:17',NULL),
(21,'T1C4A',20,'2024-02-12 19:35:45','2024-02-12 19:35:45',NULL),
(22,'T1C4A',29,'2024-02-12 19:35:45','2024-02-12 19:35:45',NULL),
(23,'T1C4E',20,'2024-02-12 19:35:45','2024-02-12 19:35:45',NULL),
(24,'T1C4E',29,'2024-02-12 19:35:45','2024-02-12 19:35:45',NULL),
(25,'T1C4A',32,'2024-04-26 14:52:17','2024-04-26 14:52:17',NULL),
(26,'T1C4E',33,'2024-04-26 14:52:17','2024-04-26 14:52:17',NULL),
(27,'T1C5A',20,'2024-02-12 19:35:45','2024-02-12 19:35:45',NULL),
(28,'T1C5A',30,'2024-02-12 19:35:45','2024-02-12 19:35:45',NULL),
(29,'T1C5E',20,'2024-02-12 19:35:45','2024-02-12 19:35:45',NULL),
(30,'T1C5E',30,'2024-02-12 19:35:45','2024-02-12 19:35:45',NULL),
(31,'T1C5A',32,'2024-04-26 14:52:17','2024-04-26 14:52:17',NULL),
(32,'T1C5E',33,'2024-04-26 14:52:17','2024-04-26 14:52:17',NULL),
(33,'T1C6A',20,'2024-02-12 19:35:45','2024-02-12 19:35:45',NULL),
(34,'T1C6A',31,'2024-02-12 19:35:45','2024-02-12 19:35:45',NULL),
(35,'T1C6E',20,'2024-02-12 19:35:45','2024-02-12 19:35:45',NULL),
(36,'T1C6E',31,'2024-02-12 19:35:45','2024-02-12 19:35:45',NULL),
(37,'T1C6A',32,'2024-04-26 14:52:17','2024-04-26 14:52:17',NULL),
(38,'T1C6E',33,'2024-04-26 14:52:17','2024-04-26 14:52:17',NULL);
/*!40000 ALTER TABLE `minigame_attribute` ENABLE KEYS */;
UNLOCK TABLES;

--
-- Table structure for table `minigame_learning_outcome_qualifier`
--

DROP TABLE IF EXISTS `minigame_learning_outcome_qualifier`;
/*!40101 SET @saved_cs_client     = @@character_set_client */;
/*!40101 SET character_set_client = utf8 */;
CREATE TABLE `minigame_learning_outcome_qualifier` (
  `minleaoutqua_id` int NOT NULL AUTO_INCREMENT,
  `minigame_id` char(255) NOT NULL,
  `leaoutqua_id` int NOT NULL,
  `description` text,
  `date_creation` datetime NOT NULL DEFAULT CURRENT_TIMESTAMP,
  `date_modification` datetime NOT NULL DEFAULT CURRENT_TIMESTAMP,
  `date_delete` datetime DEFAULT NULL,
  PRIMARY KEY (`minleaoutqua_id`),
  KEY `minigame_id` (`minigame_id`),
  KEY `leaoutqua_id` (`leaoutqua_id`),
  KEY `idx_minigame_learning_outcome_qualifier_date_delete` (`date_delete`),
  CONSTRAINT `minigame_learning_outcome_qualifier_ibfk_1` FOREIGN KEY (`minigame_id`) REFERENCES `minigame` (`minigame_id`),
  CONSTRAINT `minigame_learning_outcome_qualifier_ibfk_2` FOREIGN KEY (`leaoutqua_id`) REFERENCES `learning_outcome_qualifier` (`leaoutqua_id`)
) ENGINE=InnoDB AUTO_INCREMENT=145 DEFAULT CHARSET=utf8mb4 COLLATE=utf8mb4_0900_ai_ci;
/*!40101 SET character_set_client = @saved_cs_client */;

--
-- Dumping data for table `minigame_learning_outcome_qualifier`
--

LOCK TABLES `minigame_learning_outcome_qualifier` WRITE;
/*!40000 ALTER TABLE `minigame_learning_outcome_qualifier` DISABLE KEYS */;
INSERT INTO `minigame_learning_outcome_qualifier` VALUES
(1,'T1C1A',2,'Capacidad de interpretar, analizar, evaluar, hacer inferencias, explicar y clarificar significados.','2024-02-12 19:36:50','2024-02-12 19:36:50',NULL),
(2,'T1C1E',1,'Capacidad para evaluar opciones, considerar consecuencias, y seleccionar una accin adecuada basada en objetivos y circunstancias. Involucra recopilar informacin, prever resultados, valorar tica y moralmente, y tomar decisiones informadas.','2024-02-12 19:36:50','2024-02-12 19:36:50',NULL),
(3,'T1C1A',3,'Las aguas cercanas a la isla de Malpelo estn llenas de buzos que quieren ver de cerca a los tiburones martillo. Esto est afectando a las otras especies marinas y al ecosistema. ','2024-02-12 19:36:50','2024-02-12 19:36:50',NULL),
(4,'T1C1E',3,'Las aguas cercanas a la isla de Malpelo estn llenas de buzos que quieren ver de cerca a los tiburones martillo. Esto est afectando a las otras especies marinas y al ecosistema. ','2024-02-12 19:36:50','2024-02-12 19:36:50',NULL),
(5,'T1C2A',4,'Capacidad de plantear y analizar problemas para generar alternativas de solucin eficaces y viables.','2024-02-12 19:36:50','2024-02-12 19:36:50',NULL),
(6,'T1C2E',2,'Capacidad de interpretar, analizar, evaluar, hacer inferencias, explicar y clarificar significados.','2024-02-12 19:36:50','2024-02-12 19:36:50',NULL),
(7,'T1C2A',3,'Las aguas cercanas a la isla de Malpelo estn llenas de buzos que quieren ver de cerca a los tiburones martillo. Esto est afectando a las otras especies marinas y al ecosistema. ','2024-02-12 19:36:50','2024-02-12 19:36:50',NULL),
(8,'T1C2E',3,'Las aguas cercanas a la isla de Malpelo estn llenas de buzos que quieren ver de cerca a los tiburones martillo. Esto est afectando a las otras especies marinas y al ecosistema. ','2024-02-12 19:36:50','2024-02-12 19:36:50',NULL),
(9,'T1C3A',4,'Capacidad de plantear y analizar problemas para generar alternativas de solucin eficaces y viables.','2024-02-12 19:36:50','2024-02-12 19:36:50',NULL),
(10,'T1C3E',2,'Capacidad de interpretar, analizar, evaluar, hacer inferencias, explicar y clarificar significados.','2024-02-12 19:36:50','2024-02-12 19:36:50',NULL),
(11,'T1C3A',3,'Las aguas cercanas a la isla de Malpelo estn llenas de buzos que quieren ver de cerca a los tiburones martillo. Esto est afectando a las otras especies marinas y al ecosistema. ','2024-02-12 19:36:50','2024-02-12 19:36:50',NULL),
(12,'T1C3E',3,'Las aguas cercanas a la isla de Malpelo estn llenas de buzos que quieren ver de cerca a los tiburones martillo. Esto est afectando a las otras especies marinas y al ecosistema. ','2024-02-12 19:36:50','2024-02-12 19:36:50',NULL),
(13,'T1C4A',4,'Capacidad de plantear y analizar problemas para generar alternativas de solucin eficaces y viables.','2024-02-12 19:36:50','2024-02-12 19:36:50',NULL),
(14,'T1C4E',4,'Capacidad de plantear y analizar problemas para generar alternativas de solucin eficaces y viables.','2024-02-12 19:36:50','2024-02-12 19:36:50',NULL),
(15,'T1C4A',3,'Las aguas cercanas a la isla de Malpelo estn llenas de buzos que quieren ver de cerca a los tiburones martillo. Esto est afectando a las otras especies marinas y al ecosistema. ','2024-02-12 19:36:50','2024-02-12 19:36:50',NULL),
(16,'T1C4E',3,'Las aguas cercanas a la isla de Malpelo estn llenas de buzos que quieren ver de cerca a los tiburones martillo. Esto est afectando a las otras especies marinas y al ecosistema. ','2024-02-12 19:36:50','2024-02-12 19:36:50',NULL),
(17,'T1C5A',2,'Capacidad de interpretar, analizar, evaluar, hacer inferencias, explicar y clarificar significados.','2024-02-12 19:36:50','2024-02-12 19:36:50',NULL),
(18,'T1C5E',1,'Capacidad de plantear y analizar problemas para generar alternativas de solucin eficaces y viables.','2024-02-12 19:36:50','2024-02-12 19:36:50',NULL),
(19,'T1C5A',3,'Las aguas cercanas a la isla de Malpelo estn llenas de buzos que quieren ver de cerca a los tiburones martillo. Esto est afectando a las otras especies marinas y al ecosistema. ','2024-02-12 19:36:50','2024-02-12 19:36:50',NULL),
(20,'T1C5E',3,'Las aguas cercanas a la isla de Malpelo estn llenas de buzos que quieren ver de cerca a los tiburones martillo. Esto est afectando a las otras especies marinas y al ecosistema. ','2024-02-12 19:36:50','2024-02-12 19:36:50',NULL),
(21,'T1C6A',2,'Capacidad de plantear y analizar problemas para generar alternativas de solucin eficaces y viables.','2024-02-12 19:36:50','2024-02-12 19:36:50',NULL),
(22,'T1C6E',1,'Capacidad de interpretar, analizar, evaluar, hacer inferencias, explicar y clarificar significados.','2024-02-12 19:36:50','2024-02-12 19:36:50',NULL),
(23,'T1C6A',3,'Las aguas cercanas a la isla de Malpelo estn llenas de buzos que quieren ver de cerca a los tiburones martillo. Esto est afectando a las otras especies marinas y al ecosistema. ','2024-02-12 19:36:50','2024-02-12 19:36:50',NULL),
(24,'T1C6E',3,'Las aguas cercanas a la isla de Malpelo estn llenas de buzos que quieren ver de cerca a los tiburones martillo. Esto est afectando a las otras especies marinas y al ecosistema. ','2024-02-12 19:36:50','2024-02-12 19:36:50',NULL),
(25,'T2C1E',4,'Capacidad de plantear y analizar problemas para generar alternativas de solucin eficaces y viables.','2024-05-20 15:12:53','2024-05-20 15:12:53',NULL),
(26,'T2C1A',1,'Capacidad para evaluar opciones, considerar consecuencias, y seleccionar una accin adecuada basada en objetivos y circunstancias. Involucra recopilar informacin, prever resultados, valorar tica y moralmente, y tomar decisiones informadas.','2024-05-20 15:12:53','2024-05-20 15:12:53',NULL),
(27,'T2C1E',3,'En las zonas de pesca artesanal, los peces estn empezando a escasear, la comunidad no sabe por qu, pero se ve perjudicado su sustento diario de comida y comercio, necesitan encontrar las causas del problema y ayuda para solucionarlas.','2024-05-20 15:12:53','2024-05-20 15:12:53',NULL),
(28,'T2C1A',3,'En las zonas de pesca artesanal, los peces estn empezando a escasear, la comunidad no sabe por qu, pero se ve perjudicado su sustento diario de comida y comercio, necesitan encontrar las causas del problema y ayuda para solucionarlas.','2024-05-20 15:12:53','2024-05-20 15:12:53',NULL),
(29,'T2C2E',1,'Capacidad para evaluar opciones, considerar consecuencias, y seleccionar una accin adecuada basada en objetivos y circunstancias. Involucra recopilar informacin, prever resultados, valorar tica y moralmente, y tomar decisiones informadas.','2024-05-20 15:12:53','2024-05-20 15:12:53',NULL),
(30,'T2C2A',1,'Capacidad para evaluar opciones, considerar consecuencias, y seleccionar una accin adecuada basada en objetivos y circunstancias. Involucra recopilar informacin, prever resultados, valorar tica y moralmente, y tomar decisiones informadas.','2024-05-20 15:12:53','2024-05-20 15:12:53',NULL),
(31,'T2C2E',3,'En las zonas de pesca artesanal, los peces estn empezando a escasear, la comunidad no sabe por qu, pero se ve perjudicado su sustento diario de comida y comercio, necesitan encontrar las causas del problema y ayuda para solucionarlas.','2024-05-20 15:12:54','2024-05-20 15:12:54',NULL),
(32,'T2C2A',3,'En las zonas de pesca artesanal, los peces estn empezando a escasear, la comunidad no sabe por qu, pero se ve perjudicado su sustento diario de comida y comercio, necesitan encontrar las causas del problema y ayuda para solucionarlas.','2024-05-20 15:12:54','2024-05-20 15:12:54',NULL),
(33,'T2C3E',5,'Capacidad para acceder a la informacin de forma eficiente, evaluarla de manera crtica y utilizarla de forma creativa y precisa.','2024-05-20 15:12:54','2024-05-20 15:12:54',NULL),
(34,'T2C3A',4,'Capacidad de plantear y analizar problemas para generar alternativas de solucin eficaces y viables.','2024-05-20 15:12:54','2024-05-20 15:12:54',NULL),
(35,'T2C3E',3,'En las zonas de pesca artesanal, los peces estn empezando a escasear, la comunidad no sabe por qu, pero se ve perjudicado su sustento diario de comida y comercio, necesitan encontrar las causas del problema y ayuda para solucionarlas.','2024-05-20 15:12:54','2024-05-20 15:12:54',NULL),
(36,'T2C3A',3,'En las zonas de pesca artesanal, los peces estn empezando a escasear, la comunidad no sabe por qu, pero se ve perjudicado su sustento diario de comida y comercio, necesitan encontrar las causas del problema y ayuda para solucionarlas.','2024-05-20 15:12:54','2024-05-20 15:12:54',NULL),
(37,'T2C4E',6,'Capacidad para generar ideas originales que tengan valor en la actualidad, interpretar de distintas formas las situaciones y visualizar una variedad de respuestas ante un problema o circunstancia.','2024-05-20 15:12:55','2024-05-20 15:12:55',NULL),
(38,'T2C4A',2,'Capacidad de interpretar, analizar, evaluar, hacer inferencias, explicar y clarificar significados.','2024-05-20 15:12:55','2024-05-20 15:12:55',NULL),
(39,'T2C4E',3,'En las zonas de pesca artesanal, los peces estn empezando a escasear, la comunidad no sabe por qu, pero se ve perjudicado su sustento diario de comida y comercio, necesitan encontrar las causas del problema y ayuda para solucionarlas.','2024-05-20 15:12:55','2024-05-20 15:12:55',NULL),
(40,'T2C4A',3,'En las zonas de pesca artesanal, los peces estn empezando a escasear, la comunidad no sabe por qu, pero se ve perjudicado su sustento diario de comida y comercio, necesitan encontrar las causas del problema y ayuda para solucionarlas.','2024-05-20 15:12:55','2024-05-20 15:12:55',NULL),
(41,'T2C5E',2,'Capacidad de interpretar, analizar, evaluar, hacer inferencias, explicar y clarificar significados.','2024-05-20 15:12:55','2024-05-20 15:12:55',NULL),
(42,'T2C5A',1,'Capacidad para evaluar opciones, considerar consecuencias, y seleccionar una accin adecuada basada en objetivos y circunstancias. Involucra recopilar informacin, prever resultados, valorar tica y moralmente, y tomar decisiones informadas.','2024-05-20 15:12:55','2024-05-20 15:12:55',NULL),
(43,'T2C5E',3,'En las zonas de pesca artesanal, los peces estn empezando a escasear, la comunidad no sabe por qu, pero se ve perjudicado su sustento diario de comida y comercio, necesitan encontrar las causas del problema y ayuda para solucionarlas.','2024-05-20 15:12:56','2024-05-20 15:12:56',NULL),
(44,'T2C5A',3,'En las zonas de pesca artesanal, los peces estn empezando a escasear, la comunidad no sabe por qu, pero se ve perjudicado su sustento diario de comida y comercio, necesitan encontrar las causas del problema y ayuda para solucionarlas.','2024-05-20 15:12:56','2024-05-20 15:12:56',NULL),
(45,'T2C6E',4,'Capacidad de plantear y analizar problemas para generar alternativas de solucin eficaces y viables.','2024-05-20 15:12:56','2024-05-20 15:12:56',NULL),
(46,'T2C6A',2,'Capacidad de interpretar, analizar, evaluar, hacer inferencias, explicar y clarificar significados.','2024-05-20 15:12:56','2024-05-20 15:12:56',NULL),
(47,'T2C6E',3,'En las zonas de pesca artesanal, los peces estn empezando a escasear, la comunidad no sabe por qu, pero se ve perjudicado su sustento diario de comida y comercio, necesitan encontrar las causas del problema y ayuda para solucionarlas.','2024-05-20 15:12:56','2024-05-20 15:12:56',NULL),
(48,'T2C6A',3,'En las zonas de pesca artesanal, los peces estn empezando a escasear, la comunidad no sabe por qu, pero se ve perjudicado su sustento diario de comida y comercio, necesitan encontrar las causas del problema y ayuda para solucionarlas.','2024-05-20 15:12:56','2024-05-20 15:12:56',NULL),
(49,'T3C1E',2,'Capacidad de interpretar, analizar, evaluar, hacer inferencias, explicar y clarificar significados.','2024-05-20 15:12:57','2024-05-20 15:12:57',NULL),
(50,'T3C1A',2,'Capacidad de interpretar, analizar, evaluar, hacer inferencias, explicar y clarificar significados.','2024-05-20 15:12:57','2024-05-20 15:12:57',NULL),
(51,'T3C1E',3,'Para salir al mercado como todas las semanas, la comunidad recolecta y clasifica las plantas medicinales, condimentarias y aromticas y dems productos derivados, pero en esta ocasin todas las plantas se han confundido.','2024-05-20 15:12:57','2024-05-20 15:12:57',NULL),
(52,'T3C1A',3,'Para salir al mercado como todas las semanas, la comunidad recolecta y clasifica las plantas medicinales, condimentarias y aromticas y dems productos derivados, pero en esta ocasin todas las plantas se han confundido.','2024-05-20 15:12:57','2024-05-20 15:12:57',NULL),
(53,'T3C2E',2,'Capacidad de interpretar, analizar, evaluar, hacer inferencias, explicar y clarificar significados.','2024-05-20 15:12:57','2024-05-20 15:12:57',NULL),
(54,'T3C2A',1,'Capacidad para evaluar opciones, considerar consecuencias, y seleccionar una accin adecuada basada en objetivos y circunstancias. Involucra recopilar informacin, prever resultados, valorar tica y moralmente, y tomar decisiones informadas.','2024-05-20 15:12:57','2024-05-20 15:12:57',NULL),
(55,'T3C2E',3,'Para salir al mercado como todas las semanas, la comunidad recolecta y clasifica las plantas medicinales, condimentarias y aromticas y dems productos derivados, pero en esta ocasin todas las plantas se han confundido.','2024-05-20 15:12:58','2024-05-20 15:12:58',NULL),
(56,'T3C2A',3,'Para salir al mercado como todas las semanas, la comunidad recolecta y clasifica las plantas medicinales, condimentarias y aromticas y dems productos derivados, pero en esta ocasin todas las plantas se han confundido.','2024-05-20 15:12:58','2024-05-20 15:12:58',NULL),
(57,'T3C3E',2,'Capacidad de interpretar, analizar, evaluar, hacer inferencias, explicar y clarificar significados.','2024-05-20 15:12:58','2024-05-20 15:12:58',NULL),
(58,'T3C3A',2,'Capacidad de interpretar, analizar, evaluar, hacer inferencias, explicar y clarificar significados.','2024-05-20 15:12:58','2024-05-20 15:12:58',NULL),
(59,'T3C3E',3,'Para salir al mercado como todas las semanas, la comunidad recolecta y clasifica las plantas medicinales, condimentarias y aromticas y dems productos derivados, pero en esta ocasin todas las plantas se han confundido.','2024-05-20 15:12:58','2024-05-20 15:12:58',NULL),
(60,'T3C3A',3,'Para salir al mercado como todas las semanas, la comunidad recolecta y clasifica las plantas medicinales, condimentarias y aromticas y dems productos derivados, pero en esta ocasin todas las plantas se han confundido.','2024-05-20 15:12:58','2024-05-20 15:12:58',NULL),
(61,'T3C4E',5,'Capacidad para acceder a la informacin de forma eficiente, evaluarla de manera crtica y utilizarla de forma creativa y precisa.','2024-05-20 15:12:59','2024-05-20 15:12:59',NULL),
(62,'T3C4A',6,'Capacidad para generar ideas originales que tengan valor en la actualidad, interpretar de distintas formas las situaciones y visualizar una variedad de respuestas ante un problema o circunstancia.','2024-05-20 15:12:59','2024-05-20 15:12:59',NULL),
(63,'T3C4E',3,'Para salir al mercado como todas las semanas, la comunidad recolecta y clasifica las plantas medicinales, condimentarias y aromticas y dems productos derivados, pero en esta ocasin todas las plantas se han confundido.','2024-05-20 15:12:59','2024-05-20 15:12:59',NULL),
(64,'T3C4A',3,'Para salir al mercado como todas las semanas, la comunidad recolecta y clasifica las plantas medicinales, condimentarias y aromticas y dems productos derivados, pero en esta ocasin todas las plantas se han confundido.','2024-05-20 15:12:59','2024-05-20 15:12:59',NULL),
(65,'T3C5E',1,'Capacidad para evaluar opciones, considerar consecuencias, y seleccionar una accin adecuada basada en objetivos y circunstancias. Involucra recopilar informacin, prever resultados, valorar tica y moralmente, y tomar decisiones informadas.','2024-05-20 15:12:59','2024-05-20 15:12:59',NULL),
(66,'T3C5A',4,'Capacidad de plantear y analizar problemas para generar alternativas de solucin eficaces y viables.','2024-05-20 15:12:59','2024-05-20 15:12:59',NULL),
(67,'T3C5E',3,'Para salir al mercado como todas las semanas, la comunidad recolecta y clasifica las plantas medicinales, condimentarias y aromticas y dems productos derivados, pero en esta ocasin todas las plantas se han confundido.','2024-05-20 15:13:00','2024-05-20 15:13:00',NULL),
(68,'T3C5A',3,'Para salir al mercado como todas las semanas, la comunidad recolecta y clasifica las plantas medicinales, condimentarias y aromticas y dems productos derivados, pero en esta ocasin todas las plantas se han confundido.','2024-05-20 15:13:00','2024-05-20 15:13:00',NULL),
(69,'T3C6E',2,'Capacidad de interpretar, analizar, evaluar, hacer inferencias, explicar y clarificar significados.','2024-05-20 15:13:00','2024-05-20 15:13:00',NULL),
(70,'T3C6A',2,'Capacidad de interpretar, analizar, evaluar, hacer inferencias, explicar y clarificar significados.','2024-05-20 15:13:00','2024-05-20 15:13:00',NULL),
(71,'T3C6E',3,'Para salir al mercado como todas las semanas, la comunidad recolecta y clasifica las plantas medicinales, condimentarias y aromticas y dems productos derivados, pero en esta ocasin todas las plantas se han confundido.','2024-05-20 15:13:00','2024-05-20 15:13:00',NULL),
(72,'T3C6A',3,'Para salir al mercado como todas las semanas, la comunidad recolecta y clasifica las plantas medicinales, condimentarias y aromticas y dems productos derivados, pero en esta ocasin todas las plantas se han confundido.','2024-05-20 15:13:00','2024-05-20 15:13:00',NULL),
(73,'T4C1E',1,'Lorem ipsum','2024-05-20 15:13:01','2024-05-20 15:13:01',NULL),
(74,'T4C1A',2,'Lorem ipsum','2024-05-20 15:13:01','2024-05-20 15:13:01',NULL),
(75,'T4C1E',3,'Lorem ipsum','2024-05-20 15:13:01','2024-05-20 15:13:01',NULL),
(76,'T4C1A',3,'Lorem ipsum','2024-05-20 15:13:01','2024-05-20 15:13:01',NULL),
(77,'T4C2E',2,'Lorem ipsum','2024-05-20 15:13:01','2024-05-20 15:13:01',NULL),
(78,'T4C2A',4,'Lorem ipsum','2024-05-20 15:13:01','2024-05-20 15:13:01',NULL),
(79,'T4C2E',3,'Lorem ipsum','2024-05-20 15:13:02','2024-05-20 15:13:02',NULL),
(80,'T4C2A',3,'Lorem ipsum','2024-05-20 15:13:02','2024-05-20 15:13:02',NULL),
(81,'T4C3E',2,'Lorem ipsum','2024-05-20 15:13:02','2024-05-20 15:13:02',NULL),
(82,'T4C3A',4,'Lorem ipsum','2024-05-20 15:13:02','2024-05-20 15:13:02',NULL),
(83,'T4C3E',3,'Lorem ipsum','2024-05-20 15:13:02','2024-05-20 15:13:02',NULL),
(84,'T4C3A',3,'Lorem ipsum','2024-05-20 15:13:02','2024-05-20 15:13:02',NULL),
(85,'T4C4E',4,'Lorem ipsum','2024-05-20 15:13:03','2024-05-20 15:13:03',NULL),
(86,'T4C4A',4,'Lorem ipsum','2024-05-20 15:13:03','2024-05-20 15:13:03',NULL),
(87,'T4C4E',3,'Lorem ipsum','2024-05-20 15:13:03','2024-05-20 15:13:03',NULL),
(88,'T4C4A',3,'Lorem ipsum','2024-05-20 15:13:03','2024-05-20 15:13:03',NULL),
(89,'T4C5E',1,'Lorem ipsum','2024-05-20 15:13:03','2024-05-20 15:13:03',NULL),
(90,'T4C5A',2,'Lorem ipsum','2024-05-20 15:13:03','2024-05-20 15:13:03',NULL),
(91,'T4C5E',3,'Lorem ipsum','2024-05-20 15:13:04','2024-05-20 15:13:04',NULL),
(92,'T4C5A',3,'Lorem ipsum','2024-05-20 15:13:04','2024-05-20 15:13:04',NULL),
(93,'T4C6E',1,'Lorem ipsum','2024-05-20 15:13:04','2024-05-20 15:13:04',NULL),
(94,'T4C6A',2,'Lorem ipsum','2024-05-20 15:13:04','2024-05-20 15:13:04',NULL),
(95,'T4C6E',3,'Lorem ipsum','2024-05-20 15:13:04','2024-05-20 15:13:04',NULL),
(96,'T4C6A',3,'Lorem ipsum','2024-05-20 15:13:04','2024-05-20 15:13:04',NULL),
(97,'T5C1E',1,'Lorem ipsum','2024-05-20 15:13:05','2024-05-20 15:13:05',NULL),
(98,'T5C1A',2,'Lorem ipsum','2024-05-20 15:13:05','2024-05-20 15:13:05',NULL),
(99,'T5C1E',3,'Lorem ipsum','2024-05-20 15:13:05','2024-05-20 15:13:05',NULL),
(100,'T5C1A',3,'Lorem ipsum','2024-05-20 15:13:05','2024-05-20 15:13:05',NULL),
(101,'T5C2E',2,'Lorem ipsum','2024-05-20 15:13:05','2024-05-20 15:13:05',NULL),
(102,'T5C2A',4,'Lorem ipsum','2024-05-20 15:13:06','2024-05-20 15:13:06',NULL),
(103,'T5C2E',3,'Lorem ipsum','2024-05-20 15:13:06','2024-05-20 15:13:06',NULL),
(104,'T5C2A',3,'Lorem ipsum','2024-05-20 15:13:06','2024-05-20 15:13:06',NULL),
(105,'T5C3E',2,'Lorem ipsum','2024-05-20 15:13:06','2024-05-20 15:13:06',NULL),
(106,'T5C3A',4,'Lorem ipsum','2024-05-20 15:13:06','2024-05-20 15:13:06',NULL),
(107,'T5C3E',3,'Lorem ipsum','2024-05-20 15:13:06','2024-05-20 15:13:06',NULL),
(108,'T5C3A',3,'Lorem ipsum','2024-05-20 15:13:06','2024-05-20 15:13:06',NULL),
(109,'T5C4E',4,'Lorem ipsum','2024-05-20 15:13:07','2024-05-20 15:13:07',NULL),
(110,'T5C4A',4,'Lorem ipsum','2024-05-20 15:13:07','2024-05-20 15:13:07',NULL),
(111,'T5C4E',3,'Lorem ipsum','2024-05-20 15:13:07','2024-05-20 15:13:07',NULL),
(112,'T5C4A',3,'Lorem ipsum','2024-05-20 15:13:07','2024-05-20 15:13:07',NULL),
(113,'T5C5E',1,'Lorem ipsum','2024-05-20 15:13:08','2024-05-20 15:13:08',NULL),
(114,'T5C5A',2,'Lorem ipsum','2024-05-20 15:13:08','2024-05-20 15:13:08',NULL),
(115,'T5C5E',3,'Lorem ipsum','2024-05-20 15:13:08','2024-05-20 15:13:08',NULL),
(116,'T5C5A',3,'Lorem ipsum','2024-05-20 15:13:08','2024-05-20 15:13:08',NULL),
(117,'T5C6E',1,'Lorem ipsum','2024-05-20 15:13:08','2024-05-20 15:13:08',NULL),
(118,'T5C6A',2,'Lorem ipsum','2024-05-20 15:13:08','2024-05-20 15:13:08',NULL),
(119,'T5C6E',3,'Lorem ipsum','2024-05-20 15:13:09','2024-05-20 15:13:09',NULL),
(120,'T5C6A',3,'Lorem ipsum','2024-05-20 15:13:09','2024-05-20 15:13:09',NULL),
(121,'T6C1E',1,'Lorem ipsum','2024-05-20 15:13:09','2024-05-20 15:13:09',NULL),
(122,'T6C1A',2,'Lorem ipsum','2024-05-20 15:13:09','2024-05-20 15:13:09',NULL),
(123,'T6C1E',3,'Lorem ipsum','2024-05-20 15:13:09','2024-05-20 15:13:09',NULL),
(124,'T6C1A',3,'Lorem ipsum','2024-05-20 15:13:10','2024-05-20 15:13:10',NULL),
(125,'T6C2E',2,'Lorem ipsum','2024-05-20 15:13:10','2024-05-20 15:13:10',NULL),
(126,'T6C2A',4,'Lorem ipsum','2024-05-20 15:13:10','2024-05-20 15:13:10',NULL),
(127,'T6C2E',3,'Lorem ipsum','2024-05-20 15:13:10','2024-05-20 15:13:10',NULL),
(128,'T6C2A',3,'Lorem ipsum','2024-05-20 15:13:10','2024-05-20 15:13:10',NULL),
(129,'T6C3E',2,'Lorem ipsum','2024-05-20 15:13:10','2024-05-20 15:13:10',NULL),
(130,'T6C3A',4,'Lorem ipsum','2024-05-20 15:13:10','2024-05-20 15:13:10',NULL),
(131,'T6C3E',3,'Lorem ipsum','2024-05-20 15:13:11','2024-05-20 15:13:11',NULL),
(132,'T6C3A',3,'Lorem ipsum','2024-05-20 15:13:11','2024-05-20 15:13:11',NULL),
(133,'T6C4E',4,'Lorem ipsum','2024-05-20 15:13:11','2024-05-20 15:13:11',NULL),
(134,'T6C4A',4,'Lorem ipsum','2024-05-20 15:13:11','2024-05-20 15:13:11',NULL),
(135,'T6C4E',3,'Lorem ipsum','2024-05-20 15:13:11','2024-05-20 15:13:11',NULL),
(136,'T6C4A',3,'Lorem ipsum','2024-05-20 15:13:12','2024-05-20 15:13:12',NULL),
(137,'T6C5E',1,'Lorem ipsum','2024-05-20 15:13:12','2024-05-20 15:13:12',NULL),
(138,'T6C5A',2,'Lorem ipsum','2024-05-20 15:13:12','2024-05-20 15:13:12',NULL),
(139,'T6C5E',3,'Lorem ipsum','2024-05-20 15:13:12','2024-05-20 15:13:12',NULL),
(140,'T6C5A',3,'Lorem ipsum','2024-05-20 15:13:12','2024-05-20 15:13:12',NULL),
(141,'T6C6E',1,'Lorem ipsum','2024-05-20 15:13:12','2024-05-20 15:13:12',NULL),
(142,'T6C6A',2,'Lorem ipsum','2024-05-20 15:13:13','2024-05-20 15:13:13',NULL),
(143,'T6C6E',3,'Lorem ipsum','2024-05-20 15:13:13','2024-05-20 15:13:13',NULL),
(144,'T6C6A',3,'Lorem ipsum','2024-05-20 15:13:13','2024-05-20 15:13:13',NULL);
/*!40000 ALTER TABLE `minigame_learning_outcome_qualifier` ENABLE KEYS */;
UNLOCK TABLES;

--
-- Table structure for table `parameterizations`
--

DROP TABLE IF EXISTS `parameterizations`;
/*!40101 SET @saved_cs_client     = @@character_set_client */;
/*!40101 SET character_set_client = utf8 */;
CREATE TABLE `parameterizations` (
  `id` int NOT NULL AUTO_INCREMENT,
  `key` varchar(255) DEFAULT NULL,
  `value` varchar(255) DEFAULT NULL,
  `date_creation` datetime NOT NULL,
  `date_modification` datetime NOT NULL,
  PRIMARY KEY (`id`)
) ENGINE=InnoDB DEFAULT CHARSET=utf8mb4 COLLATE=utf8mb4_0900_ai_ci;
/*!40101 SET character_set_client = @saved_cs_client */;

--
-- Dumping data for table `parameterizations`
--

LOCK TABLES `parameterizations` WRITE;
/*!40000 ALTER TABLE `parameterizations` DISABLE KEYS */;
/*!40000 ALTER TABLE `parameterizations` ENABLE KEYS */;
UNLOCK TABLES;

--
-- Table structure for table `permission`
--

DROP TABLE IF EXISTS `permission`;
/*!40101 SET @saved_cs_client     = @@character_set_client */;
/*!40101 SET character_set_client = utf8 */;
CREATE TABLE `permission` (
  `permission_id` int NOT NULL AUTO_INCREMENT,
  `name` varchar(255) NOT NULL,
  `entity_id` int DEFAULT NULL,
  `action_temp_id` int DEFAULT NULL,
  `date_creation` datetime NOT NULL DEFAULT CURRENT_TIMESTAMP,
  `date_modification` datetime NOT NULL DEFAULT CURRENT_TIMESTAMP,
  `date_delete` datetime DEFAULT NULL,
  `value` varchar(100) DEFAULT NULL,
  PRIMARY KEY (`permission_id`),
  UNIQUE KEY `name` (`name`),
  KEY `entity_id` (`entity_id`),
  KEY `action_temp_id` (`action_temp_id`),
  CONSTRAINT `permission_ibfk_1` FOREIGN KEY (`entity_id`) REFERENCES `entity` (`entity_id`),
  CONSTRAINT `permission_ibfk_2` FOREIGN KEY (`action_temp_id`) REFERENCES `action_temp` (`action_temp_id`)
) ENGINE=InnoDB AUTO_INCREMENT=83 DEFAULT CHARSET=utf8mb4 COLLATE=utf8mb4_0900_ai_ci;
/*!40101 SET character_set_client = @saved_cs_client */;

--
-- Dumping data for table `permission`
--

LOCK TABLES `permission` WRITE;
/*!40000 ALTER TABLE `permission` DISABLE KEYS */;
INSERT INTO `permission` VALUES
(1,'filtrar por departamento',NULL,NULL,'2023-06-22 16:30:03','2023-06-22 16:30:03',NULL,'dashboard.filter.deparment'),
(2,'filtrar por municipio',NULL,NULL,'2023-06-22 16:30:03','2023-06-22 16:30:03',NULL,'dashboard.filter.town'),
(3,'filtrar por institucin',NULL,NULL,'2023-06-22 16:30:03','2023-06-22 16:30:03',NULL,'dashboard.filter.institution'),
(4,'filtrar por sede',NULL,NULL,'2023-06-22 16:30:03','2023-06-22 16:30:03',NULL,'dashboard.filter.branch'),
(5,'filtrar por grado',NULL,NULL,'2023-06-22 16:30:03','2023-06-22 16:30:03',NULL,'dashboard.filter.grade'),
(6,'filtrar por estudiante',NULL,NULL,'2023-06-22 16:30:03','2023-06-22 16:30:03',NULL,'dashboard.filter.student'),
(7,'filtrar por periodo',NULL,NULL,'2023-06-22 16:30:03','2023-06-22 16:30:03',NULL,'dashboard.filter.period'),
(8,'filtrar por ao lectivo',NULL,NULL,'2023-06-22 16:30:03','2023-06-22 16:30:03',NULL,'dashboard.filter.schoolyear'),
(9,'filtrar por atributo',NULL,NULL,'2023-06-22 16:30:03','2023-06-22 16:30:03',NULL,'dashboard.filter.attribute'),
(10,'filtrar por tipo de atributo',NULL,NULL,'2023-06-22 16:30:03','2023-06-22 16:30:03',NULL,'dashboard.filter.attribute_type'),
(11,'ver modulo usuarios',NULL,NULL,'2023-06-22 16:30:03','2023-06-22 16:30:03',NULL,'users.list'),
(12,'crear usuario',NULL,NULL,'2023-06-22 16:30:03','2023-06-22 16:30:03',NULL,'users.create'),
(13,'editar usuario',NULL,NULL,'2023-06-22 16:30:03','2023-06-22 16:30:03',NULL,'users.edit'),
(14,'eliminar usuario',NULL,NULL,'2023-06-22 16:30:03','2023-06-22 16:30:03',NULL,'users.delete'),
(15,'ver modulo matricula',NULL,NULL,'2023-06-22 16:30:03','2023-06-22 16:30:03',NULL,'enrollment.list'),
(16,'crear matricula',NULL,NULL,'2023-06-22 16:30:03','2023-06-22 16:30:03',NULL,'enrollment.create'),
(17,'editar matricula',NULL,NULL,'2023-06-22 16:30:03','2023-06-22 16:30:03',NULL,'enrollment.edit'),
(18,'eliminar matricula',NULL,NULL,'2023-06-22 16:30:03','2023-06-22 16:30:03',NULL,'enrollment.delete'),
(19,'ver modulo parametrizacion',NULL,NULL,'2023-06-22 16:30:03','2023-06-22 16:30:03',NULL,'parametrize.module'),
(20,'ver departamentos',NULL,NULL,'2023-06-22 16:30:03','2023-06-22 16:30:03',NULL,'parametrize.department.list'),
(21,'crear departamento',NULL,NULL,'2023-06-22 16:30:03','2023-06-22 16:30:03',NULL,'parametrize.department.create'),
(22,'editar departamento',NULL,NULL,'2023-06-22 16:30:03','2023-06-22 16:30:03',NULL,'parametrize.department.edit'),
(23,'eliminar departamento',NULL,NULL,'2023-06-22 16:30:03','2023-06-22 16:30:03',NULL,'parametrize.department.delete'),
(24,'ver municipios',NULL,NULL,'2023-06-22 16:30:03','2023-06-22 16:30:03',NULL,'parametrize.towns.list'),
(25,'crear municipios',NULL,NULL,'2023-06-22 16:30:03','2023-06-22 16:30:03',NULL,'parametrize.towns.create'),
(26,'editar municipio',NULL,NULL,'2023-06-22 16:30:03','2023-06-22 16:30:03',NULL,'parametrize.towns.edit'),
(27,'eliminar municipio',NULL,NULL,'2023-06-22 16:30:03','2023-06-22 16:30:03',NULL,'parametrize.towns.delete'),
(28,'ver instituciones',NULL,NULL,'2023-06-22 16:30:03','2023-06-22 16:30:03',NULL,'parametrize.institutions.list'),
(29,'crear instituciones',NULL,NULL,'2023-06-22 16:30:03','2023-06-22 16:30:03',NULL,'parametrize.institutions.create'),
(30,'editar instituciones',NULL,NULL,'2023-06-22 16:30:03','2023-06-22 16:30:03',NULL,'parametrize.institutions.edit'),
(31,'eliminar instituciones',NULL,NULL,'2023-06-22 16:30:03','2023-06-22 16:30:03',NULL,'parametrize.institutions.delete'),
(32,'ver sedes',NULL,NULL,'2023-06-22 16:30:03','2023-06-22 16:30:03',NULL,'parametrize.branch.list'),
(33,'crear sedes',NULL,NULL,'2023-06-22 16:30:03','2023-06-22 16:30:03',NULL,'parametrize.branch.create'),
(34,'editar sedes',NULL,NULL,'2023-06-22 16:30:03','2023-06-22 16:30:03',NULL,'parametrize.branch.edit'),
(35,'eliminar sedes',NULL,NULL,'2023-06-22 16:30:03','2023-06-22 16:30:03',NULL,'parametrize.branch.delete'),
(36,'ver ciclos',NULL,NULL,'2023-06-22 16:30:03','2023-06-22 16:30:03',NULL,'parametrize.grades.list'),
(37,'crear ciclos',NULL,NULL,'2023-06-22 16:30:03','2023-06-22 16:30:03',NULL,'parametrize.grades.create'),
(38,'editar ciclos',NULL,NULL,'2023-06-22 16:30:03','2023-06-22 16:30:03',NULL,'parametrize.grades.edit'),
(39,'eliminar ciclos',NULL,NULL,'2023-06-22 16:30:03','2023-06-22 16:30:03',NULL,'parametrize.grades.delete'),
(40,'ver grupos',NULL,NULL,'2023-06-22 16:30:03','2023-06-22 16:30:03',NULL,'parametrize.groups.list'),
(41,'crear grupos',NULL,NULL,'2023-06-22 16:30:03','2023-06-22 16:30:03',NULL,'parametrize.groups.create'),
(42,'editar grupos',NULL,NULL,'2023-06-22 16:30:03','2023-06-22 16:30:03',NULL,'parametrize.groups.edit'),
(43,'eliminar grupos',NULL,NULL,'2023-06-22 16:30:03','2023-06-22 16:30:03',NULL,'parametrize.groups.delete'),
(44,'ver estudiantes',NULL,NULL,'2023-06-22 16:30:03','2023-06-22 16:30:03',NULL,'parametrize.students.list'),
(45,'crear estudiantes',NULL,NULL,'2023-06-22 16:30:03','2023-06-22 16:30:03',NULL,'parametrize.students.create'),
(46,'editar estudiantes',NULL,NULL,'2023-06-22 16:30:03','2023-06-22 16:30:03',NULL,'parametrize.students.edit'),
(47,'eliminar estudiantes',NULL,NULL,'2023-06-22 16:30:03','2023-06-22 16:30:03',NULL,'parametrize.students.delete'),
(48,'ver modulo miinijuegos',NULL,NULL,'2023-06-22 16:30:03','2023-06-22 16:30:03',NULL,'minigames.module'),
(49,'ver categorias aprendizaje',NULL,NULL,'2023-06-22 16:30:03','2023-06-22 16:30:03',NULL,'minigames.learningQualifierType.list'),
(50,'crear categorias aprendizaje',NULL,NULL,'2023-06-22 16:30:03','2023-06-22 16:30:03',NULL,'minigames.learningQualifierType.create'),
(51,'editar categorias aprendizaje',NULL,NULL,'2023-06-22 16:30:03','2023-06-22 16:30:03',NULL,'minigames.learningQualifierType.edit'),
(52,'eliminar categorias aprendizaje',NULL,NULL,'2023-06-22 16:30:03','2023-06-22 16:30:03',NULL,'minigames.learningQualifierType.delete'),
(53,'ver caracteristicas aprendizaje',NULL,NULL,'2023-06-22 16:30:03','2023-06-22 16:30:03',NULL,'minigames.learningQualifier.list'),
(54,'crear caracteristicas aprendizaje',NULL,NULL,'2023-06-22 16:30:03','2023-06-22 16:30:03',NULL,'minigames.learningQualifier.create'),
(55,'editar caracteristicas aprendizaje',NULL,NULL,'2023-06-22 16:30:03','2023-06-22 16:30:03',NULL,'minigames.learningQualifier.edit'),
(56,'eliminar caracteristicas aprendizaje',NULL,NULL,'2023-06-22 16:30:03','2023-06-22 16:30:03',NULL,'minigames.learningQualifier.delete'),
(57,'ver caracteristicas minijuego',NULL,NULL,'2023-06-22 16:30:03','2023-06-22 16:30:03',NULL,'minigames.attributeTypes.list'),
(58,'crear caracteristicas minijuego',NULL,NULL,'2023-06-22 16:30:03','2023-06-22 16:30:03',NULL,'minigames.attributeTypes.create'),
(59,'editar caracteristicas minijuego',NULL,NULL,'2023-06-22 16:30:03','2023-06-22 16:30:03',NULL,'minigames.attributeTypes.edit'),
(60,'eliminar caracteristicas minijuego',NULL,NULL,'2023-06-22 16:30:03','2023-06-22 16:30:03',NULL,'minigames.attributeTypes.delete'),
(61,'ver atributos minijuego',NULL,NULL,'2023-06-22 16:30:03','2023-06-22 16:30:03',NULL,'minigames.attribute.list'),
(62,'crear atributos minijuego',NULL,NULL,'2023-06-22 16:30:03','2023-06-22 16:30:03',NULL,'minigames.attribute.create'),
(63,'editar atributos minijuego',NULL,NULL,'2023-06-22 16:30:03','2023-06-22 16:30:03',NULL,'minigames.attribute.edit'),
(64,'elimnar atributo minijuego',NULL,NULL,'2023-06-22 16:30:03','2023-06-22 16:30:03',NULL,'minigames.attribute.delete'),
(65,'ver minijuegos',NULL,NULL,'2023-06-22 16:30:03','2023-06-22 16:30:03',NULL,'minigames.minigames.list'),
(66,'crear minijuego',NULL,NULL,'2023-06-22 16:30:03','2023-06-22 16:30:03',NULL,'minigames.minigames.create'),
(67,'editar minijuego',NULL,NULL,'2023-06-22 16:30:03','2023-06-22 16:30:03',NULL,'minigames.minigames.edit'),
(68,'eliminar minijuego',NULL,NULL,'2023-06-22 16:30:03','2023-06-22 16:30:03',NULL,'minigames.minigames.delete'),
(69,'ver modulo roles',NULL,NULL,'2023-06-22 16:30:03','2023-06-22 16:30:03',NULL,'rol.list'),
(70,'crear roles',NULL,NULL,'2023-06-22 16:30:03','2023-06-22 16:30:03',NULL,'rol.create'),
(71,'editar roles',NULL,NULL,'2023-06-22 16:30:03','2023-06-22 16:30:03',NULL,'rol.edit'),
(72,'eliminar roles',NULL,NULL,'2023-06-22 16:30:03','2023-06-22 16:30:03',NULL,'rol.delete'),
(73,'ver modulo recomendaciones',NULL,NULL,'2023-06-22 16:30:03','2023-06-22 16:30:03',NULL,'recommendation.module'),
(74,'ver rango recomendaciones',NULL,NULL,'2023-06-22 16:30:03','2023-06-22 16:30:03',NULL,'recommendation.range.list'),
(75,'crear rango recomendaciones',NULL,NULL,'2023-06-22 16:30:03','2023-06-22 16:30:03',NULL,'recommendation.range.create'),
(76,'editar rango recomendaciones',NULL,NULL,'2023-06-22 16:30:03','2023-06-22 16:30:03',NULL,'recommendation.range.edit'),
(77,'eliminar rango recomendaciones',NULL,NULL,'2023-06-22 16:30:03','2023-06-22 16:30:03',NULL,'recommendation.range.delete'),
(78,'ver recomendaciones',NULL,NULL,'2023-06-22 16:30:03','2023-06-22 16:30:03',NULL,'recommendation.recommendation.list'),
(79,'crear recomendaciones',NULL,NULL,'2023-06-22 16:30:03','2023-06-22 16:30:03',NULL,'recommendation.recommendation.create'),
(80,'editar recomendaciones',NULL,NULL,'2023-06-22 16:30:03','2023-06-22 16:30:03',NULL,'recommendation.recommendation.edit'),
(81,'eliminar recomendaciones',NULL,NULL,'2023-06-22 16:30:03','2023-06-22 16:30:03',NULL,'recommendation.recommendation.delete'),
(82,'Cargar matriz de riesgos (seg vial)',NULL,NULL,'2023-09-11 22:30:39','2023-09-11 22:30:39',NULL,'dashboard.upload.riskMatrix');
/*!40000 ALTER TABLE `permission` ENABLE KEYS */;
UNLOCK TABLES;

--
-- Table structure for table `pme_classification_situations_response`
--

DROP TABLE IF EXISTS `pme_classification_situations_response`;
/*!40101 SET @saved_cs_client     = @@character_set_client */;
/*!40101 SET character_set_client = utf8 */;
CREATE TABLE `pme_classification_situations_response` (
  `pmeclasitres_id` bigint unsigned NOT NULL AUTO_INCREMENT,
  `value` varchar(400) DEFAULT NULL,
  `pmeopt_id` int DEFAULT NULL,
  `pmesitres_id` int DEFAULT NULL,
  `date_creation` timestamp NOT NULL DEFAULT CURRENT_TIMESTAMP,
  `date_modification` timestamp NOT NULL DEFAULT CURRENT_TIMESTAMP,
  PRIMARY KEY (`pmeclasitres_id`),
  UNIQUE KEY `pmeclasitres_id` (`pmeclasitres_id`)
) ENGINE=InnoDB AUTO_INCREMENT=1305 DEFAULT CHARSET=utf8mb3;
/*!40101 SET character_set_client = @saved_cs_client */;

--
-- Dumping data for table `pme_classification_situations_response`
--

LOCK TABLES `pme_classification_situations_response` WRITE;
/*!40000 ALTER TABLE `pme_classification_situations_response` DISABLE KEYS */;
INSERT INTO `pme_classification_situations_response` VALUES
(1,'Gestin institucional.',2,1,'2023-09-20 14:05:15','2023-09-20 14:05:15'),
(2,'3',3,1,'2023-09-20 14:05:15','2023-09-20 14:05:15'),
(3,'4',4,1,'2023-09-20 14:05:15','2023-09-20 14:05:15'),
(4,'3',5,1,'2023-09-20 14:05:15','2023-09-20 14:05:15'),
(5,'2',6,1,'2023-09-20 14:05:15','2023-09-20 14:05:15'),
(6,'1',7,1,'2023-09-20 14:05:15','2023-09-20 14:05:15'),
(7,'5',8,1,'2023-09-20 14:05:15','2023-09-20 14:05:15'),
(8,'4',9,1,'2023-09-20 14:05:15','2023-09-20 14:05:15'),
(9,'3',10,1,'2023-09-20 14:05:15','2023-09-20 14:05:15'),
(10,'2',11,1,'2023-09-20 14:05:15','2023-09-20 14:05:15'),
(11,'1',12,1,'2023-09-20 14:05:15','2023-09-20 14:05:15'),
(12,'Comportamiento.',2,2,'2023-09-20 14:05:15','2023-09-20 14:05:15'),
(13,'1',3,2,'2023-09-20 14:05:15','2023-09-20 14:05:15'),
(14,'1',4,2,'2023-09-20 14:05:15','2023-09-20 14:05:15'),
(15,'2',5,2,'2023-09-20 14:05:15','2023-09-20 14:05:15'),
(16,'1',6,2,'2023-09-20 14:05:15','2023-09-20 14:05:15'),
(17,'2',7,2,'2023-09-20 14:05:15','2023-09-20 14:05:15'),
(18,'1',8,2,'2023-09-20 14:05:15','2023-09-20 14:05:15'),
(19,'2',9,2,'2023-09-20 14:05:15','2023-09-20 14:05:15'),
(20,'1',10,2,'2023-09-20 14:05:15','2023-09-20 14:05:15'),
(21,'2',11,2,'2023-09-20 14:05:15','2023-09-20 14:05:15'),
(22,'1',12,2,'2023-09-20 14:05:15','2023-09-20 14:05:15'),
(23,'4',13,2,'2023-09-20 14:05:15','2023-09-20 14:05:15'),
(24,'Infraestructura.',2,3,'2023-09-20 14:05:15','2023-09-20 14:05:15'),
(25,'2',3,3,'2023-09-20 14:05:15','2023-09-20 14:05:15'),
(26,'5',4,3,'2023-09-20 14:05:15','2023-09-20 14:05:15'),
(27,'4',5,3,'2023-09-20 14:05:15','2023-09-20 14:05:15'),
(28,'3',6,3,'2023-09-20 14:05:15','2023-09-20 14:05:15'),
(29,'2',7,3,'2023-09-20 14:05:15','2023-09-20 14:05:15'),
(30,'1',8,3,'2023-09-20 14:05:15','2023-09-20 14:05:15'),
(31,'2',9,3,'2023-09-20 14:05:15','2023-09-20 14:05:15'),
(32,'3',10,3,'2023-09-20 14:05:15','2023-09-20 14:05:15'),
(33,'4',11,3,'2023-09-20 14:05:15','2023-09-20 14:05:15'),
(34,'5',12,3,'2023-09-20 14:05:15','2023-09-20 14:05:15'),
(35,'4',13,3,'2023-09-20 14:05:15','2023-09-20 14:05:15'),
(36,'Infraestructura.',2,4,'2023-09-20 14:05:15','2023-09-20 14:05:15'),
(37,'2',3,4,'2023-09-20 14:05:15','2023-09-20 14:05:15'),
(38,'3',4,4,'2023-09-20 14:05:15','2023-09-20 14:05:15'),
(39,'4',5,4,'2023-09-20 14:05:15','2023-09-20 14:05:15'),
(40,'2',6,4,'2023-09-20 14:05:15','2023-09-20 14:05:15'),
(41,'4',7,4,'2023-09-20 14:05:15','2023-09-20 14:05:15'),
(42,'3',8,4,'2023-09-20 14:05:15','2023-09-20 14:05:15'),
(43,'4',9,4,'2023-09-20 14:05:15','2023-09-20 14:05:15'),
(44,'3',10,4,'2023-09-20 14:05:15','2023-09-20 14:05:15'),
(45,'2',11,4,'2023-09-20 14:05:15','2023-09-20 14:05:15'),
(46,'4',12,4,'2023-09-20 14:05:15','2023-09-20 14:05:15'),
(47,'4',13,4,'2023-09-20 14:05:15','2023-09-20 14:05:15'),
(48,'Comportamiento.',2,5,'2023-09-20 14:05:15','2023-09-20 14:05:15'),
(49,'2',3,5,'2023-09-20 14:05:15','2023-09-20 14:05:15'),
(50,'5',4,5,'2023-09-20 14:05:15','2023-09-20 14:05:15'),
(51,'4',5,5,'2023-09-20 14:05:15','2023-09-20 14:05:15'),
(52,'4',6,5,'2023-09-20 14:05:15','2023-09-20 14:05:15'),
(53,'3',7,5,'2023-09-20 14:05:15','2023-09-20 14:05:15'),
(54,'2',8,5,'2023-09-20 14:05:15','2023-09-20 14:05:15'),
(55,'5',9,5,'2023-09-20 14:05:15','2023-09-20 14:05:15'),
(56,'5',10,5,'2023-09-20 14:05:15','2023-09-20 14:05:15'),
(57,'3',11,5,'2023-09-20 14:05:15','2023-09-20 14:05:15'),
(58,'3',12,5,'2023-09-20 14:05:15','2023-09-20 14:05:15'),
(59,'Vehculos.',2,6,'2023-09-20 14:05:15','2023-09-20 14:05:15'),
(60,'2',3,6,'2023-09-20 14:05:15','2023-09-20 14:05:15'),
(61,'5',4,6,'2023-09-20 14:05:15','2023-09-20 14:05:15'),
(62,'3',5,6,'2023-09-20 14:05:15','2023-09-20 14:05:15'),
(63,'5',6,6,'2023-09-20 14:05:15','2023-09-20 14:05:15'),
(64,'2',7,6,'2023-09-20 14:05:15','2023-09-20 14:05:15'),
(65,'1',8,6,'2023-09-20 14:05:15','2023-09-20 14:05:15'),
(66,'3',9,6,'2023-09-20 14:05:15','2023-09-20 14:05:15'),
(67,'1',10,6,'2023-09-20 14:05:15','2023-09-20 14:05:15'),
(68,'5',11,6,'2023-09-20 14:05:15','2023-09-20 14:05:15'),
(69,'3',12,6,'2023-09-20 14:05:15','2023-09-20 14:05:15'),
(70,'5',13,6,'2023-09-20 14:05:15','2023-09-20 14:05:15'),
(71,'Infraestructura.',2,7,'2023-09-20 14:05:15','2023-09-20 14:05:15'),
(72,'1',3,7,'2023-09-20 14:05:15','2023-09-20 14:05:15'),
(73,'5',4,7,'2023-09-20 14:05:15','2023-09-20 14:05:15'),
(74,'3',5,7,'2023-09-20 14:05:15','2023-09-20 14:05:15'),
(75,'2',6,7,'2023-09-20 14:05:15','2023-09-20 14:05:15'),
(76,'1',7,7,'2023-09-20 14:05:15','2023-09-20 14:05:15'),
(77,'5',8,7,'2023-09-20 14:05:15','2023-09-20 14:05:15'),
(78,'3',9,7,'2023-09-20 14:05:15','2023-09-20 14:05:15'),
(79,'3',10,7,'2023-09-20 14:05:15','2023-09-20 14:05:15'),
(80,'1',11,7,'2023-09-20 14:05:15','2023-09-20 14:05:15'),
(81,'4',12,7,'2023-09-20 14:05:15','2023-09-20 14:05:15'),
(82,'5',13,7,'2023-09-20 14:05:15','2023-09-20 14:05:15'),
(83,'Comportamiento.',2,8,'2023-09-20 14:05:15','2023-09-20 14:05:15'),
(84,'2',3,8,'2023-09-20 14:05:15','2023-09-20 14:05:15'),
(85,'5',4,8,'2023-09-20 14:05:15','2023-09-20 14:05:15'),
(86,'3',5,8,'2023-09-20 14:05:15','2023-09-20 14:05:15'),
(87,'5',6,8,'2023-09-20 14:05:15','2023-09-20 14:05:15'),
(88,'5',7,8,'2023-09-20 14:05:15','2023-09-20 14:05:15'),
(89,'5',8,8,'2023-09-20 14:05:15','2023-09-20 14:05:15'),
(90,'5',9,8,'2023-09-20 14:05:15','2023-09-20 14:05:15'),
(91,'1',10,8,'2023-09-20 14:05:15','2023-09-20 14:05:15'),
(92,'5',11,8,'2023-09-20 14:05:15','2023-09-20 14:05:15'),
(93,'3',12,8,'2023-09-20 14:05:15','2023-09-20 14:05:15'),
(94,'5',13,8,'2023-09-20 14:05:15','2023-09-20 14:05:15'),
(95,'Movilidad sostenible y activa',2,9,'2023-09-20 14:05:15','2023-09-20 14:05:15'),
(96,'2',3,9,'2023-09-20 14:05:15','2023-09-20 14:05:15'),
(97,'3',4,9,'2023-09-20 14:05:15','2023-09-20 14:05:15'),
(98,'4',5,9,'2023-09-20 14:05:15','2023-09-20 14:05:15'),
(99,'3',6,9,'2023-09-20 14:05:15','2023-09-20 14:05:15'),
(100,'2',7,9,'2023-09-20 14:05:15','2023-09-20 14:05:15'),
(101,'4',8,9,'2023-09-20 14:05:15','2023-09-20 14:05:15'),
(102,'3',9,9,'2023-09-20 14:05:15','2023-09-20 14:05:15'),
(103,'5',10,9,'2023-09-20 14:05:15','2023-09-20 14:05:15'),
(104,'2',11,9,'2023-09-20 14:05:15','2023-09-20 14:05:15'),
(105,'1',12,9,'2023-09-20 14:05:15','2023-09-20 14:05:15'),
(106,'4',13,9,'2023-09-20 14:05:15','2023-09-20 14:05:15'),
(107,'Comportamiento.',2,10,'2023-09-20 14:05:15','2023-09-20 14:05:15'),
(108,'2',3,10,'2023-09-20 14:05:15','2023-09-20 14:05:15'),
(109,'4',4,10,'2023-09-20 14:05:15','2023-09-20 14:05:15'),
(110,'3',5,10,'2023-09-20 14:05:15','2023-09-20 14:05:15'),
(111,'2',6,10,'2023-09-20 14:05:15','2023-09-20 14:05:15'),
(112,'1',7,10,'2023-09-20 14:05:15','2023-09-20 14:05:15'),
(113,'1',8,10,'2023-09-20 14:05:15','2023-09-20 14:05:15'),
(114,'2',9,10,'2023-09-20 14:05:15','2023-09-20 14:05:15'),
(115,'3',10,10,'2023-09-20 14:05:15','2023-09-20 14:05:15'),
(116,'5',11,10,'2023-09-20 14:05:15','2023-09-20 14:05:15'),
(117,'4',12,10,'2023-09-20 14:05:15','2023-09-20 14:05:15'),
(118,'4',13,10,'2023-09-20 14:05:15','2023-09-20 14:05:15'),
(119,'Atencin a vctimas.',2,11,'2023-09-20 14:05:15','2023-09-20 14:05:15'),
(120,'2',3,11,'2023-09-20 14:05:15','2023-09-20 14:05:15'),
(121,'5',4,11,'2023-09-20 14:05:15','2023-09-20 14:05:15'),
(122,'4',5,11,'2023-09-20 14:05:15','2023-09-20 14:05:15'),
(123,'5',6,11,'2023-09-20 14:05:15','2023-09-20 14:05:15'),
(124,'3',7,11,'2023-09-20 14:05:15','2023-09-20 14:05:15'),
(125,'3',8,11,'2023-09-20 14:05:15','2023-09-20 14:05:15'),
(126,'4',9,11,'2023-09-20 14:05:15','2023-09-20 14:05:15'),
(127,'2',10,11,'2023-09-20 14:05:15','2023-09-20 14:05:15'),
(128,'1',11,11,'2023-09-20 14:05:15','2023-09-20 14:05:15'),
(129,'2',12,11,'2023-09-20 14:05:15','2023-09-20 14:05:15'),
(130,'4',13,11,'2023-09-20 14:05:15','2023-09-20 14:05:15'),
(131,'Infraestructura.',2,12,'2023-09-20 14:05:15','2023-09-20 14:05:15'),
(132,'2',3,12,'2023-09-20 14:05:15','2023-09-20 14:05:15'),
(133,'1',4,12,'2023-09-20 14:05:15','2023-09-20 14:05:15'),
(134,'2',5,12,'2023-09-20 14:05:15','2023-09-20 14:05:15'),
(135,'3',6,12,'2023-09-20 14:05:15','2023-09-20 14:05:15'),
(136,'4',7,12,'2023-09-20 14:05:15','2023-09-20 14:05:15'),
(137,'5',8,12,'2023-09-20 14:05:15','2023-09-20 14:05:15'),
(138,'4',9,12,'2023-09-20 14:05:15','2023-09-20 14:05:15'),
(139,'4',10,12,'2023-09-20 14:05:15','2023-09-20 14:05:15'),
(140,'5',11,12,'2023-09-20 14:05:15','2023-09-20 14:05:15'),
(141,'3',12,12,'2023-09-20 14:05:15','2023-09-20 14:05:15'),
(142,'4',13,12,'2023-09-20 14:05:15','2023-09-20 14:05:15'),
(143,'Atencin a vctimas.',2,13,'2023-09-20 14:05:15','2023-09-20 14:05:15'),
(144,'3',3,13,'2023-09-20 14:05:15','2023-09-20 14:05:15'),
(145,'1',4,13,'2023-09-20 14:05:15','2023-09-20 14:05:15'),
(146,'2',5,13,'2023-09-20 14:05:15','2023-09-20 14:05:15'),
(147,'3',6,13,'2023-09-20 14:05:15','2023-09-20 14:05:15'),
(148,'4',7,13,'2023-09-20 14:05:15','2023-09-20 14:05:15'),
(149,'5',8,13,'2023-09-20 14:05:15','2023-09-20 14:05:15'),
(150,'5',9,13,'2023-09-20 14:05:15','2023-09-20 14:05:15'),
(151,'4',10,13,'2023-09-20 14:05:15','2023-09-20 14:05:15'),
(152,'3',11,13,'2023-09-20 14:05:15','2023-09-20 14:05:15'),
(153,'2',12,13,'2023-09-20 14:05:15','2023-09-20 14:05:15'),
(154,'5',13,13,'2023-09-20 14:05:15','2023-09-20 14:05:15'),
(155,'Atencin a vctimas.',2,14,'2023-09-20 14:05:15','2023-09-20 14:05:15'),
(156,'2',3,14,'2023-09-20 14:05:15','2023-09-20 14:05:15'),
(157,'5',4,14,'2023-09-20 14:05:15','2023-09-20 14:05:15'),
(158,'4',5,14,'2023-09-20 14:05:15','2023-09-20 14:05:15'),
(159,'4',6,14,'2023-09-20 14:05:15','2023-09-20 14:05:15'),
(160,'3',7,14,'2023-09-20 14:05:15','2023-09-20 14:05:15'),
(161,'2',8,14,'2023-09-20 14:05:15','2023-09-20 14:05:15'),
(162,'1',9,14,'2023-09-20 14:05:15','2023-09-20 14:05:15'),
(163,'5',10,14,'2023-09-20 14:05:15','2023-09-20 14:05:15'),
(164,'4',11,14,'2023-09-20 14:05:15','2023-09-20 14:05:15'),
(165,'3',12,14,'2023-09-20 14:05:15','2023-09-20 14:05:15'),
(166,'5',13,14,'2023-09-20 14:05:15','2023-09-20 14:05:15'),
(167,'Comportamiento.',2,15,'2023-09-20 14:05:15','2023-09-20 14:05:15'),
(168,'3',3,15,'2023-09-20 14:05:15','2023-09-20 14:05:15'),
(169,'5',4,15,'2023-09-20 14:05:15','2023-09-20 14:05:15'),
(170,'3',5,15,'2023-09-20 14:05:15','2023-09-20 14:05:15'),
(171,'4',6,15,'2023-09-20 14:05:15','2023-09-20 14:05:15'),
(172,'5',7,15,'2023-09-20 14:05:15','2023-09-20 14:05:15'),
(173,'3',8,15,'2023-09-20 14:05:15','2023-09-20 14:05:15'),
(174,'4',9,15,'2023-09-20 14:05:15','2023-09-20 14:05:15'),
(175,'4',10,15,'2023-09-20 14:05:15','2023-09-20 14:05:15'),
(176,'3',11,15,'2023-09-20 14:05:15','2023-09-20 14:05:15'),
(177,'5',12,15,'2023-09-20 14:05:15','2023-09-20 14:05:15'),
(178,'5',13,15,'2023-09-20 14:05:15','2023-09-20 14:05:15'),
(179,'Vehculos.',2,16,'2023-09-20 14:05:15','2023-09-20 14:05:15'),
(180,'1',3,16,'2023-09-20 14:05:15','2023-09-20 14:05:15'),
(181,'3',4,16,'2023-09-20 14:05:15','2023-09-20 14:05:15'),
(182,'3',5,16,'2023-09-20 14:05:15','2023-09-20 14:05:15'),
(183,'2',6,16,'2023-09-20 14:05:15','2023-09-20 14:05:15'),
(184,'3',7,16,'2023-09-20 14:05:15','2023-09-20 14:05:15'),
(185,'4',8,16,'2023-09-20 14:05:15','2023-09-20 14:05:15'),
(186,'4',9,16,'2023-09-20 14:05:15','2023-09-20 14:05:15'),
(187,'5',10,16,'2023-09-20 14:05:15','2023-09-20 14:05:15'),
(188,'4',11,16,'2023-09-20 14:05:15','2023-09-20 14:05:15'),
(189,'3',12,16,'2023-09-20 14:05:15','2023-09-20 14:05:15'),
(190,'5',13,16,'2023-09-20 14:05:15','2023-09-20 14:05:15'),
(191,'Movilidad sostenible y activa',2,17,'2023-09-20 14:05:15','2023-09-20 14:05:15'),
(192,'2',3,17,'2023-09-20 14:05:15','2023-09-20 14:05:15'),
(193,'5',4,17,'2023-09-20 14:05:15','2023-09-20 14:05:15'),
(194,'3',5,17,'2023-09-20 14:05:15','2023-09-20 14:05:15'),
(195,'4',6,17,'2023-09-20 14:05:15','2023-09-20 14:05:15'),
(196,'2',7,17,'2023-09-20 14:05:15','2023-09-20 14:05:15'),
(197,'5',8,17,'2023-09-20 14:05:15','2023-09-20 14:05:15'),
(198,'4',9,17,'2023-09-20 14:05:15','2023-09-20 14:05:15'),
(199,'3',10,17,'2023-09-20 14:05:15','2023-09-20 14:05:15'),
(200,'1',11,17,'2023-09-20 14:05:15','2023-09-20 14:05:15'),
(201,'4',12,17,'2023-09-20 14:05:15','2023-09-20 14:05:15'),
(202,'4',13,17,'2023-09-20 14:05:15','2023-09-20 14:05:15'),
(203,'Vehculos.',2,18,'2023-09-20 14:05:15','2023-09-20 14:05:15'),
(204,'3',3,18,'2023-09-20 14:05:15','2023-09-20 14:05:15'),
(205,'2',4,18,'2023-09-20 14:05:15','2023-09-20 14:05:15'),
(206,'5',5,18,'2023-09-20 14:05:15','2023-09-20 14:05:15'),
(207,'4',6,18,'2023-09-20 14:05:15','2023-09-20 14:05:15'),
(208,'3',7,18,'2023-09-20 14:05:15','2023-09-20 14:05:15'),
(209,'4',8,18,'2023-09-20 14:05:15','2023-09-20 14:05:15'),
(210,'3',9,18,'2023-09-20 14:05:15','2023-09-20 14:05:15'),
(211,'4',10,18,'2023-09-20 14:05:15','2023-09-20 14:05:15'),
(212,'1',11,18,'2023-09-20 14:05:15','2023-09-20 14:05:15'),
(213,'2',12,18,'2023-09-20 14:05:15','2023-09-20 14:05:15'),
(214,'4',13,18,'2023-09-20 14:05:15','2023-09-20 14:05:15'),
(215,'Infraestructura.',2,19,'2023-09-20 14:05:15','2023-09-20 14:05:15'),
(216,'1',3,19,'2023-09-20 14:05:15','2023-09-20 14:05:15'),
(217,'4',4,19,'2023-09-20 14:05:15','2023-09-20 14:05:15'),
(218,'3',5,19,'2023-09-20 14:05:15','2023-09-20 14:05:15'),
(219,'2',6,19,'2023-09-20 14:05:15','2023-09-20 14:05:15'),
(220,'1',7,19,'2023-09-20 14:05:15','2023-09-20 14:05:15'),
(221,'4',8,19,'2023-09-20 14:05:15','2023-09-20 14:05:15'),
(222,'5',9,19,'2023-09-20 14:05:15','2023-09-20 14:05:15'),
(223,'4',10,19,'2023-09-20 14:05:15','2023-09-20 14:05:15'),
(224,'3',11,19,'2023-09-20 14:05:15','2023-09-20 14:05:15'),
(225,'2',12,19,'2023-09-20 14:05:15','2023-09-20 14:05:15'),
(226,'4',13,19,'2023-09-20 14:05:15','2023-09-20 14:05:15'),
(227,'Atencin a vctimas.',2,20,'2023-09-20 14:05:15','2023-09-20 14:05:15'),
(228,'3',3,20,'2023-09-20 14:05:15','2023-09-20 14:05:15'),
(229,'5',4,20,'2023-09-20 14:05:15','2023-09-20 14:05:15'),
(230,'4',5,20,'2023-09-20 14:05:15','2023-09-20 14:05:15'),
(231,'3',6,20,'2023-09-20 14:05:15','2023-09-20 14:05:15'),
(232,'2',7,20,'2023-09-20 14:05:15','2023-09-20 14:05:15'),
(233,'3',8,20,'2023-09-20 14:05:15','2023-09-20 14:05:15'),
(234,'1',9,20,'2023-09-20 14:05:15','2023-09-20 14:05:15'),
(235,'4',10,20,'2023-09-20 14:05:15','2023-09-20 14:05:15'),
(236,'3',11,20,'2023-09-20 14:05:15','2023-09-20 14:05:15'),
(237,'5',12,20,'2023-09-20 14:05:15','2023-09-20 14:05:15'),
(238,'4',13,20,'2023-09-20 14:05:15','2023-09-20 14:05:15'),
(239,'Comportamiento.',2,21,'2023-09-20 14:05:15','2023-09-20 14:05:15'),
(240,'3',3,21,'2023-09-20 14:05:15','2023-09-20 14:05:15'),
(241,'2',4,21,'2023-09-20 14:05:15','2023-09-20 14:05:15'),
(242,'3',5,21,'2023-09-20 14:05:15','2023-09-20 14:05:15'),
(243,'4',6,21,'2023-09-20 14:05:15','2023-09-20 14:05:15'),
(244,'3',7,21,'2023-09-20 14:05:15','2023-09-20 14:05:15'),
(245,'2',8,21,'2023-09-20 14:05:15','2023-09-20 14:05:15'),
(246,'3',9,21,'2023-09-20 14:05:15','2023-09-20 14:05:15'),
(247,'3',10,21,'2023-09-20 14:05:15','2023-09-20 14:05:15'),
(248,'4',11,21,'2023-09-20 14:05:15','2023-09-20 14:05:15'),
(249,'4',12,21,'2023-09-20 14:05:15','2023-09-20 14:05:15'),
(250,'5',13,21,'2023-09-20 14:05:15','2023-09-20 14:05:15'),
(251,'Comportamiento.',2,22,'2023-09-20 14:05:15','2023-09-20 14:05:15'),
(252,'2',3,22,'2023-09-20 14:05:15','2023-09-20 14:05:15'),
(253,'4',4,22,'2023-09-20 14:05:15','2023-09-20 14:05:15'),
(254,'3',5,22,'2023-09-20 14:05:15','2023-09-20 14:05:15'),
(255,'3',6,22,'2023-09-20 14:05:15','2023-09-20 14:05:15'),
(256,'3',7,22,'2023-09-20 14:05:15','2023-09-20 14:05:15'),
(257,'3',8,22,'2023-09-20 14:05:15','2023-09-20 14:05:15'),
(258,'3',9,22,'2023-09-20 14:05:15','2023-09-20 14:05:15'),
(259,'3',10,22,'2023-09-20 14:05:15','2023-09-20 14:05:15'),
(260,'3',11,22,'2023-09-20 14:05:15','2023-09-20 14:05:15'),
(261,'3',12,22,'2023-09-20 14:05:15','2023-09-20 14:05:15'),
(262,'5',13,22,'2023-09-20 14:05:15','2023-09-20 14:05:15'),
(263,'Infraestructura.',2,23,'2023-09-20 14:05:15','2023-09-20 14:05:15'),
(264,'3',3,23,'2023-09-20 14:05:15','2023-09-20 14:05:15'),
(265,'1',4,23,'2023-09-20 14:05:15','2023-09-20 14:05:15'),
(266,'2',5,23,'2023-09-20 14:05:15','2023-09-20 14:05:15'),
(267,'4',6,23,'2023-09-20 14:05:15','2023-09-20 14:05:15'),
(268,'4',7,23,'2023-09-20 14:05:15','2023-09-20 14:05:15'),
(269,'4',8,23,'2023-09-20 14:05:15','2023-09-20 14:05:15'),
(270,'4',9,23,'2023-09-20 14:05:15','2023-09-20 14:05:15'),
(271,'4',10,23,'2023-09-20 14:05:15','2023-09-20 14:05:15'),
(272,'4',11,23,'2023-09-20 14:05:15','2023-09-20 14:05:15'),
(273,'4',12,23,'2023-09-20 14:05:15','2023-09-20 14:05:15'),
(274,'5',13,23,'2023-09-20 14:05:15','2023-09-20 14:05:15'),
(275,'Comportamiento.',2,24,'2023-09-20 14:05:15','2023-09-20 14:05:15'),
(276,'2',3,24,'2023-09-20 14:05:15','2023-09-20 14:05:15'),
(277,'1',4,24,'2023-09-20 14:05:15','2023-09-20 14:05:15'),
(278,'1',5,24,'2023-09-20 14:05:15','2023-09-20 14:05:15'),
(279,'3',6,24,'2023-09-20 14:05:15','2023-09-20 14:05:15'),
(280,'2',7,24,'2023-09-20 14:05:15','2023-09-20 14:05:15'),
(281,'2',8,24,'2023-09-20 14:05:15','2023-09-20 14:05:15'),
(282,'2',9,24,'2023-09-20 14:05:15','2023-09-20 14:05:15'),
(283,'2',10,24,'2023-09-20 14:05:15','2023-09-20 14:05:15'),
(284,'3',11,24,'2023-09-20 14:05:15','2023-09-20 14:05:15'),
(285,'3',12,24,'2023-09-20 14:05:15','2023-09-20 14:05:15'),
(286,'5',13,24,'2023-09-20 14:05:15','2023-09-20 14:05:15'),
(287,'Infraestructura.',2,25,'2023-09-20 14:05:15','2023-09-20 14:05:15'),
(288,'1',3,25,'2023-09-20 14:05:15','2023-09-20 14:05:15'),
(289,'4',4,25,'2023-09-20 14:05:15','2023-09-20 14:05:15'),
(290,'1',5,25,'2023-09-20 14:05:15','2023-09-20 14:05:15'),
(291,'2',6,25,'2023-09-20 14:05:15','2023-09-20 14:05:15'),
(292,'2',7,25,'2023-09-20 14:05:15','2023-09-20 14:05:15'),
(293,'2',8,25,'2023-09-20 14:05:15','2023-09-20 14:05:15'),
(294,'2',9,25,'2023-09-20 14:05:15','2023-09-20 14:05:15'),
(295,'2',10,25,'2023-09-20 14:05:15','2023-09-20 14:05:15'),
(296,'2',11,25,'2023-09-20 14:05:15','2023-09-20 14:05:15'),
(297,'2',12,25,'2023-09-20 14:05:15','2023-09-20 14:05:15'),
(298,'4',13,25,'2023-09-20 14:05:15','2023-09-20 14:05:15'),
(299,'Comportamiento.',2,26,'2023-09-20 14:05:15','2023-09-20 14:05:15'),
(300,'1',3,26,'2023-09-20 14:05:15','2023-09-20 14:05:15'),
(301,'4',4,26,'2023-09-20 14:05:15','2023-09-20 14:05:15'),
(302,'3',5,26,'2023-09-20 14:05:15','2023-09-20 14:05:15'),
(303,'3',6,26,'2023-09-20 14:05:15','2023-09-20 14:05:15'),
(304,'3',7,26,'2023-09-20 14:05:15','2023-09-20 14:05:15'),
(305,'3',8,26,'2023-09-20 14:05:15','2023-09-20 14:05:15'),
(306,'3',9,26,'2023-09-20 14:05:15','2023-09-20 14:05:15'),
(307,'3',10,26,'2023-09-20 14:05:15','2023-09-20 14:05:15'),
(308,'3',11,26,'2023-09-20 14:05:15','2023-09-20 14:05:15'),
(309,'3',12,26,'2023-09-20 14:05:15','2023-09-20 14:05:15'),
(310,'4',13,26,'2023-09-20 14:05:15','2023-09-20 14:05:15'),
(311,'Comportamiento.',2,27,'2023-09-20 14:05:15','2023-09-20 14:05:15'),
(312,'2',3,27,'2023-09-20 14:05:15','2023-09-20 14:05:15'),
(313,'4',4,27,'2023-09-20 14:05:15','2023-09-20 14:05:15'),
(314,'4',5,27,'2023-09-20 14:05:15','2023-09-20 14:05:15'),
(315,'3',6,27,'2023-09-20 14:05:15','2023-09-20 14:05:15'),
(316,'3',7,27,'2023-09-20 14:05:15','2023-09-20 14:05:15'),
(317,'3',8,27,'2023-09-20 14:05:15','2023-09-20 14:05:15'),
(318,'3',9,27,'2023-09-20 14:05:15','2023-09-20 14:05:15'),
(319,'3',10,27,'2023-09-20 14:05:15','2023-09-20 14:05:15'),
(320,'3',11,27,'2023-09-20 14:05:15','2023-09-20 14:05:15'),
(321,'3',12,27,'2023-09-20 14:05:15','2023-09-20 14:05:15'),
(322,'4',13,27,'2023-09-20 14:05:15','2023-09-20 14:05:15'),
(323,'Infraestructura.',2,28,'2023-09-20 14:05:15','2023-09-20 14:05:15'),
(324,'2',3,28,'2023-09-20 14:05:15','2023-09-20 14:05:15'),
(325,'4',4,28,'2023-09-20 14:05:15','2023-09-20 14:05:15'),
(326,'4',5,28,'2023-09-20 14:05:15','2023-09-20 14:05:15'),
(327,'4',6,28,'2023-09-20 14:05:15','2023-09-20 14:05:15'),
(328,'4',7,28,'2023-09-20 14:05:15','2023-09-20 14:05:15'),
(329,'4',8,28,'2023-09-20 14:05:15','2023-09-20 14:05:15'),
(330,'4',9,28,'2023-09-20 14:05:15','2023-09-20 14:05:15'),
(331,'4',10,28,'2023-09-20 14:05:15','2023-09-20 14:05:15'),
(332,'4',11,28,'2023-09-20 14:05:15','2023-09-20 14:05:15'),
(333,'4',12,28,'2023-09-20 14:05:15','2023-09-20 14:05:15'),
(334,'4',13,28,'2023-09-20 14:05:15','2023-09-20 14:05:15'),
(335,'Movilidad sostenible y activa',2,29,'2023-09-20 14:05:15','2023-09-20 14:05:15'),
(336,'2',3,29,'2023-09-20 14:05:15','2023-09-20 14:05:15'),
(337,'3',4,29,'2023-09-20 14:05:15','2023-09-20 14:05:15'),
(338,'3',5,29,'2023-09-20 14:05:15','2023-09-20 14:05:15'),
(339,'3',6,29,'2023-09-20 14:05:15','2023-09-20 14:05:15'),
(340,'3',7,29,'2023-09-20 14:05:15','2023-09-20 14:05:15'),
(341,'3',8,29,'2023-09-20 14:05:15','2023-09-20 14:05:15'),
(342,'3',9,29,'2023-09-20 14:05:15','2023-09-20 14:05:15'),
(343,'3',10,29,'2023-09-20 14:05:15','2023-09-20 14:05:15'),
(344,'3',11,29,'2023-09-20 14:05:15','2023-09-20 14:05:15'),
(345,'3',12,29,'2023-09-20 14:05:15','2023-09-20 14:05:15'),
(346,'5',13,29,'2023-09-20 14:05:15','2023-09-20 14:05:15'),
(347,'Infraestructura.',2,30,'2023-09-20 14:05:15','2023-09-20 14:05:15'),
(348,'2',3,30,'2023-09-20 14:05:15','2023-09-20 14:05:15'),
(349,'3',4,30,'2023-09-20 14:05:15','2023-09-20 14:05:15'),
(350,'3',5,30,'2023-09-20 14:05:15','2023-09-20 14:05:15'),
(351,'3',6,30,'2023-09-20 14:05:15','2023-09-20 14:05:15'),
(352,'3',7,30,'2023-09-20 14:05:15','2023-09-20 14:05:15'),
(353,'2',8,30,'2023-09-20 14:05:15','2023-09-20 14:05:15'),
(354,'2',9,30,'2023-09-20 14:05:15','2023-09-20 14:05:15'),
(355,'2',10,30,'2023-09-20 14:05:15','2023-09-20 14:05:15'),
(356,'2',11,30,'2023-09-20 14:05:15','2023-09-20 14:05:15'),
(357,'2',12,30,'2023-09-20 14:05:15','2023-09-20 14:05:15'),
(358,'5',13,30,'2023-09-20 14:05:15','2023-09-20 14:05:15'),
(359,'Vehculos.',2,31,'2023-09-20 14:05:15','2023-09-20 14:05:15'),
(360,'3',3,31,'2023-09-20 14:05:15','2023-09-20 14:05:15'),
(361,'2',4,31,'2023-09-20 14:05:15','2023-09-20 14:05:15'),
(362,'3',5,31,'2023-09-20 14:05:15','2023-09-20 14:05:15'),
(363,'4',6,31,'2023-09-20 14:05:15','2023-09-20 14:05:15'),
(364,'2',7,31,'2023-09-20 14:05:15','2023-09-20 14:05:15'),
(365,'2',8,31,'2023-09-20 14:05:15','2023-09-20 14:05:15'),
(366,'2',9,31,'2023-09-20 14:05:15','2023-09-20 14:05:15'),
(367,'2',10,31,'2023-09-20 14:05:15','2023-09-20 14:05:15'),
(368,'5',11,31,'2023-09-20 14:05:15','2023-09-20 14:05:15'),
(369,'5',12,31,'2023-09-20 14:05:15','2023-09-20 14:05:15'),
(370,'5',13,31,'2023-09-20 14:05:15','2023-09-20 14:05:15'),
(371,'Comportamiento.',2,32,'2023-09-20 14:05:15','2023-09-20 14:05:15'),
(372,'1',3,32,'2023-09-20 14:05:15','2023-09-20 14:05:15'),
(373,'3',4,32,'2023-09-20 14:05:15','2023-09-20 14:05:15'),
(374,'2',5,32,'2023-09-20 14:05:15','2023-09-20 14:05:15'),
(375,'2',6,32,'2023-09-20 14:05:15','2023-09-20 14:05:15'),
(376,'2',7,32,'2023-09-20 14:05:15','2023-09-20 14:05:15'),
(377,'2',8,32,'2023-09-20 14:05:15','2023-09-20 14:05:15'),
(378,'2',9,32,'2023-09-20 14:05:15','2023-09-20 14:05:15'),
(379,'2',10,32,'2023-09-20 14:05:15','2023-09-20 14:05:15'),
(380,'2',11,32,'2023-09-20 14:05:15','2023-09-20 14:05:15'),
(381,'2',12,32,'2023-09-20 14:05:15','2023-09-20 14:05:15'),
(382,'5',13,32,'2023-09-20 14:05:15','2023-09-20 14:05:15'),
(383,'Movilidad sostenible y activa',2,33,'2023-09-20 14:05:15','2023-09-20 14:05:15'),
(384,'1',3,33,'2023-09-20 14:05:15','2023-09-20 14:05:15'),
(385,'3',4,33,'2023-09-20 14:05:15','2023-09-20 14:05:15'),
(386,'3',5,33,'2023-09-20 14:05:15','2023-09-20 14:05:15'),
(387,'3',6,33,'2023-09-20 14:05:15','2023-09-20 14:05:15'),
(388,'3',7,33,'2023-09-20 14:05:15','2023-09-20 14:05:15'),
(389,'3',8,33,'2023-09-20 14:05:15','2023-09-20 14:05:15'),
(390,'3',9,33,'2023-09-20 14:05:15','2023-09-20 14:05:15'),
(391,'3',10,33,'2023-09-20 14:05:15','2023-09-20 14:05:15'),
(392,'3',11,33,'2023-09-20 14:05:15','2023-09-20 14:05:15'),
(393,'3',12,33,'2023-09-20 14:05:15','2023-09-20 14:05:15'),
(394,'4',13,33,'2023-09-20 14:05:15','2023-09-20 14:05:15'),
(395,'Comportamiento.',2,34,'2023-09-20 14:05:15','2023-09-20 14:05:15'),
(396,'1',3,34,'2023-09-20 14:05:15','2023-09-20 14:05:15'),
(397,'3',4,34,'2023-09-20 14:05:15','2023-09-20 14:05:15'),
(398,'3',5,34,'2023-09-20 14:05:15','2023-09-20 14:05:15'),
(399,'3',6,34,'2023-09-20 14:05:15','2023-09-20 14:05:15'),
(400,'2',7,34,'2023-09-20 14:05:15','2023-09-20 14:05:15'),
(401,'3',8,34,'2023-09-20 14:05:15','2023-09-20 14:05:15'),
(402,'3',9,34,'2023-09-20 14:05:15','2023-09-20 14:05:15'),
(403,'3',10,34,'2023-09-20 14:05:15','2023-09-20 14:05:15'),
(404,'3',11,34,'2023-09-20 14:05:15','2023-09-20 14:05:15'),
(405,'3',12,34,'2023-09-20 14:05:15','2023-09-20 14:05:15'),
(406,'4',13,34,'2023-09-20 14:05:15','2023-09-20 14:05:15'),
(407,'Infraestructura.',2,35,'2023-09-20 14:05:15','2023-09-20 14:05:15'),
(408,'1',3,35,'2023-09-20 14:05:15','2023-09-20 14:05:15'),
(409,'2',4,35,'2023-09-20 14:05:15','2023-09-20 14:05:15'),
(410,'2',5,35,'2023-09-20 14:05:15','2023-09-20 14:05:15'),
(411,'2',6,35,'2023-09-20 14:05:15','2023-09-20 14:05:15'),
(412,'2',7,35,'2023-09-20 14:05:15','2023-09-20 14:05:15'),
(413,'2',8,35,'2023-09-20 14:05:15','2023-09-20 14:05:15'),
(414,'2',9,35,'2023-09-20 14:05:15','2023-09-20 14:05:15'),
(415,'2',10,35,'2023-09-20 14:05:15','2023-09-20 14:05:15'),
(416,'2',11,35,'2023-09-20 14:05:15','2023-09-20 14:05:15'),
(417,'2',12,35,'2023-09-20 14:05:15','2023-09-20 14:05:15'),
(418,'4',13,35,'2023-09-20 14:05:15','2023-09-20 14:05:15'),
(419,'Infraestructura.',2,36,'2023-09-20 14:05:15','2023-09-20 14:05:15'),
(420,'1',3,36,'2023-09-20 14:05:15','2023-09-20 14:05:15'),
(421,'2',4,36,'2023-09-20 14:05:15','2023-09-20 14:05:15'),
(422,'2',5,36,'2023-09-20 14:05:15','2023-09-20 14:05:15'),
(423,'2',6,36,'2023-09-20 14:05:15','2023-09-20 14:05:15'),
(424,'2',7,36,'2023-09-20 14:05:15','2023-09-20 14:05:15'),
(425,'2',8,36,'2023-09-20 14:05:15','2023-09-20 14:05:15'),
(426,'2',9,36,'2023-09-20 14:05:15','2023-09-20 14:05:15'),
(427,'2',10,36,'2023-09-20 14:05:15','2023-09-20 14:05:15'),
(428,'2',11,36,'2023-09-20 14:05:15','2023-09-20 14:05:15'),
(429,'2',12,36,'2023-09-20 14:05:15','2023-09-20 14:05:15'),
(430,'4',13,36,'2023-09-20 14:05:15','2023-09-20 14:05:15'),
(431,'Infraestructura.',2,37,'2023-09-20 14:05:15','2023-09-20 14:05:15'),
(432,'3',3,37,'2023-09-20 14:05:15','2023-09-20 14:05:15'),
(433,'2',4,37,'2023-09-20 14:05:15','2023-09-20 14:05:15'),
(434,'3',5,37,'2023-09-20 14:05:15','2023-09-20 14:05:15'),
(435,'3',6,37,'2023-09-20 14:05:15','2023-09-20 14:05:15'),
(436,'3',7,37,'2023-09-20 14:05:15','2023-09-20 14:05:15'),
(437,'3',8,37,'2023-09-20 14:05:15','2023-09-20 14:05:15'),
(438,'3',9,37,'2023-09-20 14:05:15','2023-09-20 14:05:15'),
(439,'3',10,37,'2023-09-20 14:05:15','2023-09-20 14:05:15'),
(440,'3',11,37,'2023-09-20 14:05:15','2023-09-20 14:05:15'),
(441,'3',12,37,'2023-09-20 14:05:15','2023-09-20 14:05:15'),
(442,'5',13,37,'2023-09-20 14:05:15','2023-09-20 14:05:15'),
(443,'Comportamiento.',2,38,'2023-09-20 14:05:15','2023-09-20 14:05:15'),
(444,'2',3,38,'2023-09-20 14:05:15','2023-09-20 14:05:15'),
(445,'1',4,38,'2023-09-20 14:05:15','2023-09-20 14:05:15'),
(446,'3',5,38,'2023-09-20 14:05:15','2023-09-20 14:05:15'),
(447,'2',6,38,'2023-09-20 14:05:15','2023-09-20 14:05:15'),
(448,'2',7,38,'2023-09-20 14:05:15','2023-09-20 14:05:15'),
(449,'2',8,38,'2023-09-20 14:05:15','2023-09-20 14:05:15'),
(450,'2',9,38,'2023-09-20 14:05:15','2023-09-20 14:05:15'),
(451,'2',10,38,'2023-09-20 14:05:15','2023-09-20 14:05:15'),
(452,'2',11,38,'2023-09-20 14:05:15','2023-09-20 14:05:15'),
(453,'2',12,38,'2023-09-20 14:05:15','2023-09-20 14:05:15'),
(454,'5',13,38,'2023-09-20 14:05:15','2023-09-20 14:05:15'),
(455,'Comportamiento.',2,39,'2023-09-20 14:05:15','2023-09-20 14:05:15'),
(456,'1',3,39,'2023-09-20 14:05:15','2023-09-20 14:05:15'),
(457,'3',4,39,'2023-09-20 14:05:15','2023-09-20 14:05:15'),
(458,'3',5,39,'2023-09-20 14:05:15','2023-09-20 14:05:15'),
(459,'3',6,39,'2023-09-20 14:05:15','2023-09-20 14:05:15'),
(460,'3',7,39,'2023-09-20 14:05:15','2023-09-20 14:05:15'),
(461,'3',8,39,'2023-09-20 14:05:15','2023-09-20 14:05:15'),
(462,'3',9,39,'2023-09-20 14:05:15','2023-09-20 14:05:15'),
(463,'3',10,39,'2023-09-20 14:05:15','2023-09-20 14:05:15'),
(464,'3',11,39,'2023-09-20 14:05:15','2023-09-20 14:05:15'),
(465,'3',12,39,'2023-09-20 14:05:15','2023-09-20 14:05:15'),
(466,'5',13,39,'2023-09-20 14:05:15','2023-09-20 14:05:15'),
(467,'Comportamiento.',2,40,'2023-09-20 14:05:15','2023-09-20 14:05:15'),
(468,'3',3,40,'2023-09-20 14:05:15','2023-09-20 14:05:15'),
(469,'2',4,40,'2023-09-20 14:05:15','2023-09-20 14:05:15'),
(470,'3',5,40,'2023-09-20 14:05:15','2023-09-20 14:05:15'),
(471,'4',6,40,'2023-09-20 14:05:15','2023-09-20 14:05:15'),
(472,'3',7,40,'2023-09-20 14:05:15','2023-09-20 14:05:15'),
(473,'3',8,40,'2023-09-20 14:05:15','2023-09-20 14:05:15'),
(474,'3',9,40,'2023-09-20 14:05:15','2023-09-20 14:05:15'),
(475,'3',10,40,'2023-09-20 14:05:15','2023-09-20 14:05:15'),
(476,'4',11,40,'2023-09-20 14:05:15','2023-09-20 14:05:15'),
(477,'4',12,40,'2023-09-20 14:05:15','2023-09-20 14:05:15'),
(478,'5',13,40,'2023-09-20 14:05:15','2023-09-20 14:05:15'),
(479,'Comportamiento.',2,41,'2023-09-20 14:05:15','2023-09-20 14:05:15'),
(480,'1',3,41,'2023-09-20 14:05:15','2023-09-20 14:05:15'),
(481,'4',4,41,'2023-09-20 14:05:15','2023-09-20 14:05:15'),
(482,'4',5,41,'2023-09-20 14:05:15','2023-09-20 14:05:15'),
(483,'4',6,41,'2023-09-20 14:05:15','2023-09-20 14:05:15'),
(484,'4',7,41,'2023-09-20 14:05:15','2023-09-20 14:05:15'),
(485,'4',8,41,'2023-09-20 14:05:15','2023-09-20 14:05:15'),
(486,'4',9,41,'2023-09-20 14:05:15','2023-09-20 14:05:15'),
(487,'4',10,41,'2023-09-20 14:05:15','2023-09-20 14:05:15'),
(488,'4',11,41,'2023-09-20 14:05:15','2023-09-20 14:05:15'),
(489,'4',12,41,'2023-09-20 14:05:15','2023-09-20 14:05:15'),
(490,'4',13,41,'2023-09-20 14:05:15','2023-09-20 14:05:15'),
(491,'Comportamiento.',2,42,'2023-09-20 14:05:15','2023-09-20 14:05:15'),
(492,'3',3,42,'2023-09-20 14:05:15','2023-09-20 14:05:15'),
(493,'3',4,42,'2023-09-20 14:05:15','2023-09-20 14:05:15'),
(494,'3',5,42,'2023-09-20 14:05:15','2023-09-20 14:05:15'),
(495,'4',6,42,'2023-09-20 14:05:15','2023-09-20 14:05:15'),
(496,'2',7,42,'2023-09-20 14:05:15','2023-09-20 14:05:15'),
(497,'2',8,42,'2023-09-20 14:05:15','2023-09-20 14:05:15'),
(498,'2',9,42,'2023-09-20 14:05:15','2023-09-20 14:05:15'),
(499,'2',10,42,'2023-09-20 14:05:15','2023-09-20 14:05:15'),
(500,'4',11,42,'2023-09-20 14:05:15','2023-09-20 14:05:15'),
(501,'4',12,42,'2023-09-20 14:05:15','2023-09-20 14:05:15'),
(502,'4',13,42,'2023-09-20 14:05:15','2023-09-20 14:05:15'),
(503,'Infraestructura.',2,43,'2023-09-20 14:05:15','2023-09-20 14:05:15'),
(504,'2',3,43,'2023-09-20 14:05:15','2023-09-20 14:05:15'),
(505,'2',4,43,'2023-09-20 14:05:15','2023-09-20 14:05:15'),
(506,'2',5,43,'2023-09-20 14:05:15','2023-09-20 14:05:15'),
(507,'4',6,43,'2023-09-20 14:05:15','2023-09-20 14:05:15'),
(508,'4',7,43,'2023-09-20 14:05:15','2023-09-20 14:05:15'),
(509,'4',8,43,'2023-09-20 14:05:15','2023-09-20 14:05:15'),
(510,'4',9,43,'2023-09-20 14:05:15','2023-09-20 14:05:15'),
(511,'4',10,43,'2023-09-20 14:05:15','2023-09-20 14:05:15'),
(512,'4',11,43,'2023-09-20 14:05:15','2023-09-20 14:05:15'),
(513,'4',12,43,'2023-09-20 14:05:15','2023-09-20 14:05:15'),
(514,'4',13,43,'2023-09-20 14:05:15','2023-09-20 14:05:15'),
(515,'Infraestructura.',2,44,'2023-09-20 14:05:15','2023-09-20 14:05:15'),
(516,'1',3,44,'2023-09-20 14:05:15','2023-09-20 14:05:15'),
(517,'4',4,44,'2023-09-20 14:05:15','2023-09-20 14:05:15'),
(518,'2',5,44,'2023-09-20 14:05:15','2023-09-20 14:05:15'),
(519,'1',6,44,'2023-09-20 14:05:15','2023-09-20 14:05:15'),
(520,'5',7,44,'2023-09-20 14:05:15','2023-09-20 14:05:15'),
(521,'1',8,44,'2023-09-20 14:05:15','2023-09-20 14:05:15'),
(522,'1',9,44,'2023-09-20 14:05:15','2023-09-20 14:05:15'),
(523,'1',10,44,'2023-09-20 14:05:15','2023-09-20 14:05:15'),
(524,'1',11,44,'2023-09-20 14:05:15','2023-09-20 14:05:15'),
(525,'1',12,44,'2023-09-20 14:05:15','2023-09-20 14:05:15'),
(526,'4',13,44,'2023-09-20 14:05:15','2023-09-20 14:05:15'),
(527,'Comportamiento.',2,45,'2023-09-20 14:05:15','2023-09-20 14:05:15'),
(528,'2',3,45,'2023-09-20 14:05:15','2023-09-20 14:05:15'),
(529,'1',4,45,'2023-09-20 14:05:15','2023-09-20 14:05:15'),
(530,'4',5,45,'2023-09-20 14:05:15','2023-09-20 14:05:15'),
(531,'4',6,45,'2023-09-20 14:05:15','2023-09-20 14:05:15'),
(532,'4',7,45,'2023-09-20 14:05:15','2023-09-20 14:05:15'),
(533,'4',8,45,'2023-09-20 14:05:15','2023-09-20 14:05:15'),
(534,'4',9,45,'2023-09-20 14:05:15','2023-09-20 14:05:15'),
(535,'4',10,45,'2023-09-20 14:05:15','2023-09-20 14:05:15'),
(536,'4',11,45,'2023-09-20 14:05:15','2023-09-20 14:05:15'),
(537,'4',12,45,'2023-09-20 14:05:15','2023-09-20 14:05:15'),
(538,'5',13,45,'2023-09-20 14:05:15','2023-09-20 14:05:15'),
(539,'Comportamiento.',2,46,'2023-09-20 14:05:15','2023-09-20 14:05:15'),
(540,'1',3,46,'2023-09-20 14:05:15','2023-09-20 14:05:15'),
(541,'4',4,46,'2023-09-20 14:05:15','2023-09-20 14:05:15'),
(542,'4',5,46,'2023-09-20 14:05:15','2023-09-20 14:05:15'),
(543,'2',6,46,'2023-09-20 14:05:15','2023-09-20 14:05:15'),
(544,'2',7,46,'2023-09-20 14:05:15','2023-09-20 14:05:15'),
(545,'2',8,46,'2023-09-20 14:05:15','2023-09-20 14:05:15'),
(546,'2',9,46,'2023-09-20 14:05:15','2023-09-20 14:05:15'),
(547,'2',10,46,'2023-09-20 14:05:15','2023-09-20 14:05:15'),
(548,'2',11,46,'2023-09-20 14:05:15','2023-09-20 14:05:15'),
(549,'2',12,46,'2023-09-20 14:05:15','2023-09-20 14:05:15'),
(550,'5',13,46,'2023-09-20 14:05:15','2023-09-20 14:05:15'),
(551,'Vehculos.',2,47,'2023-09-20 14:05:15','2023-09-20 14:05:15'),
(552,'2',3,47,'2023-09-20 14:05:15','2023-09-20 14:05:15'),
(553,'3',4,47,'2023-09-20 14:05:15','2023-09-20 14:05:15'),
(554,'3',5,47,'2023-09-20 14:05:15','2023-09-20 14:05:15'),
(555,'4',6,47,'2023-09-20 14:05:15','2023-09-20 14:05:15'),
(556,'2',7,47,'2023-09-20 14:05:15','2023-09-20 14:05:15'),
(557,'2',8,47,'2023-09-20 14:05:15','2023-09-20 14:05:15'),
(558,'2',9,47,'2023-09-20 14:05:15','2023-09-20 14:05:15'),
(559,'2',10,47,'2023-09-20 14:05:15','2023-09-20 14:05:15'),
(560,'5',11,47,'2023-09-20 14:05:15','2023-09-20 14:05:15'),
(561,'4',12,47,'2023-09-20 14:05:15','2023-09-20 14:05:15'),
(562,'5',13,47,'2023-09-20 14:05:15','2023-09-20 14:05:15'),
(563,'Infraestructura.',2,48,'2023-09-20 14:05:15','2023-09-20 14:05:15'),
(564,'2',3,48,'2023-09-20 14:05:15','2023-09-20 14:05:15'),
(565,'1',4,48,'2023-09-20 14:05:15','2023-09-20 14:05:15'),
(566,'2',5,48,'2023-09-20 14:05:15','2023-09-20 14:05:15'),
(567,'4',6,48,'2023-09-20 14:05:15','2023-09-20 14:05:15'),
(568,'4',7,48,'2023-09-20 14:05:15','2023-09-20 14:05:15'),
(569,'4',8,48,'2023-09-20 14:05:15','2023-09-20 14:05:15'),
(570,'4',9,48,'2023-09-20 14:05:15','2023-09-20 14:05:15'),
(571,'4',10,48,'2023-09-20 14:05:15','2023-09-20 14:05:15'),
(572,'4',11,48,'2023-09-20 14:05:15','2023-09-20 14:05:15'),
(573,'4',12,48,'2023-09-20 14:05:15','2023-09-20 14:05:15'),
(574,'5',13,48,'2023-09-20 14:05:15','2023-09-20 14:05:15'),
(575,'Infraestructura.',2,49,'2023-09-20 14:05:15','2023-09-20 14:05:15'),
(576,'2',3,49,'2023-09-20 14:05:15','2023-09-20 14:05:15'),
(577,'5',4,49,'2023-09-20 14:05:15','2023-09-20 14:05:15'),
(578,'4',5,49,'2023-09-20 14:05:15','2023-09-20 14:05:15'),
(579,'5',6,49,'2023-09-20 14:05:15','2023-09-20 14:05:15'),
(580,'3',7,49,'2023-09-20 14:05:15','2023-09-20 14:05:15'),
(581,'2',8,49,'2023-09-20 14:05:15','2023-09-20 14:05:15'),
(582,'3',9,49,'2023-09-20 14:05:15','2023-09-20 14:05:15'),
(583,'2',10,49,'2023-09-20 14:05:15','2023-09-20 14:05:15'),
(584,'3',11,49,'2023-09-20 14:05:15','2023-09-20 14:05:15'),
(585,'4',12,49,'2023-09-20 14:05:15','2023-09-20 14:05:15'),
(586,'4',13,49,'2023-09-20 14:05:15','2023-09-20 14:05:15'),
(587,'Comportamiento.',2,50,'2023-09-20 14:05:15','2023-09-20 14:05:15'),
(588,'3',3,50,'2023-09-20 14:05:15','2023-09-20 14:05:15'),
(589,'4',4,50,'2023-09-20 14:05:15','2023-09-20 14:05:15'),
(590,'5',5,50,'2023-09-20 14:05:15','2023-09-20 14:05:15'),
(591,'4',6,50,'2023-09-20 14:05:15','2023-09-20 14:05:15'),
(592,'3',7,50,'2023-09-20 14:05:15','2023-09-20 14:05:15'),
(593,'3',8,50,'2023-09-20 14:05:15','2023-09-20 14:05:15'),
(594,'4',9,50,'2023-09-20 14:05:15','2023-09-20 14:05:15'),
(595,'4',10,50,'2023-09-20 14:05:15','2023-09-20 14:05:15'),
(596,'3',11,50,'2023-09-20 14:05:15','2023-09-20 14:05:15'),
(597,'2',12,50,'2023-09-20 14:05:15','2023-09-20 14:05:15'),
(598,'3',13,50,'2023-09-20 14:05:15','2023-09-20 14:05:15'),
(599,'Atencin a vctimas.',2,51,'2023-09-20 14:05:15','2023-09-20 14:05:15'),
(600,'1',3,51,'2023-09-20 14:05:15','2023-09-20 14:05:15'),
(601,'5',4,51,'2023-09-20 14:05:15','2023-09-20 14:05:15'),
(602,'4',5,51,'2023-09-20 14:05:15','2023-09-20 14:05:15'),
(603,'3',6,51,'2023-09-20 14:05:15','2023-09-20 14:05:15'),
(604,'2',7,51,'2023-09-20 14:05:15','2023-09-20 14:05:15'),
(605,'4',8,51,'2023-09-20 14:05:15','2023-09-20 14:05:15'),
(606,'3',9,51,'2023-09-20 14:05:15','2023-09-20 14:05:15'),
(607,'4',10,51,'2023-09-20 14:05:15','2023-09-20 14:05:15'),
(608,'4',11,51,'2023-09-20 14:05:15','2023-09-20 14:05:15'),
(609,'3',12,51,'2023-09-20 14:05:15','2023-09-20 14:05:15'),
(610,'3',13,51,'2023-09-20 14:05:15','2023-09-20 14:05:15'),
(611,'Vehculos.',2,52,'2023-09-20 14:05:15','2023-09-20 14:05:15'),
(612,'3',3,52,'2023-09-20 14:05:15','2023-09-20 14:05:15'),
(613,'5',4,52,'2023-09-20 14:05:15','2023-09-20 14:05:15'),
(614,'4',5,52,'2023-09-20 14:05:15','2023-09-20 14:05:15'),
(615,'3',6,52,'2023-09-20 14:05:15','2023-09-20 14:05:15'),
(616,'2',7,52,'2023-09-20 14:05:15','2023-09-20 14:05:15'),
(617,'3',8,52,'2023-09-20 14:05:15','2023-09-20 14:05:15'),
(618,'4',9,52,'2023-09-20 14:05:15','2023-09-20 14:05:15'),
(619,'4',10,52,'2023-09-20 14:05:15','2023-09-20 14:05:15'),
(620,'5',11,52,'2023-09-20 14:05:15','2023-09-20 14:05:15'),
(621,'2',12,52,'2023-09-20 14:05:15','2023-09-20 14:05:15'),
(622,'4',13,52,'2023-09-20 14:05:15','2023-09-20 14:05:15'),
(623,'Atencin a vctimas.',2,53,'2023-09-20 14:05:15','2023-09-20 14:05:15'),
(624,'2',3,53,'2023-09-20 14:05:15','2023-09-20 14:05:15'),
(625,'5',4,53,'2023-09-20 14:05:15','2023-09-20 14:05:15'),
(626,'5',5,53,'2023-09-20 14:05:15','2023-09-20 14:05:15'),
(627,'3',6,53,'2023-09-20 14:05:15','2023-09-20 14:05:15'),
(628,'3',7,53,'2023-09-20 14:05:15','2023-09-20 14:05:15'),
(629,'2',8,53,'2023-09-20 14:05:15','2023-09-20 14:05:15'),
(630,'1',9,53,'2023-09-20 14:05:15','2023-09-20 14:05:15'),
(631,'5',10,53,'2023-09-20 14:05:15','2023-09-20 14:05:15'),
(632,'3',11,53,'2023-09-20 14:05:15','2023-09-20 14:05:15'),
(633,'5',12,53,'2023-09-20 14:05:15','2023-09-20 14:05:15'),
(634,'5',13,53,'2023-09-20 14:05:15','2023-09-20 14:05:15'),
(635,'Comportamiento.',2,54,'2023-09-20 14:05:15','2023-09-20 14:05:15'),
(636,'2',3,54,'2023-09-20 14:05:15','2023-09-20 14:05:15'),
(637,'5',4,54,'2023-09-20 14:05:15','2023-09-20 14:05:15'),
(638,'4',5,54,'2023-09-20 14:05:15','2023-09-20 14:05:15'),
(639,'3',6,54,'2023-09-20 14:05:15','2023-09-20 14:05:15'),
(640,'2',7,54,'2023-09-20 14:05:15','2023-09-20 14:05:15'),
(641,'1',8,54,'2023-09-20 14:05:15','2023-09-20 14:05:15'),
(642,'2',9,54,'2023-09-20 14:05:15','2023-09-20 14:05:15'),
(643,'3',10,54,'2023-09-20 14:05:15','2023-09-20 14:05:15'),
(644,'4',11,54,'2023-09-20 14:05:15','2023-09-20 14:05:15'),
(645,'5',12,54,'2023-09-20 14:05:15','2023-09-20 14:05:15'),
(646,'2',13,54,'2023-09-20 14:05:15','2023-09-20 14:05:15'),
(647,'Atencin a vctimas.',2,55,'2023-09-20 14:05:15','2023-09-20 14:05:15'),
(648,'1',3,55,'2023-09-20 14:05:15','2023-09-20 14:05:15'),
(649,'4',4,55,'2023-09-20 14:05:15','2023-09-20 14:05:15'),
(650,'4',5,55,'2023-09-20 14:05:15','2023-09-20 14:05:15'),
(651,'4',6,55,'2023-09-20 14:05:15','2023-09-20 14:05:15'),
(652,'3',7,55,'2023-09-20 14:05:15','2023-09-20 14:05:15'),
(653,'4',8,55,'2023-09-20 14:05:15','2023-09-20 14:05:15'),
(654,'3',9,55,'2023-09-20 14:05:15','2023-09-20 14:05:15'),
(655,'2',10,55,'2023-09-20 14:05:15','2023-09-20 14:05:15'),
(656,'3',11,55,'2023-09-20 14:05:15','2023-09-20 14:05:15'),
(657,'3',12,55,'2023-09-20 14:05:15','2023-09-20 14:05:15'),
(658,'3',13,55,'2023-09-20 14:05:15','2023-09-20 14:05:15'),
(659,'Movilidad sostenible y activa',2,56,'2023-09-20 14:05:15','2023-09-20 14:05:15'),
(660,'3',3,56,'2023-09-20 14:05:15','2023-09-20 14:05:15'),
(661,'5',4,56,'2023-09-20 14:05:15','2023-09-20 14:05:15'),
(662,'5',5,56,'2023-09-20 14:05:15','2023-09-20 14:05:15'),
(663,'5',6,56,'2023-09-20 14:05:15','2023-09-20 14:05:15'),
(664,'5',7,56,'2023-09-20 14:05:15','2023-09-20 14:05:15'),
(665,'5',8,56,'2023-09-20 14:05:15','2023-09-20 14:05:15'),
(666,'5',9,56,'2023-09-20 14:05:15','2023-09-20 14:05:15'),
(667,'5',10,56,'2023-09-20 14:05:15','2023-09-20 14:05:15'),
(668,'5',11,56,'2023-09-20 14:05:15','2023-09-20 14:05:15'),
(669,'5',12,56,'2023-09-20 14:05:15','2023-09-20 14:05:15'),
(670,'2',13,56,'2023-09-20 14:05:15','2023-09-20 14:05:15'),
(671,'Gestin institucional.',2,57,'2023-09-21 21:54:19','2023-09-21 21:54:19'),
(672,'3',3,57,'2023-09-21 21:54:19','2023-09-21 21:54:19'),
(673,'4',4,57,'2023-09-21 21:54:19','2023-09-21 21:54:19'),
(674,'3',5,57,'2023-09-21 21:54:19','2023-09-21 21:54:19'),
(675,'2',6,57,'2023-09-21 21:54:19','2023-09-21 21:54:19'),
(676,'1',7,57,'2023-09-21 21:54:19','2023-09-21 21:54:19'),
(677,'5',8,57,'2023-09-21 21:54:19','2023-09-21 21:54:19'),
(678,'4',9,57,'2023-09-21 21:54:19','2023-09-21 21:54:19'),
(679,'3',10,57,'2023-09-21 21:54:19','2023-09-21 21:54:19'),
(680,'2',11,57,'2023-09-21 21:54:19','2023-09-21 21:54:19'),
(681,'1',12,57,'2023-09-21 21:54:19','2023-09-21 21:54:19'),
(682,'Comportamiento.',2,58,'2023-09-21 21:54:19','2023-09-21 21:54:19'),
(683,'1',3,58,'2023-09-21 21:54:19','2023-09-21 21:54:19'),
(684,'1',4,58,'2023-09-21 21:54:19','2023-09-21 21:54:19'),
(685,'2',5,58,'2023-09-21 21:54:19','2023-09-21 21:54:19'),
(686,'1',6,58,'2023-09-21 21:54:19','2023-09-21 21:54:19'),
(687,'2',7,58,'2023-09-21 21:54:19','2023-09-21 21:54:19'),
(688,'1',8,58,'2023-09-21 21:54:19','2023-09-21 21:54:19'),
(689,'2',9,58,'2023-09-21 21:54:19','2023-09-21 21:54:19'),
(690,'1',10,58,'2023-09-21 21:54:19','2023-09-21 21:54:19'),
(691,'2',11,58,'2023-09-21 21:54:19','2023-09-21 21:54:19'),
(692,'1',12,58,'2023-09-21 21:54:19','2023-09-21 21:54:19'),
(693,'Infraestructura.',2,59,'2023-09-21 21:54:19','2023-09-21 21:54:19'),
(694,'2',3,59,'2023-09-21 21:54:19','2023-09-21 21:54:19'),
(695,'5',4,59,'2023-09-21 21:54:19','2023-09-21 21:54:19'),
(696,'4',5,59,'2023-09-21 21:54:19','2023-09-21 21:54:19'),
(697,'3',6,59,'2023-09-21 21:54:19','2023-09-21 21:54:19'),
(698,'2',7,59,'2023-09-21 21:54:19','2023-09-21 21:54:19'),
(699,'1',8,59,'2023-09-21 21:54:19','2023-09-21 21:54:19'),
(700,'2',9,59,'2023-09-21 21:54:19','2023-09-21 21:54:19'),
(701,'3',10,59,'2023-09-21 21:54:19','2023-09-21 21:54:19'),
(702,'4',11,59,'2023-09-21 21:54:19','2023-09-21 21:54:19'),
(703,'5',12,59,'2023-09-21 21:54:19','2023-09-21 21:54:19'),
(704,'Infraestructura.',2,60,'2023-09-21 21:54:19','2023-09-21 21:54:19'),
(705,'2',3,60,'2023-09-21 21:54:19','2023-09-21 21:54:19'),
(706,'3',4,60,'2023-09-21 21:54:19','2023-09-21 21:54:19'),
(707,'4',5,60,'2023-09-21 21:54:19','2023-09-21 21:54:19'),
(708,'2',6,60,'2023-09-21 21:54:19','2023-09-21 21:54:19'),
(709,'4',7,60,'2023-09-21 21:54:19','2023-09-21 21:54:19'),
(710,'3',8,60,'2023-09-21 21:54:19','2023-09-21 21:54:19'),
(711,'4',9,60,'2023-09-21 21:54:19','2023-09-21 21:54:19'),
(712,'3',10,60,'2023-09-21 21:54:19','2023-09-21 21:54:19'),
(713,'2',11,60,'2023-09-21 21:54:19','2023-09-21 21:54:19'),
(714,'4',12,60,'2023-09-21 21:54:19','2023-09-21 21:54:19'),
(715,'Comportamiento.',2,61,'2023-09-21 21:54:19','2023-09-21 21:54:19'),
(716,'2',3,61,'2023-09-21 21:54:19','2023-09-21 21:54:19'),
(717,'5',4,61,'2023-09-21 21:54:19','2023-09-21 21:54:19'),
(718,'4',5,61,'2023-09-21 21:54:19','2023-09-21 21:54:19'),
(719,'4',6,61,'2023-09-21 21:54:19','2023-09-21 21:54:19'),
(720,'3',7,61,'2023-09-21 21:54:19','2023-09-21 21:54:19'),
(721,'2',8,61,'2023-09-21 21:54:19','2023-09-21 21:54:19'),
(722,'5',9,61,'2023-09-21 21:54:19','2023-09-21 21:54:19'),
(723,'5',10,61,'2023-09-21 21:54:19','2023-09-21 21:54:19'),
(724,'3',11,61,'2023-09-21 21:54:19','2023-09-21 21:54:19'),
(725,'3',12,61,'2023-09-21 21:54:19','2023-09-21 21:54:19'),
(726,'Vehculos.',2,62,'2023-09-21 21:54:19','2023-09-21 21:54:19'),
(727,'2',3,62,'2023-09-21 21:54:19','2023-09-21 21:54:19'),
(728,'5',4,62,'2023-09-21 21:54:19','2023-09-21 21:54:19'),
(729,'3',5,62,'2023-09-21 21:54:19','2023-09-21 21:54:19'),
(730,'5',6,62,'2023-09-21 21:54:19','2023-09-21 21:54:19'),
(731,'2',7,62,'2023-09-21 21:54:19','2023-09-21 21:54:19'),
(732,'1',8,62,'2023-09-21 21:54:19','2023-09-21 21:54:19'),
(733,'3',9,62,'2023-09-21 21:54:19','2023-09-21 21:54:19'),
(734,'1',10,62,'2023-09-21 21:54:19','2023-09-21 21:54:19'),
(735,'5',11,62,'2023-09-21 21:54:19','2023-09-21 21:54:19'),
(736,'3',12,62,'2023-09-21 21:54:19','2023-09-21 21:54:19'),
(737,'Infraestructura.',2,63,'2023-09-21 21:54:19','2023-09-21 21:54:19'),
(738,'1',3,63,'2023-09-21 21:54:19','2023-09-21 21:54:19'),
(739,'5',4,63,'2023-09-21 21:54:19','2023-09-21 21:54:19'),
(740,'3',5,63,'2023-09-21 21:54:19','2023-09-21 21:54:19'),
(741,'2',6,63,'2023-09-21 21:54:19','2023-09-21 21:54:19'),
(742,'1',7,63,'2023-09-21 21:54:19','2023-09-21 21:54:19'),
(743,'5',8,63,'2023-09-21 21:54:19','2023-09-21 21:54:19'),
(744,'3',9,63,'2023-09-21 21:54:19','2023-09-21 21:54:19'),
(745,'3',10,63,'2023-09-21 21:54:19','2023-09-21 21:54:19'),
(746,'1',11,63,'2023-09-21 21:54:19','2023-09-21 21:54:19'),
(747,'4',12,63,'2023-09-21 21:54:19','2023-09-21 21:54:19'),
(748,'Comportamiento.',2,64,'2023-09-21 21:54:19','2023-09-21 21:54:19'),
(749,'2',3,64,'2023-09-21 21:54:19','2023-09-21 21:54:19'),
(750,'5',4,64,'2023-09-21 21:54:19','2023-09-21 21:54:19'),
(751,'3',5,64,'2023-09-21 21:54:19','2023-09-21 21:54:19'),
(752,'5',6,64,'2023-09-21 21:54:19','2023-09-21 21:54:19'),
(753,'5',7,64,'2023-09-21 21:54:19','2023-09-21 21:54:19'),
(754,'5',8,64,'2023-09-21 21:54:19','2023-09-21 21:54:19'),
(755,'5',9,64,'2023-09-21 21:54:19','2023-09-21 21:54:19'),
(756,'1',10,64,'2023-09-21 21:54:19','2023-09-21 21:54:19'),
(757,'5',11,64,'2023-09-21 21:54:19','2023-09-21 21:54:19'),
(758,'3',12,64,'2023-09-21 21:54:19','2023-09-21 21:54:19'),
(759,'Movilidad sostenible y activa',2,65,'2023-09-21 21:54:19','2023-09-21 21:54:19'),
(760,'2',3,65,'2023-09-21 21:54:19','2023-09-21 21:54:19'),
(761,'3',4,65,'2023-09-21 21:54:19','2023-09-21 21:54:19'),
(762,'4',5,65,'2023-09-21 21:54:19','2023-09-21 21:54:19'),
(763,'3',6,65,'2023-09-21 21:54:19','2023-09-21 21:54:19'),
(764,'2',7,65,'2023-09-21 21:54:19','2023-09-21 21:54:19'),
(765,'4',8,65,'2023-09-21 21:54:19','2023-09-21 21:54:19'),
(766,'3',9,65,'2023-09-21 21:54:19','2023-09-21 21:54:19'),
(767,'5',10,65,'2023-09-21 21:54:19','2023-09-21 21:54:19'),
(768,'2',11,65,'2023-09-21 21:54:19','2023-09-21 21:54:19'),
(769,'1',12,65,'2023-09-21 21:54:19','2023-09-21 21:54:19'),
(770,'4',13,65,'2023-09-21 21:54:19','2023-09-21 21:54:19'),
(771,'Comportamiento.',2,66,'2023-09-21 21:54:19','2023-09-21 21:54:19'),
(772,'2',3,66,'2023-09-21 21:54:19','2023-09-21 21:54:19'),
(773,'4',4,66,'2023-09-21 21:54:19','2023-09-21 21:54:19'),
(774,'3',5,66,'2023-09-21 21:54:19','2023-09-21 21:54:19'),
(775,'2',6,66,'2023-09-21 21:54:19','2023-09-21 21:54:19'),
(776,'1',7,66,'2023-09-21 21:54:19','2023-09-21 21:54:19'),
(777,'1',8,66,'2023-09-21 21:54:19','2023-09-21 21:54:19'),
(778,'2',9,66,'2023-09-21 21:54:19','2023-09-21 21:54:19'),
(779,'3',10,66,'2023-09-21 21:54:19','2023-09-21 21:54:19'),
(780,'5',11,66,'2023-09-21 21:54:19','2023-09-21 21:54:19'),
(781,'4',12,66,'2023-09-21 21:54:19','2023-09-21 21:54:19'),
(782,'Atencin a vctimas.',2,67,'2023-09-21 21:54:19','2023-09-21 21:54:19'),
(783,'2',3,67,'2023-09-21 21:54:19','2023-09-21 21:54:19'),
(784,'5',4,67,'2023-09-21 21:54:19','2023-09-21 21:54:19'),
(785,'4',5,67,'2023-09-21 21:54:19','2023-09-21 21:54:19'),
(786,'5',6,67,'2023-09-21 21:54:19','2023-09-21 21:54:19'),
(787,'3',7,67,'2023-09-21 21:54:19','2023-09-21 21:54:19'),
(788,'3',8,67,'2023-09-21 21:54:19','2023-09-21 21:54:19'),
(789,'4',9,67,'2023-09-21 21:54:19','2023-09-21 21:54:19'),
(790,'2',10,67,'2023-09-21 21:54:19','2023-09-21 21:54:19'),
(791,'1',11,67,'2023-09-21 21:54:19','2023-09-21 21:54:19'),
(792,'2',12,67,'2023-09-21 21:54:19','2023-09-21 21:54:19'),
(793,'Infraestructura.',2,68,'2023-09-21 21:54:19','2023-09-21 21:54:19'),
(794,'2',3,68,'2023-09-21 21:54:19','2023-09-21 21:54:19'),
(795,'1',4,68,'2023-09-21 21:54:19','2023-09-21 21:54:19'),
(796,'2',5,68,'2023-09-21 21:54:19','2023-09-21 21:54:19'),
(797,'3',6,68,'2023-09-21 21:54:19','2023-09-21 21:54:19'),
(798,'4',7,68,'2023-09-21 21:54:19','2023-09-21 21:54:19'),
(799,'5',8,68,'2023-09-21 21:54:19','2023-09-21 21:54:19'),
(800,'4',9,68,'2023-09-21 21:54:19','2023-09-21 21:54:19'),
(801,'4',10,68,'2023-09-21 21:54:19','2023-09-21 21:54:19'),
(802,'5',11,68,'2023-09-21 21:54:19','2023-09-21 21:54:19'),
(803,'3',12,68,'2023-09-21 21:54:19','2023-09-21 21:54:19'),
(804,'Atencin a vctimas.',2,69,'2023-09-21 21:54:19','2023-09-21 21:54:19'),
(805,'3',3,69,'2023-09-21 21:54:19','2023-09-21 21:54:19'),
(806,'1',4,69,'2023-09-21 21:54:19','2023-09-21 21:54:19'),
(807,'2',5,69,'2023-09-21 21:54:19','2023-09-21 21:54:19'),
(808,'3',6,69,'2023-09-21 21:54:19','2023-09-21 21:54:19'),
(809,'4',7,69,'2023-09-21 21:54:19','2023-09-21 21:54:19'),
(810,'5',8,69,'2023-09-21 21:54:19','2023-09-21 21:54:19'),
(811,'5',9,69,'2023-09-21 21:54:19','2023-09-21 21:54:19'),
(812,'4',10,69,'2023-09-21 21:54:19','2023-09-21 21:54:19'),
(813,'3',11,69,'2023-09-21 21:54:19','2023-09-21 21:54:19'),
(814,'2',12,69,'2023-09-21 21:54:19','2023-09-21 21:54:19'),
(815,'5',13,69,'2023-09-21 21:54:19','2023-09-21 21:54:19'),
(816,'Atencin a vctimas.',2,70,'2023-09-21 21:54:19','2023-09-21 21:54:19'),
(817,'2',3,70,'2023-09-21 21:54:19','2023-09-21 21:54:19'),
(818,'5',4,70,'2023-09-21 21:54:19','2023-09-21 21:54:19'),
(819,'4',5,70,'2023-09-21 21:54:19','2023-09-21 21:54:19'),
(820,'4',6,70,'2023-09-21 21:54:19','2023-09-21 21:54:19'),
(821,'3',7,70,'2023-09-21 21:54:19','2023-09-21 21:54:19'),
(822,'2',8,70,'2023-09-21 21:54:19','2023-09-21 21:54:19'),
(823,'1',9,70,'2023-09-21 21:54:19','2023-09-21 21:54:19'),
(824,'5',10,70,'2023-09-21 21:54:19','2023-09-21 21:54:19'),
(825,'4',11,70,'2023-09-21 21:54:19','2023-09-21 21:54:19'),
(826,'3',12,70,'2023-09-21 21:54:19','2023-09-21 21:54:19'),
(827,'Comportamiento.',2,71,'2023-09-21 21:54:19','2023-09-21 21:54:19'),
(828,'3',3,71,'2023-09-21 21:54:19','2023-09-21 21:54:19'),
(829,'5',4,71,'2023-09-21 21:54:19','2023-09-21 21:54:19'),
(830,'3',5,71,'2023-09-21 21:54:19','2023-09-21 21:54:19'),
(831,'4',6,71,'2023-09-21 21:54:19','2023-09-21 21:54:19'),
(832,'5',7,71,'2023-09-21 21:54:19','2023-09-21 21:54:19'),
(833,'3',8,71,'2023-09-21 21:54:19','2023-09-21 21:54:19'),
(834,'4',9,71,'2023-09-21 21:54:19','2023-09-21 21:54:19'),
(835,'4',10,71,'2023-09-21 21:54:19','2023-09-21 21:54:19'),
(836,'3',11,71,'2023-09-21 21:54:19','2023-09-21 21:54:19'),
(837,'5',12,71,'2023-09-21 21:54:19','2023-09-21 21:54:19'),
(838,'Vehculos.',2,72,'2023-09-21 21:54:19','2023-09-21 21:54:19'),
(839,'1',3,72,'2023-09-21 21:54:19','2023-09-21 21:54:19'),
(840,'3',4,72,'2023-09-21 21:54:19','2023-09-21 21:54:19'),
(841,'3',5,72,'2023-09-21 21:54:19','2023-09-21 21:54:19'),
(842,'2',6,72,'2023-09-21 21:54:19','2023-09-21 21:54:19'),
(843,'3',7,72,'2023-09-21 21:54:19','2023-09-21 21:54:19'),
(844,'4',8,72,'2023-09-21 21:54:19','2023-09-21 21:54:19'),
(845,'4',9,72,'2023-09-21 21:54:19','2023-09-21 21:54:19'),
(846,'5',10,72,'2023-09-21 21:54:19','2023-09-21 21:54:19'),
(847,'4',11,72,'2023-09-21 21:54:19','2023-09-21 21:54:19'),
(848,'3',12,72,'2023-09-21 21:54:19','2023-09-21 21:54:19'),
(849,'Movilidad sostenible y activa',2,73,'2023-09-21 21:54:19','2023-09-21 21:54:19'),
(850,'2',3,73,'2023-09-21 21:54:19','2023-09-21 21:54:19'),
(851,'5',4,73,'2023-09-21 21:54:19','2023-09-21 21:54:19'),
(852,'3',5,73,'2023-09-21 21:54:19','2023-09-21 21:54:19'),
(853,'4',6,73,'2023-09-21 21:54:19','2023-09-21 21:54:19'),
(854,'2',7,73,'2023-09-21 21:54:19','2023-09-21 21:54:19'),
(855,'5',8,73,'2023-09-21 21:54:19','2023-09-21 21:54:19'),
(856,'4',9,73,'2023-09-21 21:54:19','2023-09-21 21:54:19'),
(857,'3',10,73,'2023-09-21 21:54:19','2023-09-21 21:54:19'),
(858,'1',11,73,'2023-09-21 21:54:19','2023-09-21 21:54:19'),
(859,'4',12,73,'2023-09-21 21:54:19','2023-09-21 21:54:19'),
(860,'4',13,73,'2023-09-21 21:54:19','2023-09-21 21:54:19'),
(861,'Vehculos.',2,74,'2023-09-21 21:54:19','2023-09-21 21:54:19'),
(862,'3',3,74,'2023-09-21 21:54:19','2023-09-21 21:54:19'),
(863,'2',4,74,'2023-09-21 21:54:19','2023-09-21 21:54:19'),
(864,'5',5,74,'2023-09-21 21:54:19','2023-09-21 21:54:19'),
(865,'4',6,74,'2023-09-21 21:54:19','2023-09-21 21:54:19'),
(866,'3',7,74,'2023-09-21 21:54:19','2023-09-21 21:54:19'),
(867,'4',8,74,'2023-09-21 21:54:19','2023-09-21 21:54:19'),
(868,'3',9,74,'2023-09-21 21:54:19','2023-09-21 21:54:19'),
(869,'4',10,74,'2023-09-21 21:54:19','2023-09-21 21:54:19'),
(870,'1',11,74,'2023-09-21 21:54:19','2023-09-21 21:54:19'),
(871,'2',12,74,'2023-09-21 21:54:19','2023-09-21 21:54:19'),
(872,'Infraestructura.',2,75,'2023-09-21 21:54:19','2023-09-21 21:54:19'),
(873,'1',3,75,'2023-09-21 21:54:19','2023-09-21 21:54:19'),
(874,'4',4,75,'2023-09-21 21:54:19','2023-09-21 21:54:19'),
(875,'3',5,75,'2023-09-21 21:54:19','2023-09-21 21:54:19'),
(876,'2',6,75,'2023-09-21 21:54:19','2023-09-21 21:54:19'),
(877,'1',7,75,'2023-09-21 21:54:19','2023-09-21 21:54:19'),
(878,'4',8,75,'2023-09-21 21:54:19','2023-09-21 21:54:19'),
(879,'5',9,75,'2023-09-21 21:54:19','2023-09-21 21:54:19'),
(880,'4',10,75,'2023-09-21 21:54:19','2023-09-21 21:54:19'),
(881,'3',11,75,'2023-09-21 21:54:19','2023-09-21 21:54:19'),
(882,'2',12,75,'2023-09-21 21:54:19','2023-09-21 21:54:19'),
(883,'Atencin a vctimas.',2,76,'2023-09-21 21:54:19','2023-09-21 21:54:19'),
(884,'3',3,76,'2023-09-21 21:54:19','2023-09-21 21:54:19'),
(885,'5',4,76,'2023-09-21 21:54:19','2023-09-21 21:54:19'),
(886,'4',5,76,'2023-09-21 21:54:19','2023-09-21 21:54:19'),
(887,'3',6,76,'2023-09-21 21:54:19','2023-09-21 21:54:19'),
(888,'2',7,76,'2023-09-21 21:54:19','2023-09-21 21:54:19'),
(889,'3',8,76,'2023-09-21 21:54:19','2023-09-21 21:54:19'),
(890,'1',9,76,'2023-09-21 21:54:19','2023-09-21 21:54:19'),
(891,'4',10,76,'2023-09-21 21:54:19','2023-09-21 21:54:19'),
(892,'3',11,76,'2023-09-21 21:54:19','2023-09-21 21:54:19'),
(893,'5',12,76,'2023-09-21 21:54:19','2023-09-21 21:54:19'),
(894,'Comportamiento.',2,77,'2023-09-21 21:54:19','2023-09-21 21:54:19'),
(895,'3',3,77,'2023-09-21 21:54:19','2023-09-21 21:54:19'),
(896,'2',4,77,'2023-09-21 21:54:19','2023-09-21 21:54:19'),
(897,'3',5,77,'2023-09-21 21:54:19','2023-09-21 21:54:19'),
(898,'4',6,77,'2023-09-21 21:54:19','2023-09-21 21:54:19'),
(899,'3',7,77,'2023-09-21 21:54:19','2023-09-21 21:54:19'),
(900,'2',8,77,'2023-09-21 21:54:19','2023-09-21 21:54:19'),
(901,'3',9,77,'2023-09-21 21:54:19','2023-09-21 21:54:19'),
(902,'3',10,77,'2023-09-21 21:54:19','2023-09-21 21:54:19'),
(903,'4',11,77,'2023-09-21 21:54:19','2023-09-21 21:54:19'),
(904,'4',12,77,'2023-09-21 21:54:19','2023-09-21 21:54:19'),
(905,'5',13,77,'2023-09-21 21:54:19','2023-09-21 21:54:19'),
(906,'Comportamiento.',2,78,'2023-09-21 21:54:19','2023-09-21 21:54:19'),
(907,'2',3,78,'2023-09-21 21:54:19','2023-09-21 21:54:19'),
(908,'4',4,78,'2023-09-21 21:54:19','2023-09-21 21:54:19'),
(909,'3',5,78,'2023-09-21 21:54:19','2023-09-21 21:54:19'),
(910,'3',6,78,'2023-09-21 21:54:19','2023-09-21 21:54:19'),
(911,'3',7,78,'2023-09-21 21:54:19','2023-09-21 21:54:19'),
(912,'3',8,78,'2023-09-21 21:54:19','2023-09-21 21:54:19'),
(913,'3',9,78,'2023-09-21 21:54:19','2023-09-21 21:54:19'),
(914,'3',10,78,'2023-09-21 21:54:19','2023-09-21 21:54:19'),
(915,'3',11,78,'2023-09-21 21:54:19','2023-09-21 21:54:19'),
(916,'3',12,78,'2023-09-21 21:54:19','2023-09-21 21:54:19'),
(917,'Infraestructura.',2,79,'2023-09-21 21:54:19','2023-09-21 21:54:19'),
(918,'3',3,79,'2023-09-21 21:54:19','2023-09-21 21:54:19'),
(919,'1',4,79,'2023-09-21 21:54:19','2023-09-21 21:54:19'),
(920,'2',5,79,'2023-09-21 21:54:19','2023-09-21 21:54:19'),
(921,'4',6,79,'2023-09-21 21:54:19','2023-09-21 21:54:19'),
(922,'4',7,79,'2023-09-21 21:54:19','2023-09-21 21:54:19'),
(923,'4',8,79,'2023-09-21 21:54:19','2023-09-21 21:54:19'),
(924,'4',9,79,'2023-09-21 21:54:19','2023-09-21 21:54:19'),
(925,'4',10,79,'2023-09-21 21:54:19','2023-09-21 21:54:19'),
(926,'4',11,79,'2023-09-21 21:54:19','2023-09-21 21:54:19'),
(927,'4',12,79,'2023-09-21 21:54:19','2023-09-21 21:54:19'),
(928,'Comportamiento.',2,80,'2023-09-21 21:54:19','2023-09-21 21:54:19'),
(929,'2',3,80,'2023-09-21 21:54:19','2023-09-21 21:54:19'),
(930,'1',4,80,'2023-09-21 21:54:19','2023-09-21 21:54:19'),
(931,'1',5,80,'2023-09-21 21:54:19','2023-09-21 21:54:19'),
(932,'3',6,80,'2023-09-21 21:54:19','2023-09-21 21:54:19'),
(933,'2',7,80,'2023-09-21 21:54:19','2023-09-21 21:54:19'),
(934,'2',8,80,'2023-09-21 21:54:19','2023-09-21 21:54:19'),
(935,'2',9,80,'2023-09-21 21:54:19','2023-09-21 21:54:19'),
(936,'2',10,80,'2023-09-21 21:54:19','2023-09-21 21:54:19'),
(937,'3',11,80,'2023-09-21 21:54:19','2023-09-21 21:54:19'),
(938,'3',12,80,'2023-09-21 21:54:19','2023-09-21 21:54:19'),
(939,'Infraestructura.',2,81,'2023-09-21 21:54:19','2023-09-21 21:54:19'),
(940,'1',3,81,'2023-09-21 21:54:19','2023-09-21 21:54:19'),
(941,'4',4,81,'2023-09-21 21:54:19','2023-09-21 21:54:19'),
(942,'1',5,81,'2023-09-21 21:54:19','2023-09-21 21:54:19'),
(943,'2',6,81,'2023-09-21 21:54:19','2023-09-21 21:54:19'),
(944,'2',7,81,'2023-09-21 21:54:19','2023-09-21 21:54:19'),
(945,'2',8,81,'2023-09-21 21:54:19','2023-09-21 21:54:19'),
(946,'2',9,81,'2023-09-21 21:54:19','2023-09-21 21:54:19'),
(947,'2',10,81,'2023-09-21 21:54:19','2023-09-21 21:54:19'),
(948,'2',11,81,'2023-09-21 21:54:19','2023-09-21 21:54:19'),
(949,'2',12,81,'2023-09-21 21:54:19','2023-09-21 21:54:19'),
(950,'4',13,81,'2023-09-21 21:54:19','2023-09-21 21:54:19'),
(951,'Comportamiento.',2,82,'2023-09-21 21:54:19','2023-09-21 21:54:19'),
(952,'1',3,82,'2023-09-21 21:54:19','2023-09-21 21:54:19'),
(953,'4',4,82,'2023-09-21 21:54:19','2023-09-21 21:54:19'),
(954,'3',5,82,'2023-09-21 21:54:19','2023-09-21 21:54:19'),
(955,'3',6,82,'2023-09-21 21:54:19','2023-09-21 21:54:19'),
(956,'3',7,82,'2023-09-21 21:54:19','2023-09-21 21:54:19'),
(957,'3',8,82,'2023-09-21 21:54:19','2023-09-21 21:54:19'),
(958,'3',9,82,'2023-09-21 21:54:19','2023-09-21 21:54:19'),
(959,'3',10,82,'2023-09-21 21:54:19','2023-09-21 21:54:19'),
(960,'3',11,82,'2023-09-21 21:54:19','2023-09-21 21:54:19'),
(961,'3',12,82,'2023-09-21 21:54:19','2023-09-21 21:54:19'),
(962,'Comportamiento.',2,83,'2023-09-21 21:54:19','2023-09-21 21:54:19'),
(963,'2',3,83,'2023-09-21 21:54:19','2023-09-21 21:54:19'),
(964,'4',4,83,'2023-09-21 21:54:19','2023-09-21 21:54:19'),
(965,'4',5,83,'2023-09-21 21:54:19','2023-09-21 21:54:19'),
(966,'3',6,83,'2023-09-21 21:54:19','2023-09-21 21:54:19'),
(967,'3',7,83,'2023-09-21 21:54:19','2023-09-21 21:54:19'),
(968,'3',8,83,'2023-09-21 21:54:19','2023-09-21 21:54:19'),
(969,'3',9,83,'2023-09-21 21:54:19','2023-09-21 21:54:19'),
(970,'3',10,83,'2023-09-21 21:54:19','2023-09-21 21:54:19'),
(971,'3',11,83,'2023-09-21 21:54:19','2023-09-21 21:54:19'),
(972,'3',12,83,'2023-09-21 21:54:19','2023-09-21 21:54:19'),
(973,'Infraestructura.',2,84,'2023-09-21 21:54:19','2023-09-21 21:54:19'),
(974,'2',3,84,'2023-09-21 21:54:19','2023-09-21 21:54:19'),
(975,'4',4,84,'2023-09-21 21:54:19','2023-09-21 21:54:19'),
(976,'4',5,84,'2023-09-21 21:54:19','2023-09-21 21:54:19'),
(977,'4',6,84,'2023-09-21 21:54:19','2023-09-21 21:54:19'),
(978,'4',7,84,'2023-09-21 21:54:19','2023-09-21 21:54:19'),
(979,'4',8,84,'2023-09-21 21:54:19','2023-09-21 21:54:19'),
(980,'4',9,84,'2023-09-21 21:54:19','2023-09-21 21:54:19'),
(981,'4',10,84,'2023-09-21 21:54:19','2023-09-21 21:54:19'),
(982,'4',11,84,'2023-09-21 21:54:19','2023-09-21 21:54:19'),
(983,'4',12,84,'2023-09-21 21:54:19','2023-09-21 21:54:19'),
(984,'Movilidad sostenible y activa',2,85,'2023-09-21 21:54:19','2023-09-21 21:54:19'),
(985,'2',3,85,'2023-09-21 21:54:19','2023-09-21 21:54:19'),
(986,'3',4,85,'2023-09-21 21:54:19','2023-09-21 21:54:19'),
(987,'3',5,85,'2023-09-21 21:54:19','2023-09-21 21:54:19'),
(988,'3',6,85,'2023-09-21 21:54:19','2023-09-21 21:54:19'),
(989,'3',7,85,'2023-09-21 21:54:19','2023-09-21 21:54:19'),
(990,'3',8,85,'2023-09-21 21:54:19','2023-09-21 21:54:19'),
(991,'3',9,85,'2023-09-21 21:54:19','2023-09-21 21:54:19'),
(992,'3',10,85,'2023-09-21 21:54:19','2023-09-21 21:54:19'),
(993,'3',11,85,'2023-09-21 21:54:19','2023-09-21 21:54:19'),
(994,'3',12,85,'2023-09-21 21:54:19','2023-09-21 21:54:19'),
(995,'5',13,85,'2023-09-21 21:54:19','2023-09-21 21:54:19'),
(996,'Infraestructura.',2,86,'2023-09-21 21:54:19','2023-09-21 21:54:19'),
(997,'2',3,86,'2023-09-21 21:54:19','2023-09-21 21:54:19'),
(998,'3',4,86,'2023-09-21 21:54:19','2023-09-21 21:54:19'),
(999,'3',5,86,'2023-09-21 21:54:19','2023-09-21 21:54:19'),
(1000,'3',6,86,'2023-09-21 21:54:19','2023-09-21 21:54:19'),
(1001,'3',7,86,'2023-09-21 21:54:19','2023-09-21 21:54:19'),
(1002,'2',8,86,'2023-09-21 21:54:19','2023-09-21 21:54:19'),
(1003,'2',9,86,'2023-09-21 21:54:19','2023-09-21 21:54:19'),
(1004,'2',10,86,'2023-09-21 21:54:19','2023-09-21 21:54:19'),
(1005,'2',11,86,'2023-09-21 21:54:19','2023-09-21 21:54:19'),
(1006,'2',12,86,'2023-09-21 21:54:19','2023-09-21 21:54:19'),
(1007,'Vehculos.',2,87,'2023-09-21 21:54:19','2023-09-21 21:54:19'),
(1008,'3',3,87,'2023-09-21 21:54:19','2023-09-21 21:54:19'),
(1009,'2',4,87,'2023-09-21 21:54:19','2023-09-21 21:54:19'),
(1010,'3',5,87,'2023-09-21 21:54:19','2023-09-21 21:54:19'),
(1011,'4',6,87,'2023-09-21 21:54:19','2023-09-21 21:54:19'),
(1012,'2',7,87,'2023-09-21 21:54:19','2023-09-21 21:54:19'),
(1013,'2',8,87,'2023-09-21 21:54:19','2023-09-21 21:54:19'),
(1014,'2',9,87,'2023-09-21 21:54:19','2023-09-21 21:54:19'),
(1015,'2',10,87,'2023-09-21 21:54:19','2023-09-21 21:54:19'),
(1016,'5',11,87,'2023-09-21 21:54:19','2023-09-21 21:54:19'),
(1017,'5',12,87,'2023-09-21 21:54:19','2023-09-21 21:54:19'),
(1018,'Comportamiento.',2,88,'2023-09-21 21:54:19','2023-09-21 21:54:19'),
(1019,'1',3,88,'2023-09-21 21:54:19','2023-09-21 21:54:19'),
(1020,'3',4,88,'2023-09-21 21:54:19','2023-09-21 21:54:19'),
(1021,'2',5,88,'2023-09-21 21:54:19','2023-09-21 21:54:19'),
(1022,'2',6,88,'2023-09-21 21:54:19','2023-09-21 21:54:19'),
(1023,'2',7,88,'2023-09-21 21:54:19','2023-09-21 21:54:19'),
(1024,'2',8,88,'2023-09-21 21:54:19','2023-09-21 21:54:19'),
(1025,'2',9,88,'2023-09-21 21:54:19','2023-09-21 21:54:19'),
(1026,'2',10,88,'2023-09-21 21:54:19','2023-09-21 21:54:19'),
(1027,'2',11,88,'2023-09-21 21:54:19','2023-09-21 21:54:19'),
(1028,'2',12,88,'2023-09-21 21:54:19','2023-09-21 21:54:19'),
(1029,'Movilidad sostenible y activa',2,89,'2023-09-21 21:54:19','2023-09-21 21:54:19'),
(1030,'1',3,89,'2023-09-21 21:54:19','2023-09-21 21:54:19'),
(1031,'3',4,89,'2023-09-21 21:54:19','2023-09-21 21:54:19'),
(1032,'3',5,89,'2023-09-21 21:54:19','2023-09-21 21:54:19'),
(1033,'3',6,89,'2023-09-21 21:54:19','2023-09-21 21:54:19'),
(1034,'3',7,89,'2023-09-21 21:54:19','2023-09-21 21:54:19'),
(1035,'3',8,89,'2023-09-21 21:54:19','2023-09-21 21:54:19'),
(1036,'3',9,89,'2023-09-21 21:54:19','2023-09-21 21:54:19'),
(1037,'3',10,89,'2023-09-21 21:54:19','2023-09-21 21:54:19'),
(1038,'3',11,89,'2023-09-21 21:54:19','2023-09-21 21:54:19'),
(1039,'3',12,89,'2023-09-21 21:54:19','2023-09-21 21:54:19'),
(1040,'4',13,89,'2023-09-21 21:54:19','2023-09-21 21:54:19'),
(1041,'Comportamiento.',2,90,'2023-09-21 21:54:19','2023-09-21 21:54:19'),
(1042,'1',3,90,'2023-09-21 21:54:19','2023-09-21 21:54:19'),
(1043,'3',4,90,'2023-09-21 21:54:19','2023-09-21 21:54:19'),
(1044,'3',5,90,'2023-09-21 21:54:19','2023-09-21 21:54:19'),
(1045,'3',6,90,'2023-09-21 21:54:19','2023-09-21 21:54:19'),
(1046,'2',7,90,'2023-09-21 21:54:19','2023-09-21 21:54:19'),
(1047,'3',8,90,'2023-09-21 21:54:19','2023-09-21 21:54:19'),
(1048,'3',9,90,'2023-09-21 21:54:19','2023-09-21 21:54:19'),
(1049,'3',10,90,'2023-09-21 21:54:19','2023-09-21 21:54:19'),
(1050,'3',11,90,'2023-09-21 21:54:19','2023-09-21 21:54:19'),
(1051,'3',12,90,'2023-09-21 21:54:19','2023-09-21 21:54:19'),
(1052,'Infraestructura.',2,91,'2023-09-21 21:54:19','2023-09-21 21:54:19'),
(1053,'1',3,91,'2023-09-21 21:54:19','2023-09-21 21:54:19'),
(1054,'2',4,91,'2023-09-21 21:54:19','2023-09-21 21:54:19'),
(1055,'2',5,91,'2023-09-21 21:54:19','2023-09-21 21:54:19'),
(1056,'2',6,91,'2023-09-21 21:54:19','2023-09-21 21:54:19'),
(1057,'2',7,91,'2023-09-21 21:54:19','2023-09-21 21:54:19'),
(1058,'2',8,91,'2023-09-21 21:54:19','2023-09-21 21:54:19'),
(1059,'2',9,91,'2023-09-21 21:54:19','2023-09-21 21:54:19'),
(1060,'2',10,91,'2023-09-21 21:54:19','2023-09-21 21:54:19'),
(1061,'2',11,91,'2023-09-21 21:54:19','2023-09-21 21:54:19'),
(1062,'2',12,91,'2023-09-21 21:54:19','2023-09-21 21:54:19'),
(1063,'Infraestructura.',2,92,'2023-09-21 21:54:19','2023-09-21 21:54:19'),
(1064,'1',3,92,'2023-09-21 21:54:19','2023-09-21 21:54:19'),
(1065,'2',4,92,'2023-09-21 21:54:19','2023-09-21 21:54:19'),
(1066,'2',5,92,'2023-09-21 21:54:19','2023-09-21 21:54:19'),
(1067,'2',6,92,'2023-09-21 21:54:19','2023-09-21 21:54:19'),
(1068,'2',7,92,'2023-09-21 21:54:19','2023-09-21 21:54:19'),
(1069,'2',8,92,'2023-09-21 21:54:19','2023-09-21 21:54:19'),
(1070,'2',9,92,'2023-09-21 21:54:19','2023-09-21 21:54:19'),
(1071,'2',10,92,'2023-09-21 21:54:19','2023-09-21 21:54:19'),
(1072,'2',11,92,'2023-09-21 21:54:19','2023-09-21 21:54:19'),
(1073,'2',12,92,'2023-09-21 21:54:19','2023-09-21 21:54:19'),
(1074,'Infraestructura.',2,93,'2023-09-21 21:54:19','2023-09-21 21:54:19'),
(1075,'3',3,93,'2023-09-21 21:54:19','2023-09-21 21:54:19'),
(1076,'2',4,93,'2023-09-21 21:54:19','2023-09-21 21:54:19'),
(1077,'3',5,93,'2023-09-21 21:54:19','2023-09-21 21:54:19'),
(1078,'3',6,93,'2023-09-21 21:54:19','2023-09-21 21:54:19'),
(1079,'3',7,93,'2023-09-21 21:54:19','2023-09-21 21:54:19'),
(1080,'3',8,93,'2023-09-21 21:54:19','2023-09-21 21:54:19'),
(1081,'3',9,93,'2023-09-21 21:54:19','2023-09-21 21:54:19'),
(1082,'3',10,93,'2023-09-21 21:54:19','2023-09-21 21:54:19'),
(1083,'3',11,93,'2023-09-21 21:54:19','2023-09-21 21:54:19'),
(1084,'3',12,93,'2023-09-21 21:54:19','2023-09-21 21:54:19'),
(1085,'5',13,93,'2023-09-21 21:54:19','2023-09-21 21:54:19'),
(1086,'Comportamiento.',2,94,'2023-09-21 21:54:19','2023-09-21 21:54:19'),
(1087,'2',3,94,'2023-09-21 21:54:19','2023-09-21 21:54:19'),
(1088,'1',4,94,'2023-09-21 21:54:19','2023-09-21 21:54:19'),
(1089,'3',5,94,'2023-09-21 21:54:19','2023-09-21 21:54:19'),
(1090,'2',6,94,'2023-09-21 21:54:19','2023-09-21 21:54:19'),
(1091,'2',7,94,'2023-09-21 21:54:19','2023-09-21 21:54:19'),
(1092,'2',8,94,'2023-09-21 21:54:19','2023-09-21 21:54:19'),
(1093,'2',9,94,'2023-09-21 21:54:19','2023-09-21 21:54:19'),
(1094,'2',10,94,'2023-09-21 21:54:19','2023-09-21 21:54:19'),
(1095,'2',11,94,'2023-09-21 21:54:19','2023-09-21 21:54:19'),
(1096,'2',12,94,'2023-09-21 21:54:19','2023-09-21 21:54:19'),
(1097,'Comportamiento.',2,95,'2023-09-21 21:54:19','2023-09-21 21:54:19'),
(1098,'1',3,95,'2023-09-21 21:54:19','2023-09-21 21:54:19'),
(1099,'3',4,95,'2023-09-21 21:54:19','2023-09-21 21:54:19'),
(1100,'3',5,95,'2023-09-21 21:54:19','2023-09-21 21:54:19'),
(1101,'3',6,95,'2023-09-21 21:54:19','2023-09-21 21:54:19'),
(1102,'3',7,95,'2023-09-21 21:54:19','2023-09-21 21:54:19'),
(1103,'3',8,95,'2023-09-21 21:54:19','2023-09-21 21:54:19'),
(1104,'3',9,95,'2023-09-21 21:54:19','2023-09-21 21:54:19'),
(1105,'3',10,95,'2023-09-21 21:54:19','2023-09-21 21:54:19'),
(1106,'3',11,95,'2023-09-21 21:54:19','2023-09-21 21:54:19'),
(1107,'3',12,95,'2023-09-21 21:54:19','2023-09-21 21:54:19'),
(1108,'Comportamiento.',2,96,'2023-09-21 21:54:19','2023-09-21 21:54:19'),
(1109,'3',3,96,'2023-09-21 21:54:19','2023-09-21 21:54:19'),
(1110,'2',4,96,'2023-09-21 21:54:19','2023-09-21 21:54:19'),
(1111,'3',5,96,'2023-09-21 21:54:19','2023-09-21 21:54:19'),
(1112,'4',6,96,'2023-09-21 21:54:19','2023-09-21 21:54:19'),
(1113,'3',7,96,'2023-09-21 21:54:19','2023-09-21 21:54:19'),
(1114,'3',8,96,'2023-09-21 21:54:19','2023-09-21 21:54:19'),
(1115,'3',9,96,'2023-09-21 21:54:19','2023-09-21 21:54:19'),
(1116,'3',10,96,'2023-09-21 21:54:19','2023-09-21 21:54:19'),
(1117,'4',11,96,'2023-09-21 21:54:19','2023-09-21 21:54:19'),
(1118,'4',12,96,'2023-09-21 21:54:19','2023-09-21 21:54:19'),
(1119,'Comportamiento.',2,97,'2023-09-21 21:54:19','2023-09-21 21:54:19'),
(1120,'1',3,97,'2023-09-21 21:54:19','2023-09-21 21:54:19'),
(1121,'4',4,97,'2023-09-21 21:54:19','2023-09-21 21:54:19'),
(1122,'4',5,97,'2023-09-21 21:54:19','2023-09-21 21:54:19'),
(1123,'4',6,97,'2023-09-21 21:54:19','2023-09-21 21:54:19'),
(1124,'4',7,97,'2023-09-21 21:54:19','2023-09-21 21:54:19'),
(1125,'4',8,97,'2023-09-21 21:54:19','2023-09-21 21:54:19'),
(1126,'4',9,97,'2023-09-21 21:54:19','2023-09-21 21:54:19'),
(1127,'4',10,97,'2023-09-21 21:54:19','2023-09-21 21:54:19'),
(1128,'4',11,97,'2023-09-21 21:54:19','2023-09-21 21:54:19'),
(1129,'4',12,97,'2023-09-21 21:54:19','2023-09-21 21:54:19'),
(1130,'4',13,97,'2023-09-21 21:54:19','2023-09-21 21:54:19'),
(1131,'Comportamiento.',2,98,'2023-09-21 21:54:19','2023-09-21 21:54:19'),
(1132,'3',3,98,'2023-09-21 21:54:19','2023-09-21 21:54:19'),
(1133,'3',4,98,'2023-09-21 21:54:19','2023-09-21 21:54:19'),
(1134,'3',5,98,'2023-09-21 21:54:19','2023-09-21 21:54:19'),
(1135,'4',6,98,'2023-09-21 21:54:19','2023-09-21 21:54:19'),
(1136,'2',7,98,'2023-09-21 21:54:19','2023-09-21 21:54:19'),
(1137,'2',8,98,'2023-09-21 21:54:19','2023-09-21 21:54:19'),
(1138,'2',9,98,'2023-09-21 21:54:19','2023-09-21 21:54:19'),
(1139,'2',10,98,'2023-09-21 21:54:19','2023-09-21 21:54:19'),
(1140,'4',11,98,'2023-09-21 21:54:19','2023-09-21 21:54:19'),
(1141,'4',12,98,'2023-09-21 21:54:19','2023-09-21 21:54:19'),
(1142,'Infraestructura.',2,99,'2023-09-21 21:54:19','2023-09-21 21:54:19'),
(1143,'2',3,99,'2023-09-21 21:54:19','2023-09-21 21:54:19'),
(1144,'2',4,99,'2023-09-21 21:54:19','2023-09-21 21:54:19'),
(1145,'2',5,99,'2023-09-21 21:54:19','2023-09-21 21:54:19'),
(1146,'4',6,99,'2023-09-21 21:54:19','2023-09-21 21:54:19'),
(1147,'4',7,99,'2023-09-21 21:54:19','2023-09-21 21:54:19'),
(1148,'4',8,99,'2023-09-21 21:54:19','2023-09-21 21:54:19'),
(1149,'4',9,99,'2023-09-21 21:54:19','2023-09-21 21:54:19'),
(1150,'4',10,99,'2023-09-21 21:54:19','2023-09-21 21:54:19'),
(1151,'4',11,99,'2023-09-21 21:54:19','2023-09-21 21:54:19'),
(1152,'4',12,99,'2023-09-21 21:54:19','2023-09-21 21:54:19'),
(1153,'Infraestructura.',2,100,'2023-09-21 21:54:19','2023-09-21 21:54:19'),
(1154,'1',3,100,'2023-09-21 21:54:19','2023-09-21 21:54:19'),
(1155,'4',4,100,'2023-09-21 21:54:19','2023-09-21 21:54:19'),
(1156,'2',5,100,'2023-09-21 21:54:19','2023-09-21 21:54:19'),
(1157,'1',6,100,'2023-09-21 21:54:19','2023-09-21 21:54:19'),
(1158,'5',7,100,'2023-09-21 21:54:19','2023-09-21 21:54:19'),
(1159,'1',8,100,'2023-09-21 21:54:19','2023-09-21 21:54:19'),
(1160,'1',9,100,'2023-09-21 21:54:19','2023-09-21 21:54:19'),
(1161,'1',10,100,'2023-09-21 21:54:19','2023-09-21 21:54:19'),
(1162,'1',11,100,'2023-09-21 21:54:19','2023-09-21 21:54:19'),
(1163,'1',12,100,'2023-09-21 21:54:19','2023-09-21 21:54:19'),
(1164,'Comportamiento.',2,101,'2023-09-21 21:54:19','2023-09-21 21:54:19'),
(1165,'2',3,101,'2023-09-21 21:54:19','2023-09-21 21:54:19'),
(1166,'1',4,101,'2023-09-21 21:54:19','2023-09-21 21:54:19'),
(1167,'4',5,101,'2023-09-21 21:54:19','2023-09-21 21:54:19'),
(1168,'4',6,101,'2023-09-21 21:54:19','2023-09-21 21:54:19'),
(1169,'4',7,101,'2023-09-21 21:54:19','2023-09-21 21:54:19'),
(1170,'4',8,101,'2023-09-21 21:54:19','2023-09-21 21:54:19'),
(1171,'4',9,101,'2023-09-21 21:54:19','2023-09-21 21:54:19'),
(1172,'4',10,101,'2023-09-21 21:54:19','2023-09-21 21:54:19'),
(1173,'4',11,101,'2023-09-21 21:54:19','2023-09-21 21:54:19'),
(1174,'4',12,101,'2023-09-21 21:54:19','2023-09-21 21:54:19'),
(1175,'5',13,101,'2023-09-21 21:54:19','2023-09-21 21:54:19'),
(1176,'Comportamiento.',2,102,'2023-09-21 21:54:19','2023-09-21 21:54:19'),
(1177,'1',3,102,'2023-09-21 21:54:19','2023-09-21 21:54:19'),
(1178,'4',4,102,'2023-09-21 21:54:19','2023-09-21 21:54:19'),
(1179,'4',5,102,'2023-09-21 21:54:19','2023-09-21 21:54:19'),
(1180,'2',6,102,'2023-09-21 21:54:19','2023-09-21 21:54:19'),
(1181,'2',7,102,'2023-09-21 21:54:19','2023-09-21 21:54:19'),
(1182,'2',8,102,'2023-09-21 21:54:19','2023-09-21 21:54:19'),
(1183,'2',9,102,'2023-09-21 21:54:19','2023-09-21 21:54:19'),
(1184,'2',10,102,'2023-09-21 21:54:19','2023-09-21 21:54:19'),
(1185,'2',11,102,'2023-09-21 21:54:19','2023-09-21 21:54:19'),
(1186,'2',12,102,'2023-09-21 21:54:19','2023-09-21 21:54:19'),
(1187,'Vehculos.',2,103,'2023-09-21 21:54:19','2023-09-21 21:54:19'),
(1188,'2',3,103,'2023-09-21 21:54:19','2023-09-21 21:54:19'),
(1189,'3',4,103,'2023-09-21 21:54:19','2023-09-21 21:54:19'),
(1190,'3',5,103,'2023-09-21 21:54:19','2023-09-21 21:54:19'),
(1191,'4',6,103,'2023-09-21 21:54:19','2023-09-21 21:54:19'),
(1192,'2',7,103,'2023-09-21 21:54:19','2023-09-21 21:54:19'),
(1193,'2',8,103,'2023-09-21 21:54:19','2023-09-21 21:54:19'),
(1194,'2',9,103,'2023-09-21 21:54:19','2023-09-21 21:54:19'),
(1195,'2',10,103,'2023-09-21 21:54:19','2023-09-21 21:54:19'),
(1196,'5',11,103,'2023-09-21 21:54:19','2023-09-21 21:54:19'),
(1197,'4',12,103,'2023-09-21 21:54:19','2023-09-21 21:54:19'),
(1198,'Infraestructura.',2,104,'2023-09-21 21:54:19','2023-09-21 21:54:19'),
(1199,'2',3,104,'2023-09-21 21:54:19','2023-09-21 21:54:19'),
(1200,'1',4,104,'2023-09-21 21:54:19','2023-09-21 21:54:19'),
(1201,'2',5,104,'2023-09-21 21:54:19','2023-09-21 21:54:19'),
(1202,'4',6,104,'2023-09-21 21:54:19','2023-09-21 21:54:19'),
(1203,'4',7,104,'2023-09-21 21:54:19','2023-09-21 21:54:19'),
(1204,'4',8,104,'2023-09-21 21:54:19','2023-09-21 21:54:19'),
(1205,'4',9,104,'2023-09-21 21:54:19','2023-09-21 21:54:19'),
(1206,'4',10,104,'2023-09-21 21:54:19','2023-09-21 21:54:19'),
(1207,'4',11,104,'2023-09-21 21:54:19','2023-09-21 21:54:19'),
(1208,'4',12,104,'2023-09-21 21:54:19','2023-09-21 21:54:19'),
(1209,'Infraestructura.',2,105,'2023-09-21 21:54:19','2023-09-21 21:54:19'),
(1210,'2',3,105,'2023-09-21 21:54:19','2023-09-21 21:54:19'),
(1211,'5',4,105,'2023-09-21 21:54:19','2023-09-21 21:54:19'),
(1212,'4',5,105,'2023-09-21 21:54:19','2023-09-21 21:54:19'),
(1213,'5',6,105,'2023-09-21 21:54:19','2023-09-21 21:54:19'),
(1214,'3',7,105,'2023-09-21 21:54:19','2023-09-21 21:54:19'),
(1215,'2',8,105,'2023-09-21 21:54:19','2023-09-21 21:54:19'),
(1216,'3',9,105,'2023-09-21 21:54:19','2023-09-21 21:54:19'),
(1217,'2',10,105,'2023-09-21 21:54:19','2023-09-21 21:54:19'),
(1218,'3',11,105,'2023-09-21 21:54:19','2023-09-21 21:54:19'),
(1219,'4',12,105,'2023-09-21 21:54:19','2023-09-21 21:54:19'),
(1220,'4',13,105,'2023-09-21 21:54:19','2023-09-21 21:54:19'),
(1221,'Comportamiento.',2,106,'2023-09-21 21:54:19','2023-09-21 21:54:19'),
(1222,'3',3,106,'2023-09-21 21:54:19','2023-09-21 21:54:19'),
(1223,'4',4,106,'2023-09-21 21:54:19','2023-09-21 21:54:19'),
(1224,'5',5,106,'2023-09-21 21:54:19','2023-09-21 21:54:19'),
(1225,'4',6,106,'2023-09-21 21:54:19','2023-09-21 21:54:19'),
(1226,'3',7,106,'2023-09-21 21:54:19','2023-09-21 21:54:19'),
(1227,'3',8,106,'2023-09-21 21:54:19','2023-09-21 21:54:19'),
(1228,'4',9,106,'2023-09-21 21:54:19','2023-09-21 21:54:19'),
(1229,'4',10,106,'2023-09-21 21:54:19','2023-09-21 21:54:19'),
(1230,'3',11,106,'2023-09-21 21:54:19','2023-09-21 21:54:19'),
(1231,'2',12,106,'2023-09-21 21:54:19','2023-09-21 21:54:19'),
(1232,'3',13,106,'2023-09-21 21:54:19','2023-09-21 21:54:19'),
(1233,'Atencin a vctimas.',2,107,'2023-09-21 21:54:19','2023-09-21 21:54:19'),
(1234,'1',3,107,'2023-09-21 21:54:19','2023-09-21 21:54:19'),
(1235,'5',4,107,'2023-09-21 21:54:19','2023-09-21 21:54:19'),
(1236,'4',5,107,'2023-09-21 21:54:19','2023-09-21 21:54:19'),
(1237,'3',6,107,'2023-09-21 21:54:19','2023-09-21 21:54:19'),
(1238,'2',7,107,'2023-09-21 21:54:19','2023-09-21 21:54:19'),
(1239,'4',8,107,'2023-09-21 21:54:19','2023-09-21 21:54:19'),
(1240,'3',9,107,'2023-09-21 21:54:19','2023-09-21 21:54:19'),
(1241,'4',10,107,'2023-09-21 21:54:19','2023-09-21 21:54:19'),
(1242,'4',11,107,'2023-09-21 21:54:19','2023-09-21 21:54:19'),
(1243,'3',12,107,'2023-09-21 21:54:19','2023-09-21 21:54:19'),
(1244,'3',13,107,'2023-09-21 21:54:19','2023-09-21 21:54:19'),
(1245,'Vehculos.',2,108,'2023-09-21 21:54:19','2023-09-21 21:54:19'),
(1246,'3',3,108,'2023-09-21 21:54:19','2023-09-21 21:54:19'),
(1247,'5',4,108,'2023-09-21 21:54:19','2023-09-21 21:54:19'),
(1248,'4',5,108,'2023-09-21 21:54:19','2023-09-21 21:54:19'),
(1249,'3',6,108,'2023-09-21 21:54:19','2023-09-21 21:54:19'),
(1250,'2',7,108,'2023-09-21 21:54:19','2023-09-21 21:54:19'),
(1251,'3',8,108,'2023-09-21 21:54:19','2023-09-21 21:54:19'),
(1252,'4',9,108,'2023-09-21 21:54:19','2023-09-21 21:54:19'),
(1253,'4',10,108,'2023-09-21 21:54:19','2023-09-21 21:54:19'),
(1254,'5',11,108,'2023-09-21 21:54:19','2023-09-21 21:54:19'),
(1255,'2',12,108,'2023-09-21 21:54:19','2023-09-21 21:54:19'),
(1256,'4',13,108,'2023-09-21 21:54:19','2023-09-21 21:54:19'),
(1257,'Atencin a vctimas.',2,109,'2023-09-21 21:54:19','2023-09-21 21:54:19'),
(1258,'2',3,109,'2023-09-21 21:54:19','2023-09-21 21:54:19'),
(1259,'5',4,109,'2023-09-21 21:54:19','2023-09-21 21:54:19'),
(1260,'5',5,109,'2023-09-21 21:54:19','2023-09-21 21:54:19'),
(1261,'3',6,109,'2023-09-21 21:54:19','2023-09-21 21:54:19'),
(1262,'3',7,109,'2023-09-21 21:54:19','2023-09-21 21:54:19'),
(1263,'2',8,109,'2023-09-21 21:54:19','2023-09-21 21:54:19'),
(1264,'1',9,109,'2023-09-21 21:54:19','2023-09-21 21:54:19'),
(1265,'5',10,109,'2023-09-21 21:54:19','2023-09-21 21:54:19'),
(1266,'3',11,109,'2023-09-21 21:54:19','2023-09-21 21:54:19'),
(1267,'5',12,109,'2023-09-21 21:54:19','2023-09-21 21:54:19'),
(1268,'5',13,109,'2023-09-21 21:54:19','2023-09-21 21:54:19'),
(1269,'Comportamiento.',2,110,'2023-09-21 21:54:19','2023-09-21 21:54:19'),
(1270,'2',3,110,'2023-09-21 21:54:19','2023-09-21 21:54:19'),
(1271,'5',4,110,'2023-09-21 21:54:19','2023-09-21 21:54:19'),
(1272,'4',5,110,'2023-09-21 21:54:19','2023-09-21 21:54:19'),
(1273,'3',6,110,'2023-09-21 21:54:19','2023-09-21 21:54:19'),
(1274,'2',7,110,'2023-09-21 21:54:19','2023-09-21 21:54:19'),
(1275,'1',8,110,'2023-09-21 21:54:19','2023-09-21 21:54:19'),
(1276,'2',9,110,'2023-09-21 21:54:19','2023-09-21 21:54:19'),
(1277,'3',10,110,'2023-09-21 21:54:19','2023-09-21 21:54:19'),
(1278,'4',11,110,'2023-09-21 21:54:19','2023-09-21 21:54:19'),
(1279,'5',12,110,'2023-09-21 21:54:19','2023-09-21 21:54:19'),
(1280,'2',13,110,'2023-09-21 21:54:19','2023-09-21 21:54:19'),
(1281,'Atencin a vctimas.',2,111,'2023-09-21 21:54:19','2023-09-21 21:54:19'),
(1282,'1',3,111,'2023-09-21 21:54:19','2023-09-21 21:54:19'),
(1283,'4',4,111,'2023-09-21 21:54:19','2023-09-21 21:54:19'),
(1284,'4',5,111,'2023-09-21 21:54:19','2023-09-21 21:54:19'),
(1285,'4',6,111,'2023-09-21 21:54:19','2023-09-21 21:54:19'),
(1286,'3',7,111,'2023-09-21 21:54:19','2023-09-21 21:54:19'),
(1287,'4',8,111,'2023-09-21 21:54:19','2023-09-21 21:54:19'),
(1288,'3',9,111,'2023-09-21 21:54:19','2023-09-21 21:54:19'),
(1289,'2',10,111,'2023-09-21 21:54:19','2023-09-21 21:54:19'),
(1290,'3',11,111,'2023-09-21 21:54:19','2023-09-21 21:54:19'),
(1291,'3',12,111,'2023-09-21 21:54:19','2023-09-21 21:54:19'),
(1292,'3',13,111,'2023-09-21 21:54:19','2023-09-21 21:54:19'),
(1293,'Movilidad sostenible y activa',2,112,'2023-09-21 21:54:19','2023-09-21 21:54:19'),
(1294,'3',3,112,'2023-09-21 21:54:19','2023-09-21 21:54:19'),
(1295,'5',4,112,'2023-09-21 21:54:19','2023-09-21 21:54:19'),
(1296,'5',5,112,'2023-09-21 21:54:19','2023-09-21 21:54:19'),
(1297,'5',6,112,'2023-09-21 21:54:19','2023-09-21 21:54:19'),
(1298,'5',7,112,'2023-09-21 21:54:19','2023-09-21 21:54:19'),
(1299,'5',8,112,'2023-09-21 21:54:19','2023-09-21 21:54:19'),
(1300,'5',9,112,'2023-09-21 21:54:19','2023-09-21 21:54:19'),
(1301,'5',10,112,'2023-09-21 21:54:19','2023-09-21 21:54:19'),
(1302,'5',11,112,'2023-09-21 21:54:19','2023-09-21 21:54:19'),
(1303,'5',12,112,'2023-09-21 21:54:19','2023-09-21 21:54:19'),
(1304,'2',13,112,'2023-09-21 21:54:19','2023-09-21 21:54:19');
/*!40000 ALTER TABLE `pme_classification_situations_response` ENABLE KEYS */;
UNLOCK TABLES;

--
-- Table structure for table `pme_institution_year`
--

DROP TABLE IF EXISTS `pme_institution_year`;
/*!40101 SET @saved_cs_client     = @@character_set_client */;
/*!40101 SET character_set_client = utf8 */;
CREATE TABLE `pme_institution_year` (
  `pmeinsyea_id` bigint unsigned NOT NULL AUTO_INCREMENT,
  `schyea_id` int NOT NULL,
  `institution_id` int DEFAULT NULL,
  `town_id` int DEFAULT NULL,
  `date_creation` timestamp NOT NULL DEFAULT CURRENT_TIMESTAMP,
  `date_modification` timestamp NOT NULL DEFAULT CURRENT_TIMESTAMP,
  PRIMARY KEY (`pmeinsyea_id`),
  UNIQUE KEY `pmeinsyea_id` (`pmeinsyea_id`),
  KEY `schyea_id` (`schyea_id`),
  KEY `institution_id` (`institution_id`),
  KEY `town_id` (`town_id`),
  CONSTRAINT `pme_institution_year_ibfk_1` FOREIGN KEY (`schyea_id`) REFERENCES `school_year` (`schyea_id`),
  CONSTRAINT `pme_institution_year_ibfk_2` FOREIGN KEY (`institution_id`) REFERENCES `institution` (`institution_id`),
  CONSTRAINT `pme_institution_year_ibfk_3` FOREIGN KEY (`town_id`) REFERENCES `town` (`town_id`)
) ENGINE=InnoDB AUTO_INCREMENT=17 DEFAULT CHARSET=utf8mb3;
/*!40101 SET character_set_client = @saved_cs_client */;

--
-- Dumping data for table `pme_institution_year`
--

LOCK TABLES `pme_institution_year` WRITE;
/*!40000 ALTER TABLE `pme_institution_year` DISABLE KEYS */;
INSERT INTO `pme_institution_year` VALUES
(1,2,18,14,'2023-09-20 14:05:03','2023-09-20 14:05:03'),
(2,2,87,12,'2023-09-20 14:05:04','2023-09-20 14:05:04'),
(3,2,147,32,'2023-09-20 14:05:05','2023-09-20 14:05:05'),
(4,2,110,23,'2023-09-20 14:05:06','2023-09-20 14:05:06'),
(5,2,79,8,'2023-09-20 14:05:09','2023-09-20 14:05:09'),
(6,2,38,23,'2023-09-20 14:05:10','2023-09-20 14:05:10'),
(7,2,80,1,'2023-09-20 14:05:12','2023-09-20 14:05:12'),
(8,2,45,5,'2023-09-20 14:05:14','2023-09-20 14:05:14'),
(9,1,18,14,'2023-09-21 21:54:08','2023-09-21 21:54:08'),
(10,1,87,12,'2023-09-21 21:54:10','2023-09-21 21:54:10'),
(11,1,147,32,'2023-09-21 21:54:10','2023-09-21 21:54:10'),
(12,1,110,23,'2023-09-21 21:54:11','2023-09-21 21:54:11'),
(13,1,79,8,'2023-09-21 21:54:14','2023-09-21 21:54:14'),
(14,1,38,23,'2023-09-21 21:54:15','2023-09-21 21:54:15'),
(15,1,80,1,'2023-09-21 21:54:16','2023-09-21 21:54:16'),
(16,1,45,5,'2023-09-21 21:54:18','2023-09-21 21:54:18');
/*!40000 ALTER TABLE `pme_institution_year` ENABLE KEYS */;
UNLOCK TABLES;

--
-- Table structure for table `pme_options`
--

DROP TABLE IF EXISTS `pme_options`;
/*!40101 SET @saved_cs_client     = @@character_set_client */;
/*!40101 SET character_set_client = utf8 */;
CREATE TABLE `pme_options` (
  `pmeopt_id` bigint unsigned NOT NULL AUTO_INCREMENT,
  `name` varchar(255) NOT NULL,
  `date_creation` timestamp NOT NULL DEFAULT CURRENT_TIMESTAMP,
  `date_modification` timestamp NOT NULL DEFAULT CURRENT_TIMESTAMP,
  PRIMARY KEY (`pmeopt_id`),
  UNIQUE KEY `pmeopt_id` (`pmeopt_id`),
  UNIQUE KEY `name` (`name`)
) ENGINE=InnoDB AUTO_INCREMENT=14 DEFAULT CHARSET=utf8mb3;
/*!40101 SET character_set_client = @saved_cs_client */;

--
-- Dumping data for table `pme_options`
--

LOCK TABLES `pme_options` WRITE;
/*!40000 ALTER TABLE `pme_options` DISABLE KEYS */;
INSERT INTO `pme_options` VALUES
(1,'1. A continuacin, selecciona una de las situaciones de riesgo obtenida por la encuesta, entorno y cartografa.','2023-09-08 15:39:08','2023-09-08 15:39:08'),
(2,'2. Clasificacin de la situacin de riesgo ','2023-09-08 15:39:59','2023-09-08 15:39:59'),
(3,'3. Frecuencia o exposicin al riesgo.','2023-09-08 15:39:59','2023-09-08 15:39:59'),
(4,'Calificacin de las consecuencias por cada actor vial de la institucin educativa. [Peatn.]','2023-09-08 15:39:59','2023-09-08 15:39:59'),
(5,'Calificacin de las consecuencias por cada actor vial de la institucin educativa. [Ciclista (incluye patines, patineta, monopatn).]','2023-09-08 15:39:59','2023-09-08 15:39:59'),
(6,'Calificacin de las consecuencias por cada actor vial de la institucin educativa. [Pasajero de vehculo particular.]','2023-09-08 15:39:59','2023-09-08 15:39:59'),
(7,'Calificacin de las consecuencias por cada actor vial de la institucin educativa. [Pasajero de bus de servicio pblico.]','2023-09-08 15:39:59','2023-09-08 15:39:59'),
(8,'Calificacin de las consecuencias por cada actor vial de la institucin educativa. [Pasajero de ruta escolar reconocida.]','2023-09-08 15:39:59','2023-09-08 15:39:59'),
(9,'Calificacin de las consecuencias por cada actor vial de la institucin educativa. [Pasajero de ruta escolar no reconocida.]','2023-09-08 15:39:59','2023-09-08 15:39:59'),
(10,'Calificacin de las consecuencias por cada actor vial de la institucin educativa. [Usuario de modos no convencionales]','2023-09-08 15:39:59','2023-09-08 15:39:59'),
(11,'Calificacin de las consecuencias por cada actor vial de la institucin educativa. [Acompaante de moto.]','2023-09-08 15:39:59','2023-09-08 15:39:59'),
(12,'Calificacin de las consecuencias por cada actor vial de la institucin educativa. [Conductor de vehculo particular.]','2023-09-08 15:39:59','2023-09-08 15:39:59'),
(13,'Calificacin de las consecuencias por cada actor vial de la institucin educativa. [Conductor de moto]','2023-09-08 15:39:59','2023-09-08 15:39:59');
/*!40000 ALTER TABLE `pme_options` ENABLE KEYS */;
UNLOCK TABLES;

--
-- Table structure for table `pme_situations_response`
--

DROP TABLE IF EXISTS `pme_situations_response`;
/*!40101 SET @saved_cs_client     = @@character_set_client */;
/*!40101 SET character_set_client = utf8 */;
CREATE TABLE `pme_situations_response` (
  `pmesitres_id` bigint unsigned NOT NULL AUTO_INCREMENT,
  `value` varchar(400) DEFAULT NULL,
  `pmeinsyea_id` int DEFAULT NULL,
  `date_creation` timestamp NOT NULL DEFAULT CURRENT_TIMESTAMP,
  `date_modification` timestamp NOT NULL DEFAULT CURRENT_TIMESTAMP,
  PRIMARY KEY (`pmesitres_id`),
  UNIQUE KEY `pmesitres_id` (`pmesitres_id`)
) ENGINE=InnoDB AUTO_INCREMENT=113 DEFAULT CHARSET=utf8mb3;
/*!40101 SET character_set_client = @saved_cs_client */;

--
-- Dumping data for table `pme_situations_response`
--

LOCK TABLES `pme_situations_response` WRITE;
/*!40000 ALTER TABLE `pme_situations_response` DISABLE KEYS */;
INSERT INTO `pme_situations_response` VALUES
(1,'Conflicto entre peatones y vehculos.',1,'2023-09-20 14:05:03','2023-09-20 14:05:03'),
(2,'Uso inadecuado de bicicletas (Sobrecupo, exposicin al trfico, piques).',1,'2023-09-20 14:05:03','2023-09-20 14:05:03'),
(3,'Accidente de trnsito en ruta escolar.',1,'2023-09-20 14:05:03','2023-09-20 14:05:03'),
(4,'Sealizacin insuficiente de zona escolar tanto vertical como horizontal.',1,'2023-09-20 14:05:03','2023-09-20 14:05:03'),
(5,'Conflicto entre peatones y vehculos.',1,'2023-09-20 14:05:04','2023-09-20 14:05:04'),
(6,'Sealizacin insuficiente de zona escolar tanto vertical como horizontal.',1,'2023-09-20 14:05:04','2023-09-20 14:05:04'),
(7,'Transportarse en motos sin los implementos de seguridad.',1,'2023-09-20 14:05:04','2023-09-20 14:05:04'),
(8,'Conflicto entre conductores de los diferentes vehculos.',1,'2023-09-20 14:05:04','2023-09-20 14:05:04'),
(9,'Falta de cultura vial.',2,'2023-09-20 14:05:05','2023-09-20 14:05:05'),
(10,'Ausencia de paraderos.',2,'2023-09-20 14:05:05','2023-09-20 14:05:05'),
(11,'Transportarse en bicicleta sin los implementos de seguridad.',2,'2023-09-20 14:05:05','2023-09-20 14:05:05'),
(12,'Falta de educacin vial.',2,'2023-09-20 14:05:05','2023-09-20 14:05:05'),
(13,'Falta de educacin vial.',3,'2023-09-20 14:05:06','2023-09-20 14:05:06'),
(14,'La mayora de los estudiantes que usan motos no tienen los papeles en regla.',3,'2023-09-20 14:05:06','2023-09-20 14:05:06'),
(15,'Uso inadecuado de motos (piques, sobrecupo).',3,'2023-09-20 14:05:06','2023-09-20 14:05:06'),
(16,'Daos en la infraestructura interna de la IE.',3,'2023-09-20 14:05:06','2023-09-20 14:05:06'),
(17,'La mayora de los estudiantes llegan en bicicletas.',4,'2023-09-20 14:05:07','2023-09-20 14:05:07'),
(18,'La mayora de los estudiantes llegan acompaados de un familiar.',4,'2023-09-20 14:05:07','2023-09-20 14:05:07'),
(19,'Daos en la infraestructura interna de la IE.',4,'2023-09-20 14:05:07','2023-09-20 14:05:07'),
(20,'Falta de educacin vial.',4,'2023-09-20 14:05:07','2023-09-20 14:05:07'),
(21,'Conflicto entre conductores de los diferentes vehculos.',1,'2023-09-20 14:05:07','2023-09-20 14:05:07'),
(22,'Falta de cultura vial.',1,'2023-09-20 14:05:07','2023-09-20 14:05:07'),
(23,'Infraestructura vial en malas condiciones (vas sin pavimentacin o con huecos).',1,'2023-09-20 14:05:08','2023-09-20 14:05:08'),
(24,'Uso inadecuado de motos (piques, sobrecupo).',1,'2023-09-20 14:05:08','2023-09-20 14:05:08'),
(25,'Adecuacin de infraestructura insuficiente para personas con discapacidad.',4,'2023-09-20 14:05:08','2023-09-20 14:05:08'),
(26,'Uso inadecuado de los andenes (vendedores ambulantes, basuras, vehculos, etc.).',4,'2023-09-20 14:05:08','2023-09-20 14:05:08'),
(27,'Transportarse en bicicleta sin los implementos de seguridad.',4,'2023-09-20 14:05:08','2023-09-20 14:05:08'),
(28,'Sealizacin insuficiente de zona escolar tanto vertical como horizontal.',4,'2023-09-20 14:05:09','2023-09-20 14:05:09'),
(29,'Ausencia de transporte de servicio pblico.',5,'2023-09-20 14:05:09','2023-09-20 14:05:09'),
(30,'Daos en la infraestructura externa de la IE.',5,'2023-09-20 14:05:09','2023-09-20 14:05:09'),
(31,'Uso inadecuado de motos (piques, sobrecupo).',5,'2023-09-20 14:05:09','2023-09-20 14:05:09'),
(32,'Conflicto entre peatones y vehculos.',5,'2023-09-20 14:05:09','2023-09-20 14:05:09'),
(33,'Ausencia de transporte de servicio pblico.',6,'2023-09-20 14:05:10','2023-09-20 14:05:10'),
(34,'Falta de cultura vial.',6,'2023-09-20 14:05:10','2023-09-20 14:05:10'),
(35,'Ausencia de paraderos.',6,'2023-09-20 14:05:10','2023-09-20 14:05:10'),
(36,'Sealizacin insuficiente de zona escolar tanto vertical como horizontal.',6,'2023-09-20 14:05:10','2023-09-20 14:05:10'),
(37,'Infraestructura vial en malas condiciones (vas sin pavimentacin o con huecos).',6,'2023-09-20 14:05:11','2023-09-20 14:05:11'),
(38,'Transportarse en bicicleta sin los implementos de seguridad.',6,'2023-09-20 14:05:11','2023-09-20 14:05:11'),
(39,'Falta de cultura vial.',6,'2023-09-20 14:05:11','2023-09-20 14:05:11'),
(40,'Uso inadecuado de motos (piques, sobrecupo).',6,'2023-09-20 14:05:11','2023-09-20 14:05:11'),
(41,'Falta de cultura vial.',7,'2023-09-20 14:05:12','2023-09-20 14:05:12'),
(42,'Uso inadecuado de motos (piques, sobrecupo).',7,'2023-09-20 14:05:12','2023-09-20 14:05:12'),
(43,'Infraestructura vial en malas condiciones (vas sin pavimentacin o con huecos).',7,'2023-09-20 14:05:12','2023-09-20 14:05:12'),
(44,'Ausencia de transporte de servicio pblico.',7,'2023-09-20 14:05:12','2023-09-20 14:05:12'),
(45,'Conflicto entre conductores de los diferentes vehculos.',7,'2023-09-20 14:05:13','2023-09-20 14:05:13'),
(46,'Uso inadecuado de los andenes (vendedores ambulantes, basuras, vehculos, etc.).',7,'2023-09-20 14:05:13','2023-09-20 14:05:13'),
(47,'Accidentes de trnsito en moto con lesiones.',7,'2023-09-20 14:05:13','2023-09-20 14:05:13'),
(48,'Infraestructura vial en malas condiciones (vas sin pavimentacin o con huecos).',7,'2023-09-20 14:05:13','2023-09-20 14:05:13'),
(49,'La mayora de los estudiantes llegan en bicicletas.',8,'2023-09-20 14:05:14','2023-09-20 14:05:14'),
(50,'Transportarse en bicicleta sin los implementos de seguridad.',8,'2023-09-20 14:05:14','2023-09-20 14:05:14'),
(51,'Transportarse en bicicleta sin los implementos de seguridad.',8,'2023-09-20 14:05:14','2023-09-20 14:05:14'),
(52,'Daos en la infraestructura interna de la IE.',8,'2023-09-20 14:05:14','2023-09-20 14:05:14'),
(53,'Transportarse en bicicleta sin los implementos de seguridad.',3,'2023-09-20 14:05:15','2023-09-20 14:05:15'),
(54,'Sealizacin insuficiente de zona escolar tanto vertical como horizontal.',3,'2023-09-20 14:05:15','2023-09-20 14:05:15'),
(55,'Transportarse en bicicleta sin los implementos de seguridad.',3,'2023-09-20 14:05:15','2023-09-20 14:05:15'),
(56,'Uso inadecuado de los andenes (vendedores ambulantes, basuras, vehculos, etc.).',3,'2023-09-20 14:05:15','2023-09-20 14:05:15'),
(57,'Conflicto entre peatones y vehculos.',9,'2023-09-21 21:54:08','2023-09-21 21:54:08'),
(58,'Uso inadecuado de bicicletas (Sobrecupo, exposicin al trfico, piques).',9,'2023-09-21 21:54:08','2023-09-21 21:54:08'),
(59,'Accidente de trnsito en ruta escolar.',9,'2023-09-21 21:54:08','2023-09-21 21:54:08'),
(60,'Sealizacin insuficiente de zona escolar tanto vertical como horizontal.',9,'2023-09-21 21:54:08','2023-09-21 21:54:08'),
(61,'Conflicto entre peatones y vehculos.',9,'2023-09-21 21:54:09','2023-09-21 21:54:09'),
(62,'Sealizacin insuficiente de zona escolar tanto vertical como horizontal.',9,'2023-09-21 21:54:09','2023-09-21 21:54:09'),
(63,'Transportarse en motos sin los implementos de seguridad.',9,'2023-09-21 21:54:09','2023-09-21 21:54:09'),
(64,'Conflicto entre conductores de los diferentes vehculos.',9,'2023-09-21 21:54:09','2023-09-21 21:54:09'),
(65,'Falta de cultura vial.',10,'2023-09-21 21:54:10','2023-09-21 21:54:10'),
(66,'Ausencia de paraderos.',10,'2023-09-21 21:54:10','2023-09-21 21:54:10'),
(67,'Transportarse en bicicleta sin los implementos de seguridad.',10,'2023-09-21 21:54:10','2023-09-21 21:54:10'),
(68,'Falta de educacin vial.',10,'2023-09-21 21:54:10','2023-09-21 21:54:10'),
(69,'Falta de educacin vial.',11,'2023-09-21 21:54:11','2023-09-21 21:54:11'),
(70,'La mayora de los estudiantes que usan motos no tienen los papeles en regla.',11,'2023-09-21 21:54:11','2023-09-21 21:54:11'),
(71,'Uso inadecuado de motos (piques, sobrecupo).',11,'2023-09-21 21:54:11','2023-09-21 21:54:11'),
(72,'Daos en la infraestructura interna de la IE.',11,'2023-09-21 21:54:11','2023-09-21 21:54:11'),
(73,'La mayora de los estudiantes llegan en bicicletas.',12,'2023-09-21 21:54:12','2023-09-21 21:54:12'),
(74,'La mayora de los estudiantes llegan acompaados de un familiar.',12,'2023-09-21 21:54:12','2023-09-21 21:54:12'),
(75,'Daos en la infraestructura interna de la IE.',12,'2023-09-21 21:54:12','2023-09-21 21:54:12'),
(76,'Falta de educacin vial.',12,'2023-09-21 21:54:12','2023-09-21 21:54:12'),
(77,'Conflicto entre conductores de los diferentes vehculos.',9,'2023-09-21 21:54:12','2023-09-21 21:54:12'),
(78,'Falta de cultura vial.',9,'2023-09-21 21:54:12','2023-09-21 21:54:12'),
(79,'Infraestructura vial en malas condiciones (vas sin pavimentacin o con huecos).',9,'2023-09-21 21:54:12','2023-09-21 21:54:12'),
(80,'Uso inadecuado de motos (piques, sobrecupo).',9,'2023-09-21 21:54:13','2023-09-21 21:54:13'),
(81,'Adecuacin de infraestructura insuficiente para personas con discapacidad.',12,'2023-09-21 21:54:13','2023-09-21 21:54:13'),
(82,'Uso inadecuado de los andenes (vendedores ambulantes, basuras, vehculos, etc.).',12,'2023-09-21 21:54:13','2023-09-21 21:54:13'),
(83,'Transportarse en bicicleta sin los implementos de seguridad.',12,'2023-09-21 21:54:13','2023-09-21 21:54:13'),
(84,'Sealizacin insuficiente de zona escolar tanto vertical como horizontal.',12,'2023-09-21 21:54:13','2023-09-21 21:54:13'),
(85,'Ausencia de transporte de servicio pblico.',13,'2023-09-21 21:54:14','2023-09-21 21:54:14'),
(86,'Daos en la infraestructura externa de la IE.',13,'2023-09-21 21:54:14','2023-09-21 21:54:14'),
(87,'Uso inadecuado de motos (piques, sobrecupo).',13,'2023-09-21 21:54:14','2023-09-21 21:54:14'),
(88,'Conflicto entre peatones y vehculos.',13,'2023-09-21 21:54:14','2023-09-21 21:54:14'),
(89,'Ausencia de transporte de servicio pblico.',14,'2023-09-21 21:54:15','2023-09-21 21:54:15'),
(90,'Falta de cultura vial.',14,'2023-09-21 21:54:15','2023-09-21 21:54:15'),
(91,'Ausencia de paraderos.',14,'2023-09-21 21:54:15','2023-09-21 21:54:15'),
(92,'Sealizacin insuficiente de zona escolar tanto vertical como horizontal.',14,'2023-09-21 21:54:15','2023-09-21 21:54:15'),
(93,'Infraestructura vial en malas condiciones (vas sin pavimentacin o con huecos).',14,'2023-09-21 21:54:16','2023-09-21 21:54:16'),
(94,'Transportarse en bicicleta sin los implementos de seguridad.',14,'2023-09-21 21:54:16','2023-09-21 21:54:16'),
(95,'Falta de cultura vial.',14,'2023-09-21 21:54:16','2023-09-21 21:54:16'),
(96,'Uso inadecuado de motos (piques, sobrecupo).',14,'2023-09-21 21:54:16','2023-09-21 21:54:16'),
(97,'Falta de cultura vial.',15,'2023-09-21 21:54:16','2023-09-21 21:54:16'),
(98,'Uso inadecuado de motos (piques, sobrecupo).',15,'2023-09-21 21:54:16','2023-09-21 21:54:16'),
(99,'Infraestructura vial en malas condiciones (vas sin pavimentacin o con huecos).',15,'2023-09-21 21:54:17','2023-09-21 21:54:17'),
(100,'Ausencia de transporte de servicio pblico.',15,'2023-09-21 21:54:17','2023-09-21 21:54:17'),
(101,'Conflicto entre conductores de los diferentes vehculos.',15,'2023-09-21 21:54:17','2023-09-21 21:54:17'),
(102,'Uso inadecuado de los andenes (vendedores ambulantes, basuras, vehculos, etc.).',15,'2023-09-21 21:54:17','2023-09-21 21:54:17'),
(103,'Accidentes de trnsito en moto con lesiones.',15,'2023-09-21 21:54:17','2023-09-21 21:54:17'),
(104,'Infraestructura vial en malas condiciones (vas sin pavimentacin o con huecos).',15,'2023-09-21 21:54:17','2023-09-21 21:54:17'),
(105,'La mayora de los estudiantes llegan en bicicletas.',16,'2023-09-21 21:54:18','2023-09-21 21:54:18'),
(106,'Transportarse en bicicleta sin los implementos de seguridad.',16,'2023-09-21 21:54:18','2023-09-21 21:54:18'),
(107,'Transportarse en bicicleta sin los implementos de seguridad.',16,'2023-09-21 21:54:18','2023-09-21 21:54:18'),
(108,'Daos en la infraestructura interna de la IE.',16,'2023-09-21 21:54:18','2023-09-21 21:54:18'),
(109,'Transportarse en bicicleta sin los implementos de seguridad.',11,'2023-09-21 21:54:19','2023-09-21 21:54:19'),
(110,'Sealizacin insuficiente de zona escolar tanto vertical como horizontal.',11,'2023-09-21 21:54:19','2023-09-21 21:54:19'),
(111,'Transportarse en bicicleta sin los implementos de seguridad.',11,'2023-09-21 21:54:19','2023-09-21 21:54:19'),
(112,'Uso inadecuado de los andenes (vendedores ambulantes, basuras, vehculos, etc.).',11,'2023-09-21 21:54:19','2023-09-21 21:54:19');
/*!40000 ALTER TABLE `pme_situations_response` ENABLE KEYS */;
UNLOCK TABLES;

--
-- Table structure for table `qualification`
--

DROP TABLE IF EXISTS `qualification`;
/*!40101 SET @saved_cs_client     = @@character_set_client */;
/*!40101 SET character_set_client = utf8 */;
CREATE TABLE `qualification` (
  `qualification_id` int NOT NULL AUTO_INCREMENT,
  `name` varchar(255) NOT NULL,
  `start_range` double NOT NULL,
  `end_range` double NOT NULL,
  `date_creation` datetime NOT NULL DEFAULT CURRENT_TIMESTAMP,
  `date_modification` datetime NOT NULL DEFAULT CURRENT_TIMESTAMP,
  `date_delete` datetime DEFAULT NULL,
  PRIMARY KEY (`qualification_id`),
  UNIQUE KEY `name` (`name`)
) ENGINE=InnoDB AUTO_INCREMENT=5 DEFAULT CHARSET=utf8mb4 COLLATE=utf8mb4_0900_ai_ci;
/*!40101 SET character_set_client = @saved_cs_client */;

--
-- Dumping data for table `qualification`
--

LOCK TABLES `qualification` WRITE;
/*!40000 ALTER TABLE `qualification` DISABLE KEYS */;
INSERT INTO `qualification` VALUES
(1,'BAJO',0,33.3,'2022-10-01 03:42:39','2022-10-01 03:42:39',NULL),
(2,'BSICO',33.4,66.6,'2022-10-01 03:44:18','2022-10-01 03:44:18',NULL),
(3,'ALTO',66.7,100,'2022-10-01 03:44:18','2022-10-01 03:44:18',NULL);
/*!40000 ALTER TABLE `qualification` ENABLE KEYS */;
UNLOCK TABLES;

--
-- Table structure for table `recommendation`
--

DROP TABLE IF EXISTS `recommendation`;
/*!40101 SET @saved_cs_client     = @@character_set_client */;
/*!40101 SET character_set_client = utf8 */;
CREATE TABLE `recommendation` (
  `recommendation_id` int NOT NULL AUTO_INCREMENT,
  `title` varchar(255) DEFAULT NULL,
  `description` varchar(800) CHARACTER SET utf8mb4 COLLATE utf8mb4_0900_ai_ci NOT NULL,
  `qualification_id` int NOT NULL,
  `attribute_id` int DEFAULT NULL,
  `leaoutqua_id` int DEFAULT NULL COMMENT 'Exclusivamente para este proyecto la columna queda sin uso y en su lugar se hace uso de minleaoutqua_id para especificar el minijuego',
  `minleaoutqua_id` int DEFAULT NULL,
  `grade_id` int DEFAULT NULL,
  `date_creation` datetime NOT NULL DEFAULT CURRENT_TIMESTAMP,
  `date_modification` datetime NOT NULL DEFAULT CURRENT_TIMESTAMP,
  `date_delete` datetime DEFAULT NULL,
  `type` enum('recommendation','performance') NOT NULL,
  PRIMARY KEY (`recommendation_id`),
  KEY `qualification_id` (`qualification_id`),
  KEY `attribute_id` (`attribute_id`),
  KEY `leaoutqua_id` (`leaoutqua_id`),
  KEY `grade_id` (`grade_id`),
  KEY `recommendation_ibfk_5` (`minleaoutqua_id`),
  CONSTRAINT `recommendation_ibfk_1` FOREIGN KEY (`qualification_id`) REFERENCES `qualification` (`qualification_id`),
  CONSTRAINT `recommendation_ibfk_2` FOREIGN KEY (`attribute_id`) REFERENCES `attribute` (`attribute_id`),
  CONSTRAINT `recommendation_ibfk_3` FOREIGN KEY (`leaoutqua_id`) REFERENCES `learning_outcome_qualifier` (`leaoutqua_id`),
  CONSTRAINT `recommendation_ibfk_4` FOREIGN KEY (`grade_id`) REFERENCES `grade` (`grade_id`),
  CONSTRAINT `recommendation_ibfk_5` FOREIGN KEY (`minleaoutqua_id`) REFERENCES `minigame_learning_outcome_qualifier` (`minleaoutqua_id`)
) ENGINE=InnoDB AUTO_INCREMENT=433 DEFAULT CHARSET=utf8mb4 COLLATE=utf8mb4_0900_ai_ci;
/*!40101 SET character_set_client = @saved_cs_client */;

--
-- Dumping data for table `recommendation`
--

LOCK TABLES `recommendation` WRITE;
/*!40000 ALTER TABLE `recommendation` DISABLE KEYS */;
INSERT INTO `recommendation` VALUES
(1,'BAJO','Requiere apoyo para realizar cuestionamientos, reflexiones, brindar percepciones y argumentos frente a las acciones propias y del entorno. ',1,26,NULL,1,NULL,'2024-05-03 20:19:37','2024-05-03 20:19:37',NULL,'recommendation'),
(2,'BSICO','Muestra cierta capacidad para realizar cuestionamientos, reflexiones, brindar percepciones y argumentos frente a las acciones propias y del entorno. ',2,26,NULL,1,NULL,'2024-05-03 20:19:37','2024-05-03 20:19:37',NULL,'recommendation'),
(3,'ALTO','Demuestra capacidad para realizar cuestionamientos, reflexiones, brindar percepciones y argumentos frente a las acciones propias y del entorno.',3,26,NULL,1,NULL,'2024-05-03 20:19:37','2024-05-03 20:19:37',NULL,'recommendation'),
(4,'BAJO','Requiere apoyo para identificar y evaluar opciones de manera independiente y tomar decisiones informadas, considerando adecuadamente las consecuencias.',1,26,NULL,2,NULL,'2024-05-03 20:19:37','2024-05-03 20:19:37',NULL,'recommendation'),
(5,'BSICO','Identifica y evala algunas opciones de manera independiente, pero puede pasar por alto otras consideraciones importantes antes de tomar una decisin.',2,26,NULL,2,NULL,'2024-05-03 20:19:38','2024-05-03 20:19:38',NULL,'recommendation'),
(6,'ALTO','Identifica y evala las opciones de manera independiente,  para tomar decisiones informadas, considerando adecuadamente las consecuencias.',3,26,NULL,2,NULL,'2024-05-03 20:19:38','2024-05-03 20:19:38',NULL,'recommendation'),
(7,'BAJO','Demuestra un desempeo bajo en cuanto a los conocimientos clave en las reas STEAM, especialmente en relacin con la amenaza que representa la visita descontrolada de personas interesadas en el buceo para los ecosistemas marinos.',1,26,NULL,3,NULL,'2024-05-03 20:19:38','2024-05-03 20:19:38',NULL,'recommendation'),
(8,'BSICO','Demuestra un desempeo bsico en cuanto a los conocimientos clave en las reas STEAM, especialmente en relacin con la amenaza que representa la visita descontrolada de personas interesadas en el buceo para los ecosistemas marinos.',2,26,NULL,3,NULL,'2024-05-03 20:19:38','2024-05-03 20:19:38',NULL,'recommendation'),
(9,'ALTO','Demuestra un desempeo alto en cuanto a los conocimientos clave en las reas STEAM, especialmente en relacin con la amenaza que representa la visita descontrolada de personas interesadas en el buceo para los ecosistemas marinos.',3,26,NULL,3,NULL,'2024-05-03 20:19:38','2024-05-03 20:19:38',NULL,'recommendation'),
(10,'BAJO','Demuestra un desempeo bajo en cuanto a los conocimientos clave en las reas STEAM, especialmente en relacin con la amenaza que representa la visita descontrolada de personas interesadas en el buceo para los ecosistemas marinos.',1,26,NULL,4,NULL,'2024-05-03 20:19:38','2024-05-03 20:19:38',NULL,'recommendation'),
(11,'BSICO','Demuestra un desempeo bsico en cuanto a los conocimientos clave en las reas STEAM, especialmente en relacin con la amenaza que representa la visita descontrolada de personas interesadas en el buceo para los ecosistemas marinos.',2,26,NULL,4,NULL,'2024-05-03 20:19:38','2024-05-03 20:19:38',NULL,'recommendation'),
(12,'ALTO','Demuestra un desempeo alto en cuanto a los conocimientos clave en las reas STEAM, especialmente en relacin con la amenaza que representa la visita descontrolada de personas interesadas en el buceo para los ecosistemas marinos.',3,26,NULL,4,NULL,'2024-05-03 20:19:39','2024-05-03 20:19:39',NULL,'recommendation'),
(13,'BAJO','Requiere apoyo para solucionar situaciones conflictivas en busca de propsitos comunes y resultados efectivos. Su contribucin a la resolucin de conflictos es limitada, dependiendo a menudo del apoyo externo.',1,27,NULL,5,NULL,'2024-05-03 20:19:39','2024-05-03 20:19:39',NULL,'recommendation'),
(14,'BSICO','Busca ocasionalmente aportar a la solucin de situaciones conflictivas para el logro de propsitos comunes en busca de resultados efectivos y eficaces.',2,27,NULL,5,NULL,'2024-05-03 20:19:39','2024-05-03 20:19:39',NULL,'recommendation'),
(15,'ALTO','Aporta soluciones a situaciones conflictivas para el logro de propsitos comunes en busca de resultados efectivos y eficaces.',3,27,NULL,5,NULL,'2024-05-03 20:19:39','2024-05-03 20:19:39',NULL,'recommendation'),
(16,'BAJO','Requiere apoyo para realizar cuestionamientos, reflexiones, brindar percepciones y argumentos frente a las acciones propias y del entorno.',1,27,NULL,6,NULL,'2024-05-03 20:19:39','2024-05-03 20:19:39',NULL,'recommendation'),
(17,'BSICO','Muestra cierta capacidad para realizar cuestionamientos, reflexiones, brindar percepciones y argumentos frente a las acciones propias y del entorno. ',2,27,NULL,6,NULL,'2024-05-03 20:19:39','2024-05-03 20:19:39',NULL,'recommendation'),
(18,'ALTO','Demuestra capacidad para realizar cuestionamientos, reflexiones, brindar percepciones y argumentos frente a las acciones propias y del entorno.',3,27,NULL,6,NULL,'2024-05-03 20:19:39','2024-05-03 20:19:39',NULL,'recommendation'),
(19,'BAJO','Demuestra un desempeo bajo en cuanto a los conocimientos clave en las reas STEAM, especialmente en relacin con la amenaza que representa la visita descontrolada de personas interesadas en el buceo para los ecosistemas marinos.',1,27,NULL,7,NULL,'2024-05-03 20:19:40','2024-05-03 20:19:40',NULL,'recommendation'),
(20,'BSICO','Demuestra un desempeo bsico en cuanto a los conocimientos clave en las reas STEAM, especialmente en relacin con la amenaza que representa la visita descontrolada de personas interesadas en el buceo para los ecosistemas marinos.',2,27,NULL,7,NULL,'2024-05-03 20:19:40','2024-05-03 20:19:40',NULL,'recommendation'),
(21,'ALTO','Demuestra un desempeo alto en cuanto a los conocimientos clave en las reas STEAM, especialmente en relacin con la amenaza que representa la visita descontrolada de personas interesadas en el buceo para los ecosistemas marinos.',3,27,NULL,7,NULL,'2024-05-03 20:19:40','2024-05-03 20:19:40',NULL,'recommendation'),
(22,'BAJO','Demuestra un desempeo bajo en cuanto a los conocimientos clave en las reas STEAM, especialmente en relacin con la amenaza que representa la visita descontrolada de personas interesadas en el buceo para los ecosistemas marinos.',1,27,NULL,8,NULL,'2024-05-03 20:19:40','2024-05-03 20:19:40',NULL,'recommendation'),
(23,'BSICO','Demuestra un desempeo bsico en cuanto a los conocimientos clave en las reas STEAM, especialmente en relacin con la amenaza que representa la visita descontrolada de personas interesadas en el buceo para los ecosistemas marinos.',2,27,NULL,8,NULL,'2024-05-03 20:19:40','2024-05-03 20:19:40',NULL,'recommendation'),
(24,'ALTO','Demuestra un desempeo alto en cuanto a los conocimientos clave en las reas STEAM, especialmente en relacin con la amenaza que representa la visita descontrolada de personas interesadas en el buceo para los ecosistemas marinos.',3,27,NULL,8,NULL,'2024-05-03 20:19:40','2024-05-03 20:19:40',NULL,'recommendation'),
(25,'BAJO','Requiere apoyo para solucionar situaciones conflictivas en busca de propsitos comunes y resultados efectivos. Su contribucin a la resolucin de conflictos es limitada, dependiendo a menudo del apoyo externo.',1,28,NULL,9,NULL,'2024-05-03 20:19:40','2024-05-03 20:19:40',NULL,'recommendation'),
(26,'BSICO','Busca ocasionalmente aportar a la solucin de situaciones conflictivas para el logro de propsitos comunes en busca de resultados efectivos y eficaces.',2,28,NULL,9,NULL,'2024-05-03 20:19:41','2024-05-03 20:19:41',NULL,'recommendation'),
(27,'ALTO','Aporta soluciones a situaciones conflictivas para el logro de propsitos comunes en busca de resultados efectivos y eficaces.',3,28,NULL,9,NULL,'2024-05-03 20:19:41','2024-05-03 20:19:41',NULL,'recommendation'),
(28,'BAJO','Requiere apoyo para realizar cuestionamientos, reflexiones, brindar percepciones y argumentos frente a las acciones propias y del entorno.',1,28,NULL,10,NULL,'2024-05-03 20:19:41','2024-05-03 20:19:41',NULL,'recommendation'),
(29,'BSICO','Muestra cierta capacidad para realizar cuestionamientos, reflexiones, brindar percepciones y argumentos frente a las acciones propias y del entorno.',2,28,NULL,10,NULL,'2024-05-03 20:19:41','2024-05-03 20:19:41',NULL,'recommendation'),
(30,'ALTO','Demuestra capacidad para realizar cuestionamientos, reflexiones, brindar percepciones y argumentos frente a las acciones propias y del entorno.',3,28,NULL,10,NULL,'2024-05-03 20:19:41','2024-05-03 20:19:41',NULL,'recommendation'),
(31,'BAJO','Demuestra un desempeo bajo en cuanto a los conocimientos clave en las reas STEAM, especialmente en relacin con la amenaza que representa la visita descontrolada de personas interesadas en el buceo para los ecosistemas marinos.',1,28,NULL,11,NULL,'2024-05-03 20:19:41','2024-05-03 20:19:41',NULL,'recommendation'),
(32,'BSICO','Demuestra un desempeo bsico en cuanto a los conocimientos clave en las reas STEAM, especialmente en relacin con la amenaza que representa la visita descontrolada de personas interesadas en el buceo para los ecosistemas marinos.',2,28,NULL,11,NULL,'2024-05-03 20:19:42','2024-05-03 20:19:42',NULL,'recommendation'),
(33,'ALTO','Demuestra un desempeo alto en cuanto a los conocimientos clave en las reas STEAM, especialmente en relacin con la amenaza que representa la visita descontrolada de personas interesadas en el buceo para los ecosistemas marinos.',3,28,NULL,11,NULL,'2024-05-03 20:19:42','2024-05-03 20:19:42',NULL,'recommendation'),
(34,'BAJO','Demuestra un desempeo bajo en cuanto a los conocimientos clave en las reas STEAM, especialmente en relacin con la amenaza que representa la visita descontrolada de personas interesadas en el buceo para los ecosistemas marinos.',1,28,NULL,12,NULL,'2024-05-03 20:19:42','2024-05-03 20:19:42',NULL,'recommendation'),
(35,'BSICO','Demuestra un desempeo bsico en cuanto a los conocimientos clave en las reas STEAM, especialmente en relacin con la amenaza que representa la visita descontrolada de personas interesadas en el buceo para los ecosistemas marinos.',2,28,NULL,12,NULL,'2024-05-03 20:19:42','2024-05-03 20:19:42',NULL,'recommendation'),
(36,'ALTO','Demuestra un desempeo alto en cuanto a los conocimientos clave en las reas STEAM, especialmente en relacin con la amenaza que representa la visita descontrolada de personas interesadas en el buceo para los ecosistemas marinos.',3,28,NULL,12,NULL,'2024-05-03 20:19:42','2024-05-03 20:19:42',NULL,'recommendation'),
(37,'BAJO','Requiere apoyo para solucionar situaciones conflictivas en busca de propsitos comunes y resultados efectivos. Su contribucin a la resolucin de conflictos es limitada, dependiendo a menudo del apoyo externo.',1,29,NULL,13,NULL,'2024-05-03 20:19:42','2024-05-03 20:19:42',NULL,'recommendation'),
(38,'BSICO','Busca ocasionalmente aportar a la solucin de situaciones conflictivas para el logro de propsitos comunes en busca de resultados efectivos y eficaces.',2,29,NULL,13,NULL,'2024-05-03 20:19:42','2024-05-03 20:19:42',NULL,'recommendation'),
(39,'ALTO','Aporta soluciones a situaciones conflictivas para el logro de propsitos comunes en busca de resultados efectivos y eficaces.',3,29,NULL,13,NULL,'2024-05-03 20:19:43','2024-05-03 20:19:43',NULL,'recommendation'),
(40,'BAJO','Requiere apoyo para solucionar situaciones conflictivas en busca de propsitos comunes y resultados efectivos. Su contribucin a la resolucin de conflictos es limitada, dependiendo a menudo del apoyo externo.',1,29,NULL,14,NULL,'2024-05-03 20:19:43','2024-05-03 20:19:43',NULL,'recommendation'),
(41,'BSICO','Busca ocasionalmente aportar a la solucin de situaciones conflictivas para el logro de propsitos comunes en busca de resultados efectivos y eficaces.',2,29,NULL,14,NULL,'2024-05-03 20:19:43','2024-05-03 20:19:43',NULL,'recommendation'),
(42,'ALTO','Aporta soluciones a situaciones conflictivas para el logro de propsitos comunes en busca de resultados efectivos y eficaces.',3,29,NULL,14,NULL,'2024-05-03 20:19:43','2024-05-03 20:19:43',NULL,'recommendation'),
(43,'BAJO','Demuestra un desempeo bajo en cuanto a los conocimientos clave en las reas STEAM, especialmente en relacin con la amenaza que representa la visita descontrolada de personas interesadas en el buceo para los ecosistemas marinos.',1,29,NULL,15,NULL,'2024-05-03 20:19:43','2024-05-03 20:19:43',NULL,'recommendation'),
(44,'BSICO','Demuestra un desempeo bsico en cuanto a los conocimientos clave en las reas STEAM, especialmente en relacin con la amenaza que representa la visita descontrolada de personas interesadas en el buceo para los ecosistemas marinos.',2,29,NULL,15,NULL,'2024-05-03 20:19:43','2024-05-03 20:19:43',NULL,'recommendation'),
(45,'ALTO','Demuestra un desempeo alto en cuanto a los conocimientos clave en las reas STEAM, especialmente en relacin con la amenaza que representa la visita descontrolada de personas interesadas en el buceo para los ecosistemas marinos.',3,29,NULL,15,NULL,'2024-05-03 20:19:43','2024-05-03 20:19:43',NULL,'recommendation'),
(46,'BAJO','Demuestra un desempeo bajo en cuanto a los conocimientos clave en las reas STEAM, especialmente en relacin con la amenaza que representa la visita descontrolada de personas interesadas en el buceo para los ecosistemas marinos.',1,29,NULL,16,NULL,'2024-05-03 20:19:44','2024-05-03 20:19:44',NULL,'recommendation'),
(47,'BSICO','Demuestra un desempeo bsico en cuanto a los conocimientos clave en las reas STEAM, especialmente en relacin con la amenaza que representa la visita descontrolada de personas interesadas en el buceo para los ecosistemas marinos.',2,29,NULL,16,NULL,'2024-05-03 20:19:44','2024-05-03 20:19:44',NULL,'recommendation'),
(48,'ALTO','Demuestra un desempeo alto en cuanto a los conocimientos clave en las reas STEAM, especialmente en relacin con la amenaza que representa la visita descontrolada de personas interesadas en el buceo para los ecosistemas marinos.',3,29,NULL,16,NULL,'2024-05-03 20:19:44','2024-05-03 20:19:44',NULL,'recommendation'),
(49,'BAJO','Requiere apoyo para realizar cuestionamientos, reflexiones, brindar percepciones y argumentos frente a las acciones propias y del entorno. ',1,30,NULL,17,NULL,'2024-05-03 20:19:44','2024-05-03 20:19:44',NULL,'recommendation'),
(50,'BSICO','Muestra cierta capacidad para realizar cuestionamientos, reflexiones, brindar percepciones y argumentos frente a las acciones propias y del entorno. ',2,30,NULL,17,NULL,'2024-05-03 20:19:44','2024-05-03 20:19:44',NULL,'recommendation'),
(51,'ALTO','Demuestra capacidad para realizar cuestionamientos, reflexiones, brindar percepciones y argumentos frente a las acciones propias y del entorno.',3,30,NULL,17,NULL,'2024-05-03 20:19:44','2024-05-03 20:19:44',NULL,'recommendation'),
(52,'BAJO','Requiere apoyo para solucionar situaciones conflictivas en busca de propsitos comunes y resultados efectivos. Su contribucin a la resolucin de conflictos es limitada, dependiendo a menudo del apoyo externo.',1,30,NULL,18,NULL,'2024-05-03 20:19:44','2024-05-03 20:19:44',NULL,'recommendation'),
(53,'BSICO','Busca ocasionalmente aportar a la solucin de situaciones conflictivas para el logro de propsitos comunes en busca de resultados efectivos y eficaces.',2,30,NULL,18,NULL,'2024-05-03 20:19:45','2024-05-03 20:19:45',NULL,'recommendation'),
(54,'ALTO','Aporta soluciones a situaciones conflictivas para el logro de propsitos comunes en busca de resultados efectivos y eficaces.',3,30,NULL,18,NULL,'2024-05-03 20:19:45','2024-05-03 20:19:45',NULL,'recommendation'),
(55,'BAJO','Demuestra un desempeo bajo en cuanto a los conocimientos clave en las reas STEAM, especialmente en relacin con la amenaza que representa la visita descontrolada de personas interesadas en el buceo para los ecosistemas marinos.',1,30,NULL,19,NULL,'2024-05-03 20:19:45','2024-05-03 20:19:45',NULL,'recommendation'),
(56,'BSICO','Demuestra un desempeo bsico en cuanto a los conocimientos clave en las reas STEAM, especialmente en relacin con la amenaza que representa la visita descontrolada de personas interesadas en el buceo para los ecosistemas marinos.',2,30,NULL,19,NULL,'2024-05-03 20:19:45','2024-05-03 20:19:45',NULL,'recommendation'),
(57,'ALTO','Demuestra un desempeo alto en cuanto a los conocimientos clave en las reas STEAM, especialmente en relacin con la amenaza que representa la visita descontrolada de personas interesadas en el buceo para los ecosistemas marinos.',3,30,NULL,19,NULL,'2024-05-03 20:19:45','2024-05-03 20:19:45',NULL,'recommendation'),
(58,'BAJO','Demuestra un desempeo bajo en cuanto a los conocimientos clave en las reas STEAM, especialmente en relacin con la amenaza que representa la visita descontrolada de personas interesadas en el buceo para los ecosistemas marinos.',1,30,NULL,20,NULL,'2024-05-03 20:19:45','2024-05-03 20:19:45',NULL,'recommendation'),
(59,'BSICO','Demuestra un desempeo bsico en cuanto a los conocimientos clave en las reas STEAM, especialmente en relacin con la amenaza que representa la visita descontrolada de personas interesadas en el buceo para los ecosistemas marinos.',2,30,NULL,20,NULL,'2024-05-03 20:19:45','2024-05-03 20:19:45',NULL,'recommendation'),
(60,'ALTO','Demuestra un desempeo alto en cuanto a los conocimientos clave en las reas STEAM, especialmente en relacin con la amenaza que representa la visita descontrolada de personas interesadas en el buceo para los ecosistemas marinos.',3,30,NULL,20,NULL,'2024-05-03 20:19:46','2024-05-03 20:19:46',NULL,'recommendation'),
(61,'BAJO','Requiere apoyo para solucionar situaciones conflictivas en busca de propsitos comunes y resultados efectivos. Su contribucin a la resolucin de conflictos es limitada, dependiendo a menudo del apoyo externo.',1,31,NULL,21,NULL,'2024-05-03 20:19:46','2024-05-03 20:19:46',NULL,'recommendation'),
(62,'BSICO','Busca ocasionalmente aportar a la solucin de situaciones conflictivas para el logro de propsitos comunes en busca de resultados efectivos y eficaces.',2,31,NULL,21,NULL,'2024-05-03 20:19:46','2024-05-03 20:19:46',NULL,'recommendation'),
(63,'ALTO','Aporta soluciones a situaciones conflictivas para el logro de propsitos comunes en busca de resultados efectivos y eficaces.',3,31,NULL,21,NULL,'2024-05-03 20:19:46','2024-05-03 20:19:46',NULL,'recommendation'),
(64,'BAJO','Requiere apoyo para realizar cuestionamientos, reflexiones, brindar percepciones y argumentos frente a las acciones propias y del entorno. ',1,31,NULL,22,NULL,'2024-05-03 20:19:46','2024-05-03 20:19:46',NULL,'recommendation'),
(65,'BSICO','Muestra cierta capacidad para realizar cuestionamientos, reflexiones, brindar percepciones y argumentos frente a las acciones propias y del entorno. ',2,31,NULL,22,NULL,'2024-05-03 20:19:46','2024-05-03 20:19:46',NULL,'recommendation'),
(66,'ALTO','Demuestra capacidad para realizar cuestionamientos, reflexiones, brindar percepciones y argumentos frente a las acciones propias y del entorno.',3,31,NULL,22,NULL,'2024-05-03 20:19:46','2024-05-03 20:19:46',NULL,'recommendation'),
(67,'BAJO','Demuestra un desempeo bajo en cuanto a los conocimientos clave en las reas STEAM, especialmente en relacin con la amenaza que representa la visita descontrolada de personas interesadas en el buceo para los ecosistemas marinos.',1,31,NULL,23,NULL,'2024-05-03 20:19:47','2024-05-03 20:19:47',NULL,'recommendation'),
(68,'BSICO','Demuestra un desempeo bsico en cuanto a los conocimientos clave en las reas STEAM, especialmente en relacin con la amenaza que representa la visita descontrolada de personas interesadas en el buceo para los ecosistemas marinos.',2,31,NULL,23,NULL,'2024-05-03 20:19:47','2024-05-03 20:19:47',NULL,'recommendation'),
(69,'ALTO','Demuestra un desempeo alto en cuanto a los conocimientos clave en las reas STEAM, especialmente en relacin con la amenaza que representa la visita descontrolada de personas interesadas en el buceo para los ecosistemas marinos.',3,31,NULL,23,NULL,'2024-05-03 20:19:47','2024-05-03 20:19:47',NULL,'recommendation'),
(70,'BAJO','Demuestra un desempeo bajo en cuanto a los conocimientos clave en las reas STEAM, especialmente en relacin con la amenaza que representa la visita descontrolada de personas interesadas en el buceo para los ecosistemas marinos.',1,31,NULL,24,NULL,'2024-05-03 20:19:47','2024-05-03 20:19:47',NULL,'recommendation'),
(71,'BSICO','Demuestra un desempeo bsico en cuanto a los conocimientos clave en las reas STEAM, especialmente en relacin con la amenaza que representa la visita descontrolada de personas interesadas en el buceo para los ecosistemas marinos.',2,31,NULL,24,NULL,'2024-05-03 20:19:47','2024-05-03 20:19:47',NULL,'recommendation'),
(72,'ALTO','Demuestra un desempeo alto en cuanto a los conocimientos clave en las reas STEAM, especialmente en relacin con la amenaza que representa la visita descontrolada de personas interesadas en el buceo para los ecosistemas marinos.',3,31,NULL,24,NULL,'2024-05-03 20:19:47','2024-05-03 20:19:47',NULL,'recommendation'),
(73,'BAJO','Requiere apoyo para solucionar situaciones conflictivas en busca de propsitos comunes y resultados efectivos. Su contribucin a la resolucin de conflictos es limitada, dependiendo a menudo del apoyo externo.',1,26,NULL,25,NULL,'2024-05-20 15:37:31','2024-05-20 15:37:31',NULL,'recommendation'),
(74,'BSICO','Busca ocasionalmente aportar a la solucin de situaciones conflictivas para el logro de propsitos comunes en busca de resultados efectivos y eficaces.',2,26,NULL,25,NULL,'2024-05-20 15:37:31','2024-05-20 15:37:31',NULL,'recommendation'),
(75,'ALTO','Aporta soluciones a situaciones conflictivas para el logro de propsitos comunes en busca de resultados efectivos y eficaces.',3,26,NULL,25,NULL,'2024-05-20 15:37:31','2024-05-20 15:37:31',NULL,'recommendation'),
(76,'BAJO','Requiere apoyo para identificar y evaluar opciones de manera independiente y tomar decisiones informadas, considerando adecuadamente las consecuencias.',1,26,NULL,26,NULL,'2024-05-20 15:37:31','2024-05-20 15:37:31',NULL,'recommendation'),
(77,'BSICO','Identifica y evala algunas opciones de manera independiente, pero puede pasar por alto otras consideraciones importantes antes de tomar una decisin.',2,26,NULL,26,NULL,'2024-05-20 15:37:32','2024-05-20 15:37:32',NULL,'recommendation'),
(78,'ALTO','Identifica y evala las opciones de manera independiente,  para tomar decisiones informadas, considerando adecuadamente las consecuencias.',3,26,NULL,26,NULL,'2024-05-20 15:37:32','2024-05-20 15:37:32',NULL,'recommendation'),
(79,'BAJO','Demuestra un desempeo bajo en cuanto a los conocimientos clave en las reas STEAM, especialmente en relacin con la identificacin de las causas en la escasez de peces en las zonas de pesca artesanal. No propone acciones claras para abordar el problema y su impacto en la comunidad.',1,26,NULL,27,NULL,'2024-05-20 15:37:32','2024-05-20 15:37:32',NULL,'recommendation'),
(80,'BSICO','Demuestra un desempeo bsico en cuanto a los conocimientos clave en las reas STEAM, especialmente en relacin con la identificacin de las causas en la escasez de peces en las zonas de pesca artesanal.Puede mostrar comprensin limitada de la relacin entre la escasez de peces, el sustento diario de la comunidad y el comercio.',2,26,NULL,27,NULL,'2024-05-20 15:37:32','2024-05-20 15:37:32',NULL,'recommendation'),
(81,'ALTO','Demuestra un desempeo alto en cuanto a los conocimientos clave en las reas STEAM, especialmente en relacin con la identificacin de las causas en la escasez de peces en las zonas de pesca artesanal. Reconoce la importancia del sustento diario de la comunidad y el comercio, indicando la necesidad de intervenciones efectivas.',3,26,NULL,27,NULL,'2024-05-20 15:37:32','2024-05-20 15:37:32',NULL,'recommendation'),
(82,'BAJO','Demuestra un desempeo bajo en cuanto a los conocimientos clave en las reas STEAM, especialmente en relacin con la identificacin de las causas en la escasez de peces en las zonas de pesca artesanal. No propone acciones claras para abordar el problema y su impacto en la comunidad.',1,26,NULL,28,NULL,'2024-05-20 15:37:32','2024-05-20 15:37:32',NULL,'recommendation'),
(83,'BSICO','Demuestra un desempeo bsico en cuanto a los conocimientos clave en las reas STEAM, especialmente en relacin con la identificacin de las causas en la escasez de peces en las zonas de pesca artesanal.Puede mostrar comprensin limitada de la relacin entre la escasez de peces, el sustento diario de la comunidad y el comercio.',2,26,NULL,28,NULL,'2024-05-20 15:37:32','2024-05-20 15:37:32',NULL,'recommendation'),
(84,'ALTO','Demuestra un desempeo alto en cuanto a los conocimientos clave en las reas STEAM, especialmente en relacin con la identificacin de las causas en la escasez de peces en las zonas de pesca artesanal. Reconoce la importancia del sustento diario de la comunidad y el comercio, indicando la necesidad de intervenciones efectivas.',3,26,NULL,28,NULL,'2024-05-20 15:37:33','2024-05-20 15:37:33',NULL,'recommendation'),
(85,'BAJO','Requiere apoyo para identificar y evaluar opciones de manera independiente y tomar decisiones informadas, considerando adecuadamente las consecuencias.',1,27,NULL,29,NULL,'2024-05-20 15:37:33','2024-05-20 15:37:33',NULL,'recommendation'),
(86,'BSICO','Identifica y evala algunas opciones de manera independiente, pero puede pasar por alto otras consideraciones importantes antes de tomar una decisin.',2,27,NULL,29,NULL,'2024-05-20 15:37:33','2024-05-20 15:37:33',NULL,'recommendation'),
(87,'ALTO','Identifica y evala las opciones de manera independiente, para tomar decisiones informadas, considerando adecuadamente las consecuencias.',3,27,NULL,29,NULL,'2024-05-20 15:37:33','2024-05-20 15:37:33',NULL,'recommendation'),
(88,'BAJO','Requiere apoyo para identificar y evaluar opciones de manera independiente y tomar decisiones informadas, considerando adecuadamente las consecuencias.',1,27,NULL,30,NULL,'2024-05-20 15:37:33','2024-05-20 15:37:33',NULL,'recommendation'),
(89,'BSICO','Identifica y evala algunas opciones de manera independiente, pero puede pasar por alto otras consideraciones importantes antes de tomar una decisin.',2,27,NULL,30,NULL,'2024-05-20 15:37:33','2024-05-20 15:37:33',NULL,'recommendation'),
(90,'ALTO','Identifica y evala las opciones de manera independiente, para tomar decisiones informadas, considerando adecuadamente las consecuencias.',3,27,NULL,30,NULL,'2024-05-20 15:37:34','2024-05-20 15:37:34',NULL,'recommendation'),
(91,'BAJO','Demuestra un desempeo bajo en cuanto a los conocimientos clave en las reas STEAM, especialmente en relacin con la identificacin de las causas en la escasez de peces en las zonas de pesca artesanal. No propone acciones claras para abordar el problema y su impacto en la comunidad.',1,27,NULL,31,NULL,'2024-05-20 15:37:34','2024-05-20 15:37:34',NULL,'recommendation'),
(92,'BSICO','Demuestra un desempeo bsico en cuanto a los conocimientos clave en las reas STEAM, especialmente en relacin con la identificacin de las causas en la escasez de peces en las zonas de pesca artesanal.Puede mostrar comprensin limitada de la relacin entre la escasez de peces, el sustento diario de la comunidad y el comercio.',2,27,NULL,31,NULL,'2024-05-20 15:37:34','2024-05-20 15:37:34',NULL,'recommendation'),
(93,'ALTO','Demuestra un desempeo alto en cuanto a los conocimientos clave en las reas STEAM, especialmente en relacin con la identificacin de las causas en la escasez de peces en las zonas de pesca artesanal. Reconoce la importancia del sustento diario de la comunidad y el comercio, indicando la necesidad de intervenciones efectivas.',3,27,NULL,31,NULL,'2024-05-20 15:37:34','2024-05-20 15:37:34',NULL,'recommendation'),
(94,'BAJO','Demuestra un desempeo bajo en cuanto a los conocimientos clave en las reas STEAM, especialmente en relacin con la identificacin de las causas en la escasez de peces en las zonas de pesca artesanal. No propone acciones claras para abordar el problema y su impacto en la comunidad.',1,27,NULL,32,NULL,'2024-05-20 15:37:34','2024-05-20 15:37:34',NULL,'recommendation'),
(95,'BSICO','Demuestra un desempeo bsico en cuanto a los conocimientos clave en las reas STEAM, especialmente en relacin con la identificacin de las causas en la escasez de peces en las zonas de pesca artesanal.Puede mostrar comprensin limitada de la relacin entre la escasez de peces, el sustento diario de la comunidad y el comercio.',2,27,NULL,32,NULL,'2024-05-20 15:37:34','2024-05-20 15:37:34',NULL,'recommendation'),
(96,'ALTO','Demuestra un desempeo alto en cuanto a los conocimientos clave en las reas STEAM, especialmente en relacin con la identificacin de las causas en la escasez de peces en las zonas de pesca artesanal. Reconoce la importancia del sustento diario de la comunidad y el comercio, indicando la necesidad de intervenciones efectivas.',3,27,NULL,32,NULL,'2024-05-20 15:37:35','2024-05-20 15:37:35',NULL,'recommendation'),
(97,'BAJO','Requiere apoyo para identificar y acceder a fuentes de informacin confiables y relevantes y muestra una capacidad limitada para evaluar crticamente la credibilidad y precisin de la informacin.',1,28,NULL,33,NULL,'2024-05-20 15:37:35','2024-05-20 15:37:35',NULL,'recommendation'),
(98,'BSICO','Es capaz de identificar y acceder a algunas fuentes de informacin confiables y de evaluar la credibilidad y precisin de la informacin con cierta habilidad.',2,28,NULL,33,NULL,'2024-05-20 15:37:35','2024-05-20 15:37:35',NULL,'recommendation'),
(99,'ALTO','Accede de manera eficiente a una amplia variedad de fuentes confiables y relevantes, demostrando una alta capacidad para evaluar crticamente la credibilidad y precisin de la informacin.',3,28,NULL,33,NULL,'2024-05-20 15:37:35','2024-05-20 15:37:35',NULL,'recommendation'),
(100,'BAJO','Requiere apoyo para solucionar situaciones conflictivas en busca de propsitos comunes y resultados efectivos. Su contribucin a la resolucin de conflictos es limitada, dependiendo a menudo del apoyo externo.',1,28,NULL,34,NULL,'2024-05-20 15:37:35','2024-05-20 15:37:35',NULL,'recommendation'),
(101,'BSICO','Busca ocasionalmente aportar a la solucin de situaciones conflictivas para el logro de propsitos comunes en busca de resultados efectivos y eficaces.',2,28,NULL,34,NULL,'2024-05-20 15:37:35','2024-05-20 15:37:35',NULL,'recommendation'),
(102,'ALTO','Aporta soluciones a situaciones conflictivas para el logro de propsitos comunes en busca de resultados efectivos y eficaces.',3,28,NULL,34,NULL,'2024-05-20 15:37:36','2024-05-20 15:37:36',NULL,'recommendation'),
(103,'BAJO','Demuestra un desempeo bajo en cuanto a los conocimientos clave en las reas STEAM, especialmente en relacin con la identificacin de las causas en la escasez de peces en las zonas de pesca artesanal. No propone acciones claras para abordar el problema y su impacto en la comunidad.',1,28,NULL,35,NULL,'2024-05-20 15:37:36','2024-05-20 15:37:36',NULL,'recommendation'),
(104,'BSICO','Demuestra un desempeo bsico en cuanto a los conocimientos clave en las reas STEAM, especialmente en relacin con la identificacin de las causas en la escasez de peces en las zonas de pesca artesanal.Puede mostrar comprensin limitada de la relacin entre la escasez de peces, el sustento diario de la comunidad y el comercio.',2,28,NULL,35,NULL,'2024-05-20 15:37:36','2024-05-20 15:37:36',NULL,'recommendation'),
(105,'ALTO','Demuestra un desempeo alto en cuanto a los conocimientos clave en las reas STEAM, especialmente en relacin con la identificacin de las causas en la escasez de peces en las zonas de pesca artesanal. Reconoce la importancia del sustento diario de la comunidad y el comercio, indicando la necesidad de intervenciones efectivas.',3,28,NULL,35,NULL,'2024-05-20 15:37:36','2024-05-20 15:37:36',NULL,'recommendation'),
(106,'BAJO','Demuestra un desempeo bajo en cuanto a los conocimientos clave en las reas STEAM, especialmente en relacin con la identificacin de las causas en la escasez de peces en las zonas de pesca artesanal. No propone acciones claras para abordar el problema y su impacto en la comunidad.',1,28,NULL,36,NULL,'2024-05-20 15:37:36','2024-05-20 15:37:36',NULL,'recommendation'),
(107,'BSICO','Demuestra un desempeo bsico en cuanto a los conocimientos clave en las reas STEAM, especialmente en relacin con la identificacin de las causas en la escasez de peces en las zonas de pesca artesanal.Puede mostrar comprensin limitada de la relacin entre la escasez de peces, el sustento diario de la comunidad y el comercio.',2,28,NULL,36,NULL,'2024-05-20 15:37:36','2024-05-20 15:37:36',NULL,'recommendation'),
(108,'ALTO','Demuestra un desempeo alto en cuanto a los conocimientos clave en las reas STEAM, especialmente en relacin con la identificacin de las causas en la escasez de peces en las zonas de pesca artesanal. Reconoce la importancia del sustento diario de la comunidad y el comercio, indicando la necesidad de intervenciones efectivas.',3,28,NULL,36,NULL,'2024-05-20 15:37:37','2024-05-20 15:37:37',NULL,'recommendation'),
(109,'BAJO','Requiere apoyo para generar ideas originales con valor en la actualidad, as como para interpretar de distintas formas las situaciones y visualizar respuestas variadas ante un problema o circunstancia.',1,29,NULL,37,NULL,'2024-05-20 15:37:37','2024-05-20 15:37:37',NULL,'recommendation'),
(110,'BSICO','Es capaz de generar algunas ideas originales con cierto valor en la actualidad y de interpretar de diversas formas las situaciones. Sin embargo, an requiere apoyo al visualizar una variedad completa de respuestas ante problemas o circunstancias.',2,29,NULL,37,NULL,'2024-05-20 15:37:37','2024-05-20 15:37:37',NULL,'recommendation'),
(111,'ALTO','Demuestra una capacidad destacada para generar ideas originales con valor en la actualidad. Adems, es capaz de interpretar de distintas formas las situaciones y visualizar una variedad de respuestas ante problemas o circunstancias, mostrando una habilidad avanzada en este aspecto.',3,29,NULL,37,NULL,'2024-05-20 15:37:37','2024-05-20 15:37:37',NULL,'recommendation'),
(112,'BAJO','Requiere apoyo para realizar cuestionamientos, reflexiones, brindar percepciones y argumentos frente a las acciones propias y del entorno.',1,29,NULL,38,NULL,'2024-05-20 15:37:37','2024-05-20 15:37:37',NULL,'recommendation'),
(113,'BSICO','Muestra cierta capacidad para realizar cuestionamientos, reflexiones, brindar percepciones y argumentos frente a las acciones propias y del entorno.',2,29,NULL,38,NULL,'2024-05-20 15:37:37','2024-05-20 15:37:37',NULL,'recommendation'),
(114,'ALTO','Demuestra capacidad para realizar cuestionamientos, reflexiones, brindar percepciones y argumentos frente a las acciones propias y del entorno.',3,29,NULL,38,NULL,'2024-05-20 15:37:38','2024-05-20 15:37:38',NULL,'recommendation'),
(115,'BAJO','Demuestra un desempeo bajo en cuanto a los conocimientos clave en las reas STEAM, especialmente en relacin con la identificacin de las causas en la escasez de peces en las zonas de pesca artesanal. No propone acciones claras para abordar el problema y su impacto en la comunidad.',1,29,NULL,39,NULL,'2024-05-20 15:37:38','2024-05-20 15:37:38',NULL,'recommendation'),
(116,'BSICO','Demuestra un desempeo bsico en cuanto a los conocimientos clave en las reas STEAM, especialmente en relacin con la identificacin de las causas en la escasez de peces en las zonas de pesca artesanal.Puede mostrar comprensin limitada de la relacin entre la escasez de peces, el sustento diario de la comunidad y el comercio.',2,29,NULL,39,NULL,'2024-05-20 15:37:38','2024-05-20 15:37:38',NULL,'recommendation'),
(117,'ALTO','Demuestra un desempeo alto en cuanto a los conocimientos clave en las reas STEAM, especialmente en relacin con la identificacin de las causas en la escasez de peces en las zonas de pesca artesanal. Reconoce la importancia del sustento diario de la comunidad y el comercio, indicando la necesidad de intervenciones efectivas.',3,29,NULL,39,NULL,'2024-05-20 15:37:38','2024-05-20 15:37:38',NULL,'recommendation'),
(118,'BAJO','Demuestra un desempeo bajo en cuanto a los conocimientos clave en las reas STEAM, especialmente en relacin con la identificacin de las causas en la escasez de peces en las zonas de pesca artesanal. No propone acciones claras para abordar el problema y su impacto en la comunidad.',1,29,NULL,40,NULL,'2024-05-20 15:37:38','2024-05-20 15:37:38',NULL,'recommendation'),
(119,'BSICO','Demuestra un desempeo bsico en cuanto a los conocimientos clave en las reas STEAM, especialmente en relacin con la identificacin de las causas en la escasez de peces en las zonas de pesca artesanal.Puede mostrar comprensin limitada de la relacin entre la escasez de peces, el sustento diario de la comunidad y el comercio.',2,29,NULL,40,NULL,'2024-05-20 15:37:38','2024-05-20 15:37:38',NULL,'recommendation'),
(120,'ALTO','Demuestra un desempeo alto en cuanto a los conocimientos clave en las reas STEAM, especialmente en relacin con la identificacin de las causas en la escasez de peces en las zonas de pesca artesanal. Reconoce la importancia del sustento diario de la comunidad y el comercio, indicando la necesidad de intervenciones efectivas.',3,29,NULL,40,NULL,'2024-05-20 15:37:39','2024-05-20 15:37:39',NULL,'recommendation'),
(121,'BAJO','Requiere apoyo para realizar cuestionamientos, reflexiones, brindar percepciones y argumentos frente a las acciones propias y del entorno.',1,30,NULL,41,NULL,'2024-05-20 15:37:39','2024-05-20 15:37:39',NULL,'recommendation'),
(122,'BSICO','Muestra cierta capacidad para realizar cuestionamientos, reflexiones, brindar percepciones y argumentos frente a las acciones propias y del entorno. ',2,30,NULL,41,NULL,'2024-05-20 15:37:39','2024-05-20 15:37:39',NULL,'recommendation'),
(123,'ALTO','Demuestra capacidad para realizar cuestionamientos, reflexiones, brindar percepciones y argumentos frente a las acciones propias y del entorno.',3,30,NULL,41,NULL,'2024-05-20 15:37:39','2024-05-20 15:37:39',NULL,'recommendation'),
(124,'BAJO','Requiere apoyo para identificar y evaluar opciones de manera independiente y tomar decisiones informadas, considerando adecuadamente las consecuencias.',1,30,NULL,42,NULL,'2024-05-20 15:37:39','2024-05-20 15:37:39',NULL,'recommendation'),
(125,'BSICO','Identifica y evala algunas opciones de manera independiente, pero puede pasar por alto otras consideraciones importantes antes de tomar una decisin.',2,30,NULL,42,NULL,'2024-05-20 15:37:39','2024-05-20 15:37:39',NULL,'recommendation'),
(126,'ALTO','Identifica y evala las opciones de manera independiente,  para tomar decisiones informadas, considerando adecuadamente las consecuencias.',3,30,NULL,42,NULL,'2024-05-20 15:37:40','2024-05-20 15:37:40',NULL,'recommendation'),
(127,'BAJO','Demuestra un desempeo bajo en cuanto a los conocimientos clave en las reas STEAM, especialmente en relacin con la identificacin de las causas en la escasez de peces en las zonas de pesca artesanal. No propone acciones claras para abordar el problema y su impacto en la comunidad.',1,30,NULL,43,NULL,'2024-05-20 15:37:40','2024-05-20 15:37:40',NULL,'recommendation'),
(128,'BSICO','Demuestra un desempeo bsico en cuanto a los conocimientos clave en las reas STEAM, especialmente en relacin con la identificacin de las causas en la escasez de peces en las zonas de pesca artesanal.Puede mostrar comprensin limitada de la relacin entre la escasez de peces, el sustento diario de la comunidad y el comercio.',2,30,NULL,43,NULL,'2024-05-20 15:37:40','2024-05-20 15:37:40',NULL,'recommendation'),
(129,'ALTO','Demuestra un desempeo alto en cuanto a los conocimientos clave en las reas STEAM, especialmente en relacin con la identificacin de las causas en la escasez de peces en las zonas de pesca artesanal. Reconoce la importancia del sustento diario de la comunidad y el comercio, indicando la necesidad de intervenciones efectivas.',3,30,NULL,43,NULL,'2024-05-20 15:37:40','2024-05-20 15:37:40',NULL,'recommendation'),
(130,'BAJO','Demuestra un desempeo bajo en cuanto a los conocimientos clave en las reas STEAM, especialmente en relacin con la identificacin de las causas en la escasez de peces en las zonas de pesca artesanal. No propone acciones claras para abordar el problema y su impacto en la comunidad.',1,30,NULL,44,NULL,'2024-05-20 15:37:40','2024-05-20 15:37:40',NULL,'recommendation'),
(131,'BSICO','Demuestra un desempeo bsico en cuanto a los conocimientos clave en las reas STEAM, especialmente en relacin con la identificacin de las causas en la escasez de peces en las zonas de pesca artesanal.Puede mostrar comprensin limitada de la relacin entre la escasez de peces, el sustento diario de la comunidad y el comercio.',2,30,NULL,44,NULL,'2024-05-20 15:37:40','2024-05-20 15:37:40',NULL,'recommendation'),
(132,'ALTO','Demuestra un desempeo alto en cuanto a los conocimientos clave en las reas STEAM, especialmente en relacin con la identificacin de las causas en la escasez de peces en las zonas de pesca artesanal. Reconoce la importancia del sustento diario de la comunidad y el comercio, indicando la necesidad de intervenciones efectivas.',3,30,NULL,44,NULL,'2024-05-20 15:37:41','2024-05-20 15:37:41',NULL,'recommendation'),
(133,'BAJO','Requiere apoyo para solucionar situaciones conflictivas en busca de propsitos comunes y resultados efectivos. Su contribucin a la resolucin de conflictos es limitada, dependiendo a menudo del apoyo externo.',1,31,NULL,45,NULL,'2024-05-20 15:37:41','2024-05-20 15:37:41',NULL,'recommendation'),
(134,'BSICO','Busca ocasionalmente aportar a la solucin de situaciones conflictivas para el logro de propsitos comunes en busca de resultados efectivos y eficaces.',2,31,NULL,45,NULL,'2024-05-20 15:37:41','2024-05-20 15:37:41',NULL,'recommendation'),
(135,'ALTO','Aporta soluciones a situaciones conflictivas para el logro de propsitos comunes en busca de resultados efectivos y eficaces.',3,31,NULL,45,NULL,'2024-05-20 15:37:41','2024-05-20 15:37:41',NULL,'recommendation'),
(136,'BAJO','Requiere apoyo para realizar cuestionamientos, reflexiones, brindar percepciones y argumentos frente a las acciones propias y del entorno.',1,31,NULL,46,NULL,'2024-05-20 15:37:41','2024-05-20 15:37:41',NULL,'recommendation'),
(137,'BSICO','Muestra cierta capacidad para realizar cuestionamientos, reflexiones, brindar percepciones y argumentos frente a las acciones propias y del entorno. ',2,31,NULL,46,NULL,'2024-05-20 15:37:41','2024-05-20 15:37:41',NULL,'recommendation'),
(138,'ALTO','Demuestra capacidad para realizar cuestionamientos, reflexiones, brindar percepciones y argumentos frente a las acciones propias y del entorno.',3,31,NULL,46,NULL,'2024-05-20 15:37:42','2024-05-20 15:37:42',NULL,'recommendation'),
(139,'BAJO','Demuestra un desempeo bajo en cuanto a los conocimientos clave en las reas STEAM, especialmente en relacin con la identificacin de las causas en la escasez de peces en las zonas de pesca artesanal. No propone acciones claras para abordar el problema y su impacto en la comunidad.',1,31,NULL,47,NULL,'2024-05-20 15:37:42','2024-05-20 15:37:42',NULL,'recommendation'),
(140,'BSICO','Demuestra un desempeo bsico en cuanto a los conocimientos clave en las reas STEAM, especialmente en relacin con la identificacin de las causas en la escasez de peces en las zonas de pesca artesanal.Puede mostrar comprensin limitada de la relacin entre la escasez de peces, el sustento diario de la comunidad y el comercio.',2,31,NULL,47,NULL,'2024-05-20 15:37:42','2024-05-20 15:37:42',NULL,'recommendation'),
(141,'ALTO','Demuestra un desempeo alto en cuanto a los conocimientos clave en las reas STEAM, especialmente en relacin con la identificacin de las causas en la escasez de peces en las zonas de pesca artesanal. Reconoce la importancia del sustento diario de la comunidad y el comercio, indicando la necesidad de intervenciones efectivas.',3,31,NULL,47,NULL,'2024-05-20 15:37:42','2024-05-20 15:37:42',NULL,'recommendation'),
(142,'BAJO','Demuestra un desempeo bajo en cuanto a los conocimientos clave en las reas STEAM, especialmente en relacin con la identificacin de las causas en la escasez de peces en las zonas de pesca artesanal. No propone acciones claras para abordar el problema y su impacto en la comunidad.',1,31,NULL,48,NULL,'2024-05-20 15:37:42','2024-05-20 15:37:42',NULL,'recommendation'),
(143,'BSICO','Demuestra un desempeo bsico en cuanto a los conocimientos clave en las reas STEAM, especialmente en relacin con la identificacin de las causas en la escasez de peces en las zonas de pesca artesanal.Puede mostrar comprensin limitada de la relacin entre la escasez de peces, el sustento diario de la comunidad y el comercio.',2,31,NULL,48,NULL,'2024-05-20 15:37:42','2024-05-20 15:37:42',NULL,'recommendation'),
(144,'ALTO','Demuestra un desempeo alto en cuanto a los conocimientos clave en las reas STEAM, especialmente en relacin con la identificacin de las causas en la escasez de peces en las zonas de pesca artesanal. Reconoce la importancia del sustento diario de la comunidad y el comercio, indicando la necesidad de intervenciones efectivas.',3,31,NULL,48,NULL,'2024-05-20 15:37:43','2024-05-20 15:37:43',NULL,'recommendation'),
(145,'BAJO','Requiere apoyo para realizar cuestionamientos, reflexiones, brindar percepciones y argumentos frente a las acciones propias y del entorno.',1,26,NULL,49,NULL,'2024-05-20 15:37:43','2024-05-20 15:37:43',NULL,'recommendation'),
(146,'BSICO','Muestra cierta capacidad para realizar cuestionamientos, reflexiones, brindar percepciones y argumentos frente a las acciones propias y del entorno. ',2,26,NULL,49,NULL,'2024-05-20 15:37:43','2024-05-20 15:37:43',NULL,'recommendation'),
(147,'ALTO','Demuestra capacidad para realizar cuestionamientos, reflexiones, brindar percepciones y argumentos frente a las acciones propias y del entorno.',3,26,NULL,49,NULL,'2024-05-20 15:37:43','2024-05-20 15:37:43',NULL,'recommendation'),
(148,'BAJO','Requiere apoyo para realizar cuestionamientos, reflexiones, brindar percepciones y argumentos frente a las acciones propias y del entorno.',1,26,NULL,50,NULL,'2024-05-20 15:37:43','2024-05-20 15:37:43',NULL,'recommendation'),
(149,'BSICO','Muestra cierta capacidad para realizar cuestionamientos, reflexiones, brindar percepciones y argumentos frente a las acciones propias y del entorno.',2,26,NULL,50,NULL,'2024-05-20 15:37:43','2024-05-20 15:37:43',NULL,'recommendation'),
(150,'ALTO','Demuestra capacidad para realizar cuestionamientos, reflexiones, brindar percepciones y argumentos frente a las acciones propias y del entorno.',3,26,NULL,50,NULL,'2024-05-20 15:37:43','2024-05-20 15:37:43',NULL,'recommendation'),
(151,'BAJO','Demuestra un desempeo bajo en cuanto a los conocimientos clave en las reas STEAM, especialmente en relacin con la identificacin, clasificacin y uso de las plantas medicinales, condimentaras y aromticas.',1,26,NULL,51,NULL,'2024-05-20 15:37:44','2024-05-20 15:37:44',NULL,'recommendation'),
(152,'BSICO','Demuestra un desempeo bsico en cuanto a los conocimientos clave en las reas STEAM, especialmente en relacin con la identificacin, clasificacin y uso de las plantas medicinales, condimentarias y aromticas.',2,26,NULL,51,NULL,'2024-05-20 15:37:44','2024-05-20 15:37:44',NULL,'recommendation'),
(153,'ALTO','Demuestra un desempeo alto en cuanto a los conocimientos clave en las reas STEAM, especialmente en relacin con la identificacin, clasificacin y uso de las plantas medicinales, condimentarias y aromticas.',3,26,NULL,51,NULL,'2024-05-20 15:37:44','2024-05-20 15:37:44',NULL,'recommendation'),
(154,'BAJO','Demuestra un desempeo bajo en cuanto a los conocimientos clave en las reas STEAM, especialmente en relacin con la identificacin, clasificacin y uso de las plantas medicinales, condimentarias y aromticas.',1,26,NULL,52,NULL,'2024-05-20 15:37:44','2024-05-20 15:37:44',NULL,'recommendation'),
(155,'BSICO','Demuestra un desempeo bsico en cuanto a los conocimientos clave en las reas STEAM, especialmente en relacin con la identificacin, clasificacin y uso de las plantas medicinales, condimentarias y aromticas.',2,26,NULL,52,NULL,'2024-05-20 15:37:44','2024-05-20 15:37:44',NULL,'recommendation'),
(156,'ALTO','Demuestra un desempeo alto en cuanto a los conocimientos clave en las reas STEAM, especialmente en relacin con la identificacin, clasificacin y uso de las plantas medicinales, condimentarias y aromticas.',3,26,NULL,52,NULL,'2024-05-20 15:37:44','2024-05-20 15:37:44',NULL,'recommendation'),
(157,'BAJO','Requiere apoyo para realizar cuestionamientos, reflexiones, brindar percepciones y argumentos frente a las acciones propias y del entorno.',1,27,NULL,53,NULL,'2024-05-20 15:37:45','2024-05-20 15:37:45',NULL,'recommendation'),
(158,'BSICO','Muestra cierta capacidad para realizar cuestionamientos, reflexiones, brindar percepciones y argumentos frente a las acciones propias y del entorno.',2,27,NULL,53,NULL,'2024-05-20 15:37:45','2024-05-20 15:37:45',NULL,'recommendation'),
(159,'ALTO','Demuestra capacidad para realizar cuestionamientos, reflexiones, brindar percepciones y argumentos frente a las acciones propias y del entorno.',3,27,NULL,53,NULL,'2024-05-20 15:37:45','2024-05-20 15:37:45',NULL,'recommendation'),
(160,'BAJO','Requiere apoyo para identificar y evaluar opciones de manera independiente y tomar decisiones informadas, considerando adecuadamente las consecuencias.',1,27,NULL,54,NULL,'2024-05-20 15:37:45','2024-05-20 15:37:45',NULL,'recommendation'),
(161,'BSICO','Identifica y evala algunas opciones de manera independiente, pero puede pasar por alto otras consideraciones importantes antes de tomar una decisin.',2,27,NULL,54,NULL,'2024-05-20 15:37:45','2024-05-20 15:37:45',NULL,'recommendation'),
(162,'ALTO','Identifica y evala las opciones de manera independiente,  para tomar decisiones informadas, considerando adecuadamente las consecuencias.',3,27,NULL,54,NULL,'2024-05-20 15:37:45','2024-05-20 15:37:45',NULL,'recommendation'),
(163,'BAJO','Demuestra un desempeo bajo en cuanto a los conocimientos clave en las reas STEAM, especialmente en relacin con la identificacin, clasificacin y uso de las plantas medicinales, condimentarias y aromticas.',1,27,NULL,55,NULL,'2024-05-20 15:37:46','2024-05-20 15:37:46',NULL,'recommendation'),
(164,'BSICO','Demuestra un desempeo bsico en cuanto a los conocimientos clave en las reas STEAM, especialmente en relacin con la identificacin, clasificacin y uso de las plantas medicinales, condimentarias y aromticas.',2,27,NULL,55,NULL,'2024-05-20 15:37:46','2024-05-20 15:37:46',NULL,'recommendation'),
(165,'ALTO','Demuestra un desempeo alto en cuanto a los conocimientos clave en las reas STEAM, especialmente en relacin con la identificacin, clasificacin y uso de las plantas medicinales, condimentarias y aromticas.',3,27,NULL,55,NULL,'2024-05-20 15:37:46','2024-05-20 15:37:46',NULL,'recommendation'),
(166,'BAJO','Demuestra un desempeo bajo en cuanto a los conocimientos clave en las reas STEAM, especialmente en relacin con la identificacin, clasificacin y uso de las plantas medicinales, condimentarias y aromticas.',1,27,NULL,56,NULL,'2024-05-20 15:37:46','2024-05-20 15:37:46',NULL,'recommendation'),
(167,'BSICO','Demuestra un desempeo bsico en cuanto a los conocimientos clave en las reas STEAM, especialmente en relacin con la identificacin, clasificacin y uso de las plantas medicinales, condimentarias y aromticas.',2,27,NULL,56,NULL,'2024-05-20 15:37:46','2024-05-20 15:37:46',NULL,'recommendation'),
(168,'ALTO','Demuestra un desempeo alto en cuanto a los conocimientos clave en las reas STEAM, especialmente en relacin con la identificacin, clasificacin y uso de las plantas medicinales, condimentarias y aromticas.',3,27,NULL,56,NULL,'2024-05-20 15:37:46','2024-05-20 15:37:46',NULL,'recommendation'),
(169,'BAJO','Requiere apoyo para realizar cuestionamientos, reflexiones, brindar percepciones y argumentos frente a las acciones propias y del entorno.',1,28,NULL,57,NULL,'2024-05-20 15:37:47','2024-05-20 15:37:47',NULL,'recommendation'),
(170,'BSICO','Muestra cierta capacidad para realizar cuestionamientos, reflexiones, brindar percepciones y argumentos frente a las acciones propias y del entorno.',2,28,NULL,57,NULL,'2024-05-20 15:37:47','2024-05-20 15:37:47',NULL,'recommendation'),
(171,'ALTO','Demuestra capacidad para realizar cuestionamientos, reflexiones, brindar percepciones y argumentos frente a las acciones propias y del entorno.',3,28,NULL,57,NULL,'2024-05-20 15:37:47','2024-05-20 15:37:47',NULL,'recommendation'),
(172,'BAJO','Requiere apoyo para realizar cuestionamientos, reflexiones, brindar percepciones y argumentos frente a las acciones propias y del entorno.',1,28,NULL,58,NULL,'2024-05-20 15:37:47','2024-05-20 15:37:47',NULL,'recommendation'),
(173,'BSICO','Muestra cierta capacidad para realizar cuestionamientos, reflexiones, brindar percepciones y argumentos frente a las acciones propias y del entorno.',2,28,NULL,58,NULL,'2024-05-20 15:37:47','2024-05-20 15:37:47',NULL,'recommendation'),
(174,'ALTO','Demuestra capacidad para realizar cuestionamientos, reflexiones, brindar percepciones y argumentos frente a las acciones propias y del entorno.',3,28,NULL,58,NULL,'2024-05-20 15:37:47','2024-05-20 15:37:47',NULL,'recommendation'),
(175,'BAJO','Demuestra un desempeo bajo en cuanto a los conocimientos clave en las reas STEAM, especialmente en relacin con la identificacin, clasificacin y uso de las plantas medicinales, condimentarias y aromticas.',1,28,NULL,59,NULL,'2024-05-20 15:37:48','2024-05-20 15:37:48',NULL,'recommendation'),
(176,'BSICO','Demuestra un desempeo bsico en cuanto a los conocimientos clave en las reas STEAM, especialmente en relacin con la identificacin, clasificacin y uso de las plantas medicinales, condimentarias y aromticas.',2,28,NULL,59,NULL,'2024-05-20 15:37:48','2024-05-20 15:37:48',NULL,'recommendation'),
(177,'ALTO','Demuestra un desempeo alto en cuanto a los conocimientos clave en las reas STEAM, especialmente en relacin con la identificacin, clasificacin y uso de las plantas medicinales, condimentarias y aromticas.',3,28,NULL,59,NULL,'2024-05-20 15:37:48','2024-05-20 15:37:48',NULL,'recommendation'),
(178,'BAJO','Demuestra un desempeo bajo en cuanto a los conocimientos clave en las reas STEAM, especialmente en relacin con la identificacin, clasificacin y uso de las plantas medicinales, condimentarias y aromticas.',1,28,NULL,60,NULL,'2024-05-20 15:37:48','2024-05-20 15:37:48',NULL,'recommendation'),
(179,'BSICO','Demuestra un desempeo bsico en cuanto a los conocimientos clave en las reas STEAM, especialmente en relacin con la identificacin, clasificacin y uso de las plantas medicinales, condimentarias y aromticas.',2,28,NULL,60,NULL,'2024-05-20 15:37:48','2024-05-20 15:37:48',NULL,'recommendation'),
(180,'ALTO','Demuestra un desempeo alto en cuanto a los conocimientos clave en las reas STEAM, especialmente en relacin con la identificacin, clasificacin y uso de las plantas medicinales, condimentarias y aromticas.',3,28,NULL,60,NULL,'2024-05-20 15:37:48','2024-05-20 15:37:48',NULL,'recommendation'),
(181,'BAJO','Requiere apoyo para identificar y acceder a fuentes de informacin confiables y relevantes y muestra una capacidad limitada para evaluar crticamente la credibilidad y precisin de la informacin.',1,29,NULL,61,NULL,'2024-05-20 15:37:49','2024-05-20 15:37:49',NULL,'recommendation'),
(182,'BSICO','Es capaz de identificar y acceder a algunas fuentes de informacin confiables y de evaluar la credibilidad y precisin de la informacin con cierta habilidad.',2,29,NULL,61,NULL,'2024-05-20 15:37:49','2024-05-20 15:37:49',NULL,'recommendation'),
(183,'ALTO','Accede de manera eficiente a una amplia variedad de fuentes confiables y relevantes, demostrando una alta capacidad para evaluar crticamente la credibilidad y precisin de la informacin.',3,29,NULL,61,NULL,'2024-05-20 15:37:49','2024-05-20 15:37:49',NULL,'recommendation'),
(184,'BAJO','Requiere apoyo para generar ideas originales con valor en la actualidad, as como para interpretar de distintas formas las situaciones y visualizar respuestas variadas ante un problema o circunstancia.',1,29,NULL,62,NULL,'2024-05-20 15:37:49','2024-05-20 15:37:49',NULL,'recommendation'),
(185,'BSICO','Es capaz de generar algunas ideas originales con cierto valor en la actualidad y de interpretar de diversas formas las situaciones. Sin embargo, an requiere apoyo al visualizar una variedad completa de respuestas ante problemas o circunstancias.',2,29,NULL,62,NULL,'2024-05-20 15:37:49','2024-05-20 15:37:49',NULL,'recommendation'),
(186,'ALTO','Demuestra una capacidad destacada para generar ideas originales con valor en la actualidad. Adems, es capaz de interpretar de distintas formas las situaciones y visualizar una variedad de respuestas ante problemas o circunstancias, mostrando una habilidad avanzada en este aspecto.',3,29,NULL,62,NULL,'2024-05-20 15:37:49','2024-05-20 15:37:49',NULL,'recommendation'),
(187,'BAJO','Demuestra un desempeo bajo en cuanto a los conocimientos clave en las reas STEAM, especialmente en relacin con la identificacin, clasificacin y uso de las plantas medicinales, condimentarias y aromticas.',1,29,NULL,63,NULL,'2024-05-20 15:37:50','2024-05-20 15:37:50',NULL,'recommendation'),
(188,'BSICO','Demuestra un desempeo bsico en cuanto a los conocimientos clave en las reas STEAM, especialmente en relacin con la identificacin, clasificacin y uso de las plantas medicinales, condimentarias y aromticas.',2,29,NULL,63,NULL,'2024-05-20 15:37:50','2024-05-20 15:37:50',NULL,'recommendation'),
(189,'ALTO','Demuestra un desempeo alto en cuanto a los conocimientos clave en las reas STEAM, especialmente en relacin con la identificacin, clasificacin y uso de las plantas medicinales, condimentarias y aromticas.',3,29,NULL,63,NULL,'2024-05-20 15:37:50','2024-05-20 15:37:50',NULL,'recommendation'),
(190,'BAJO','Demuestra un desempeo bajo en cuanto a los conocimientos clave en las reas STEAM, especialmente en relacin con la identificacin, clasificacin y uso de las plantas medicinales, condimentarias y aromticas.',1,29,NULL,64,NULL,'2024-05-20 15:37:50','2024-05-20 15:37:50',NULL,'recommendation'),
(191,'BSICO','Demuestra un desempeo bsico en cuanto a los conocimientos clave en las reas STEAM, especialmente en relacin con la identificacin, clasificacin y uso de las plantas medicinales, condimentarias y aromticas.',2,29,NULL,64,NULL,'2024-05-20 15:37:50','2024-05-20 15:37:50',NULL,'recommendation'),
(192,'ALTO','Demuestra un desempeo alto en cuanto a los conocimientos clave en las reas STEAM, especialmente en relacin con la identificacin, clasificacin y uso de las plantas medicinales, condimentarias y aromticas.',3,29,NULL,64,NULL,'2024-05-20 15:37:50','2024-05-20 15:37:50',NULL,'recommendation'),
(193,'BAJO','Requiere apoyo para identificar y evaluar opciones de manera independiente y tomar decisiones informadas, considerando adecuadamente las consecuencias.',1,30,NULL,65,NULL,'2024-05-20 15:37:51','2024-05-20 15:37:51',NULL,'recommendation'),
(194,'BSICO','Identifica y evala algunas opciones de manera independiente, pero puede pasar por alto otras consideraciones importantes antes de tomar una decisin.',2,30,NULL,65,NULL,'2024-05-20 15:37:51','2024-05-20 15:37:51',NULL,'recommendation'),
(195,'ALTO','Identifica y evala las opciones de manera independiente,  para tomar decisiones informadas, considerando adecuadamente las consecuencias.',3,30,NULL,65,NULL,'2024-05-20 15:37:51','2024-05-20 15:37:51',NULL,'recommendation'),
(196,'BAJO','Requiere apoyo para solucionar situaciones conflictivas en busca de propsitos comunes y resultados efectivos. Su contribucin a la resolucin de conflictos es limitada, dependiendo a menudo del apoyo externo.',1,30,NULL,66,NULL,'2024-05-20 15:37:51','2024-05-20 15:37:51',NULL,'recommendation'),
(197,'BSICO','Busca ocasionalmente aportar a la solucin de situaciones conflictivas para el logro de propsitos comunes en busca de resultados efectivos y eficaces.',2,30,NULL,66,NULL,'2024-05-20 15:37:51','2024-05-20 15:37:51',NULL,'recommendation'),
(198,'ALTO','Aporta soluciones a situaciones conflictivas para el logro de propsitos comunes en busca de resultados efectivos y eficaces.',3,30,NULL,66,NULL,'2024-05-20 15:37:51','2024-05-20 15:37:51',NULL,'recommendation'),
(199,'BAJO','Demuestra un desempeo bajo en cuanto a los conocimientos clave en las reas STEAM, especialmente en relacin con la identificacin, clasificacin y uso de las plantas medicinales, condimentarias y aromticas.',1,30,NULL,67,NULL,'2024-05-20 15:37:52','2024-05-20 15:37:52',NULL,'recommendation'),
(200,'BSICO','Demuestra un desempeo bsico en cuanto a los conocimientos clave en las reas STEAM, especialmente en relacin con la identificacin, clasificacin y uso de las plantas medicinales, condimentarias y aromticas.',2,30,NULL,67,NULL,'2024-05-20 15:37:52','2024-05-20 15:37:52',NULL,'recommendation'),
(201,'ALTO','Demuestra un desempeo alto en cuanto a los conocimientos clave en las reas STEAM, especialmente en relacin con la identificacin, clasificacin y uso de las plantas medicinales, condimentarias y aromticas.',3,30,NULL,67,NULL,'2024-05-20 15:37:52','2024-05-20 15:37:52',NULL,'recommendation'),
(202,'BAJO','Demuestra un desempeo bajo en cuanto a los conocimientos clave en las reas STEAM, especialmente en relacin con la identificacin, clasificacin y uso de las plantas medicinales, condimentarias y aromticas.',1,30,NULL,68,NULL,'2024-05-20 15:37:52','2024-05-20 15:37:52',NULL,'recommendation'),
(203,'BSICO','Demuestra un desempeo bsico en cuanto a los conocimientos clave en las reas STEAM, especialmente en relacin con la identificacin, clasificacin y uso de las plantas medicinales, condimentarias y aromticas.',2,30,NULL,68,NULL,'2024-05-20 15:37:52','2024-05-20 15:37:52',NULL,'recommendation'),
(204,'ALTO','Demuestra un desempeo alto en cuanto a los conocimientos clave en las reas STEAM, especialmente en relacin con la identificacin, clasificacin y uso de las plantas medicinales, condimentarias y aromticas.',3,30,NULL,68,NULL,'2024-05-20 15:37:52','2024-05-20 15:37:52',NULL,'recommendation'),
(205,'BAJO','Requiere apoyo para realizar cuestionamientos, reflexiones, brindar percepciones y argumentos frente a las acciones propias y del entorno.',1,31,NULL,69,NULL,'2024-05-20 15:37:53','2024-05-20 15:37:53',NULL,'recommendation'),
(206,'BSICO','Muestra cierta capacidad para realizar cuestionamientos, reflexiones, brindar percepciones y argumentos frente a las acciones propias y del entorno.',2,31,NULL,69,NULL,'2024-05-20 15:37:53','2024-05-20 15:37:53',NULL,'recommendation'),
(207,'ALTO','Demuestra capacidad para realizar cuestionamientos, reflexiones, brindar percepciones y argumentos frente a las acciones propias y del entorno.',3,31,NULL,69,NULL,'2024-05-20 15:37:53','2024-05-20 15:37:53',NULL,'recommendation'),
(208,'BAJO','Requiere apoyo para realizar cuestionamientos, reflexiones, brindar percepciones y argumentos frente a las acciones propias y del entorno.',1,31,NULL,70,NULL,'2024-05-20 15:37:53','2024-05-20 15:37:53',NULL,'recommendation'),
(209,'BSICO','Muestra cierta capacidad para realizar cuestionamientos, reflexiones, brindar percepciones y argumentos frente a las acciones propias y del entorno.',2,31,NULL,70,NULL,'2024-05-20 15:37:53','2024-05-20 15:37:53',NULL,'recommendation'),
(210,'ALTO','Demuestra capacidad para realizar cuestionamientos, reflexiones, brindar percepciones y argumentos frente a las acciones propias y del entorno.',3,31,NULL,70,NULL,'2024-05-20 15:37:53','2024-05-20 15:37:53',NULL,'recommendation'),
(211,'BAJO','Demuestra un desempeo bajo en cuanto a los conocimientos clave en las reas STEAM, especialmente en relacin con la identificacin, clasificacin y uso de las plantas medicinales, condimentarias y aromticas.',1,31,NULL,71,NULL,'2024-05-20 15:37:53','2024-05-20 15:37:53',NULL,'recommendation'),
(212,'BSICO','Demuestra un desempeo bsico en cuanto a los conocimientos clave en las reas STEAM, especialmente en relacin con la identificacin, clasificacin y uso de las plantas medicinales, condimentarias y aromticas.',2,31,NULL,71,NULL,'2024-05-20 15:37:54','2024-05-20 15:37:54',NULL,'recommendation'),
(213,'ALTO','Demuestra un desempeo alto en cuanto a los conocimientos clave en las reas STEAM, especialmente en relacin con la identificacin, clasificacin y uso de las plantas medicinales, condimentarias y aromticas.',3,31,NULL,71,NULL,'2024-05-20 15:37:54','2024-05-20 15:37:54',NULL,'recommendation'),
(214,'BAJO','Demuestra un desempeo bajo en cuanto a los conocimientos clave en las reas STEAM, especialmente en relacin con la identificacin, clasificacin y uso de las plantas medicinales, condimentarias y aromticas.',1,31,NULL,72,NULL,'2024-05-20 15:37:54','2024-05-20 15:37:54',NULL,'recommendation'),
(215,'BSICO','Demuestra un desempeo bsico en cuanto a los conocimientos clave en las reas STEAM, especialmente en relacin con la identificacin, clasificacin y uso de las plantas medicinales, condimentarias y aromticas.',2,31,NULL,72,NULL,'2024-05-20 15:37:54','2024-05-20 15:37:54',NULL,'recommendation'),
(216,'ALTO','Demuestra un desempeo alto en cuanto a los conocimientos clave en las reas STEAM, especialmente en relacin con la identificacin, clasificacin y uso de las plantas medicinales, condimentarias y aromticas.',3,31,NULL,72,NULL,'2024-05-20 15:37:54','2024-05-20 15:37:54',NULL,'recommendation'),
(217,'BAJO','Lorem ipsum',1,26,NULL,73,NULL,'2024-05-20 15:37:54','2024-05-20 15:37:54',NULL,'recommendation'),
(218,'BSICO','Lorem ipsum',2,26,NULL,73,NULL,'2024-05-20 15:37:55','2024-05-20 15:37:55',NULL,'recommendation'),
(219,'ALTO','Lorem ipsum',3,26,NULL,73,NULL,'2024-05-20 15:37:55','2024-05-20 15:37:55',NULL,'recommendation'),
(220,'BAJO','Lorem ipsum',1,26,NULL,74,NULL,'2024-05-20 15:37:55','2024-05-20 15:37:55',NULL,'recommendation'),
(221,'BSICO','Lorem ipsum',2,26,NULL,74,NULL,'2024-05-20 15:37:55','2024-05-20 15:37:55',NULL,'recommendation'),
(222,'ALTO','Lorem ipsum',3,26,NULL,74,NULL,'2024-05-20 15:37:55','2024-05-20 15:37:55',NULL,'recommendation'),
(223,'BAJO','Lorem ipsum',1,26,NULL,75,NULL,'2024-05-20 15:37:55','2024-05-20 15:37:55',NULL,'recommendation'),
(224,'BSICO','Lorem ipsum',2,26,NULL,75,NULL,'2024-05-20 15:37:56','2024-05-20 15:37:56',NULL,'recommendation'),
(225,'ALTO','Lorem ipsum',3,26,NULL,75,NULL,'2024-05-20 15:37:56','2024-05-20 15:37:56',NULL,'recommendation'),
(226,'BAJO','Lorem ipsum',1,26,NULL,76,NULL,'2024-05-20 15:37:56','2024-05-20 15:37:56',NULL,'recommendation'),
(227,'BSICO','Lorem ipsum',2,26,NULL,76,NULL,'2024-05-20 15:37:56','2024-05-20 15:37:56',NULL,'recommendation'),
(228,'ALTO','Lorem ipsum',3,26,NULL,76,NULL,'2024-05-20 15:37:56','2024-05-20 15:37:56',NULL,'recommendation'),
(229,'BAJO','Lorem ipsum',1,27,NULL,77,NULL,'2024-05-20 15:37:56','2024-05-20 15:37:56',NULL,'recommendation'),
(230,'BSICO','Lorem ipsum',2,27,NULL,77,NULL,'2024-05-20 15:37:57','2024-05-20 15:37:57',NULL,'recommendation'),
(231,'ALTO','Lorem ipsum',3,27,NULL,77,NULL,'2024-05-20 15:37:57','2024-05-20 15:37:57',NULL,'recommendation'),
(232,'BAJO','Lorem ipsum',1,27,NULL,78,NULL,'2024-05-20 15:37:57','2024-05-20 15:37:57',NULL,'recommendation'),
(233,'BSICO','Lorem ipsum',2,27,NULL,78,NULL,'2024-05-20 15:37:57','2024-05-20 15:37:57',NULL,'recommendation'),
(234,'ALTO','Lorem ipsum',3,27,NULL,78,NULL,'2024-05-20 15:37:57','2024-05-20 15:37:57',NULL,'recommendation'),
(235,'BAJO','Lorem ipsum',1,27,NULL,79,NULL,'2024-05-20 15:37:57','2024-05-20 15:37:57',NULL,'recommendation'),
(236,'BSICO','Lorem ipsum',2,27,NULL,79,NULL,'2024-05-20 15:37:58','2024-05-20 15:37:58',NULL,'recommendation'),
(237,'ALTO','Lorem ipsum',3,27,NULL,79,NULL,'2024-05-20 15:37:58','2024-05-20 15:37:58',NULL,'recommendation'),
(238,'BAJO','Lorem ipsum',1,27,NULL,80,NULL,'2024-05-20 15:37:58','2024-05-20 15:37:58',NULL,'recommendation'),
(239,'BSICO','Lorem ipsum',2,27,NULL,80,NULL,'2024-05-20 15:37:58','2024-05-20 15:37:58',NULL,'recommendation'),
(240,'ALTO','Lorem ipsum',3,27,NULL,80,NULL,'2024-05-20 15:37:58','2024-05-20 15:37:58',NULL,'recommendation'),
(241,'BAJO','Lorem ipsum',1,28,NULL,81,NULL,'2024-05-20 15:37:58','2024-05-20 15:37:58',NULL,'recommendation'),
(242,'BSICO','Lorem ipsum',2,28,NULL,81,NULL,'2024-05-20 15:37:58','2024-05-20 15:37:58',NULL,'recommendation'),
(243,'ALTO','Lorem ipsum',3,28,NULL,81,NULL,'2024-05-20 15:37:59','2024-05-20 15:37:59',NULL,'recommendation'),
(244,'BAJO','Lorem ipsum',1,28,NULL,82,NULL,'2024-05-20 15:37:59','2024-05-20 15:37:59',NULL,'recommendation'),
(245,'BSICO','Lorem ipsum',2,28,NULL,82,NULL,'2024-05-20 15:37:59','2024-05-20 15:37:59',NULL,'recommendation'),
(246,'ALTO','Lorem ipsum',3,28,NULL,82,NULL,'2024-05-20 15:37:59','2024-05-20 15:37:59',NULL,'recommendation'),
(247,'BAJO','Lorem ipsum',1,28,NULL,83,NULL,'2024-05-20 15:37:59','2024-05-20 15:37:59',NULL,'recommendation'),
(248,'BSICO','Lorem ipsum',2,28,NULL,83,NULL,'2024-05-20 15:37:59','2024-05-20 15:37:59',NULL,'recommendation'),
(249,'ALTO','Lorem ipsum',3,28,NULL,83,NULL,'2024-05-20 15:38:00','2024-05-20 15:38:00',NULL,'recommendation'),
(250,'BAJO','Lorem ipsum',1,28,NULL,84,NULL,'2024-05-20 15:38:00','2024-05-20 15:38:00',NULL,'recommendation'),
(251,'BSICO','Lorem ipsum',2,28,NULL,84,NULL,'2024-05-20 15:38:00','2024-05-20 15:38:00',NULL,'recommendation'),
(252,'ALTO','Lorem ipsum',3,28,NULL,84,NULL,'2024-05-20 15:38:00','2024-05-20 15:38:00',NULL,'recommendation'),
(253,'BAJO','Lorem ipsum',1,29,NULL,85,NULL,'2024-05-20 15:38:00','2024-05-20 15:38:00',NULL,'recommendation'),
(254,'BSICO','Lorem ipsum',2,29,NULL,85,NULL,'2024-05-20 15:38:00','2024-05-20 15:38:00',NULL,'recommendation'),
(255,'ALTO','Lorem ipsum',3,29,NULL,85,NULL,'2024-05-20 15:38:01','2024-05-20 15:38:01',NULL,'recommendation'),
(256,'BAJO','Lorem ipsum',1,29,NULL,86,NULL,'2024-05-20 15:38:01','2024-05-20 15:38:01',NULL,'recommendation'),
(257,'BSICO','Lorem ipsum',2,29,NULL,86,NULL,'2024-05-20 15:38:01','2024-05-20 15:38:01',NULL,'recommendation'),
(258,'ALTO','Lorem ipsum',3,29,NULL,86,NULL,'2024-05-20 15:38:01','2024-05-20 15:38:01',NULL,'recommendation'),
(259,'BAJO','Lorem ipsum',1,29,NULL,87,NULL,'2024-05-20 15:38:01','2024-05-20 15:38:01',NULL,'recommendation'),
(260,'BSICO','Lorem ipsum',2,29,NULL,87,NULL,'2024-05-20 15:38:01','2024-05-20 15:38:01',NULL,'recommendation'),
(261,'ALTO','Lorem ipsum',3,29,NULL,87,NULL,'2024-05-20 15:38:02','2024-05-20 15:38:02',NULL,'recommendation'),
(262,'BAJO','Lorem ipsum',1,29,NULL,88,NULL,'2024-05-20 15:38:02','2024-05-20 15:38:02',NULL,'recommendation'),
(263,'BSICO','Lorem ipsum',2,29,NULL,88,NULL,'2024-05-20 15:38:02','2024-05-20 15:38:02',NULL,'recommendation'),
(264,'ALTO','Lorem ipsum',3,29,NULL,88,NULL,'2024-05-20 15:38:02','2024-05-20 15:38:02',NULL,'recommendation'),
(265,'BAJO','Lorem ipsum',1,30,NULL,89,NULL,'2024-05-20 15:38:02','2024-05-20 15:38:02',NULL,'recommendation'),
(266,'BSICO','Lorem ipsum',2,30,NULL,89,NULL,'2024-05-20 15:38:02','2024-05-20 15:38:02',NULL,'recommendation'),
(267,'ALTO','Lorem ipsum',3,30,NULL,89,NULL,'2024-05-20 15:38:03','2024-05-20 15:38:03',NULL,'recommendation'),
(268,'BAJO','Lorem ipsum',1,30,NULL,90,NULL,'2024-05-20 15:38:03','2024-05-20 15:38:03',NULL,'recommendation'),
(269,'BSICO','Lorem ipsum',2,30,NULL,90,NULL,'2024-05-20 15:38:03','2024-05-20 15:38:03',NULL,'recommendation'),
(270,'ALTO','Lorem ipsum',3,30,NULL,90,NULL,'2024-05-20 15:38:03','2024-05-20 15:38:03',NULL,'recommendation'),
(271,'BAJO','Lorem ipsum',1,30,NULL,91,NULL,'2024-05-20 15:38:03','2024-05-20 15:38:03',NULL,'recommendation'),
(272,'BSICO','Lorem ipsum',2,30,NULL,91,NULL,'2024-05-20 15:38:03','2024-05-20 15:38:03',NULL,'recommendation'),
(273,'ALTO','Lorem ipsum',3,30,NULL,91,NULL,'2024-05-20 15:38:04','2024-05-20 15:38:04',NULL,'recommendation'),
(274,'BAJO','Lorem ipsum',1,30,NULL,92,NULL,'2024-05-20 15:38:04','2024-05-20 15:38:04',NULL,'recommendation'),
(275,'BSICO','Lorem ipsum',2,30,NULL,92,NULL,'2024-05-20 15:38:04','2024-05-20 15:38:04',NULL,'recommendation'),
(276,'ALTO','Lorem ipsum',3,30,NULL,92,NULL,'2024-05-20 15:38:04','2024-05-20 15:38:04',NULL,'recommendation'),
(277,'BAJO','Lorem ipsum',1,31,NULL,93,NULL,'2024-05-20 15:38:04','2024-05-20 15:38:04',NULL,'recommendation'),
(278,'BSICO','Lorem ipsum',2,31,NULL,93,NULL,'2024-05-20 15:38:04','2024-05-20 15:38:04',NULL,'recommendation'),
(279,'ALTO','Lorem ipsum',3,31,NULL,93,NULL,'2024-05-20 15:38:05','2024-05-20 15:38:05',NULL,'recommendation'),
(280,'BAJO','Lorem ipsum',1,31,NULL,94,NULL,'2024-05-20 15:38:05','2024-05-20 15:38:05',NULL,'recommendation'),
(281,'BSICO','Lorem ipsum',2,31,NULL,94,NULL,'2024-05-20 15:38:05','2024-05-20 15:38:05',NULL,'recommendation'),
(282,'ALTO','Lorem ipsum',3,31,NULL,94,NULL,'2024-05-20 15:38:05','2024-05-20 15:38:05',NULL,'recommendation'),
(283,'BAJO','Lorem ipsum',1,31,NULL,95,NULL,'2024-05-20 15:38:05','2024-05-20 15:38:05',NULL,'recommendation'),
(284,'BSICO','Lorem ipsum',2,31,NULL,95,NULL,'2024-05-20 15:38:05','2024-05-20 15:38:05',NULL,'recommendation'),
(285,'ALTO','Lorem ipsum',3,31,NULL,95,NULL,'2024-05-20 15:38:05','2024-05-20 15:38:05',NULL,'recommendation'),
(286,'BAJO','Lorem ipsum',1,31,NULL,96,NULL,'2024-05-20 15:38:06','2024-05-20 15:38:06',NULL,'recommendation'),
(287,'BSICO','Lorem ipsum',2,31,NULL,96,NULL,'2024-05-20 15:38:06','2024-05-20 15:38:06',NULL,'recommendation'),
(288,'ALTO','Lorem ipsum',3,31,NULL,96,NULL,'2024-05-20 15:38:06','2024-05-20 15:38:06',NULL,'recommendation'),
(289,'BAJO','Lorem ipsum',1,26,NULL,97,NULL,'2024-05-20 15:38:06','2024-05-20 15:38:06',NULL,'recommendation'),
(290,'BSICO','Lorem ipsum',2,26,NULL,97,NULL,'2024-05-20 15:38:06','2024-05-20 15:38:06',NULL,'recommendation'),
(291,'ALTO','Lorem ipsum',3,26,NULL,97,NULL,'2024-05-20 15:38:06','2024-05-20 15:38:06',NULL,'recommendation'),
(292,'BAJO','Lorem ipsum',1,26,NULL,98,NULL,'2024-05-20 15:38:07','2024-05-20 15:38:07',NULL,'recommendation'),
(293,'BSICO','Lorem ipsum',2,26,NULL,98,NULL,'2024-05-20 15:38:07','2024-05-20 15:38:07',NULL,'recommendation'),
(294,'ALTO','Lorem ipsum',3,26,NULL,98,NULL,'2024-05-20 15:38:07','2024-05-20 15:38:07',NULL,'recommendation'),
(295,'BAJO','Lorem ipsum',1,26,NULL,99,NULL,'2024-05-20 15:38:07','2024-05-20 15:38:07',NULL,'recommendation'),
(296,'BSICO','Lorem ipsum',2,26,NULL,99,NULL,'2024-05-20 15:38:07','2024-05-20 15:38:07',NULL,'recommendation'),
(297,'ALTO','Lorem ipsum',3,26,NULL,99,NULL,'2024-05-20 15:38:07','2024-05-20 15:38:07',NULL,'recommendation'),
(298,'BAJO','Lorem ipsum',1,26,NULL,100,NULL,'2024-05-20 15:38:08','2024-05-20 15:38:08',NULL,'recommendation'),
(299,'BSICO','Lorem ipsum',2,26,NULL,100,NULL,'2024-05-20 15:38:08','2024-05-20 15:38:08',NULL,'recommendation'),
(300,'ALTO','Lorem ipsum',3,26,NULL,100,NULL,'2024-05-20 15:38:08','2024-05-20 15:38:08',NULL,'recommendation'),
(301,'BAJO','Lorem ipsum',1,27,NULL,101,NULL,'2024-05-20 15:38:08','2024-05-20 15:38:08',NULL,'recommendation'),
(302,'BSICO','Lorem ipsum',2,27,NULL,101,NULL,'2024-05-20 15:38:08','2024-05-20 15:38:08',NULL,'recommendation'),
(303,'ALTO','Lorem ipsum',3,27,NULL,101,NULL,'2024-05-20 15:38:08','2024-05-20 15:38:08',NULL,'recommendation'),
(304,'BAJO','Lorem ipsum',1,27,NULL,102,NULL,'2024-05-20 15:38:09','2024-05-20 15:38:09',NULL,'recommendation'),
(305,'BSICO','Lorem ipsum',2,27,NULL,102,NULL,'2024-05-20 15:38:09','2024-05-20 15:38:09',NULL,'recommendation'),
(306,'ALTO','Lorem ipsum',3,27,NULL,102,NULL,'2024-05-20 15:38:09','2024-05-20 15:38:09',NULL,'recommendation'),
(307,'BAJO','Lorem ipsum',1,27,NULL,103,NULL,'2024-05-20 15:38:09','2024-05-20 15:38:09',NULL,'recommendation'),
(308,'BSICO','Lorem ipsum',2,27,NULL,103,NULL,'2024-05-20 15:38:09','2024-05-20 15:38:09',NULL,'recommendation'),
(309,'ALTO','Lorem ipsum',3,27,NULL,103,NULL,'2024-05-20 15:38:09','2024-05-20 15:38:09',NULL,'recommendation'),
(310,'BAJO','Lorem ipsum',1,27,NULL,104,NULL,'2024-05-20 15:38:10','2024-05-20 15:38:10',NULL,'recommendation'),
(311,'BSICO','Lorem ipsum',2,27,NULL,104,NULL,'2024-05-20 15:38:10','2024-05-20 15:38:10',NULL,'recommendation'),
(312,'ALTO','Lorem ipsum',3,27,NULL,104,NULL,'2024-05-20 15:38:10','2024-05-20 15:38:10',NULL,'recommendation'),
(313,'BAJO','Lorem ipsum',1,28,NULL,105,NULL,'2024-05-20 15:38:10','2024-05-20 15:38:10',NULL,'recommendation'),
(314,'BSICO','Lorem ipsum',2,28,NULL,105,NULL,'2024-05-20 15:38:10','2024-05-20 15:38:10',NULL,'recommendation'),
(315,'ALTO','Lorem ipsum',3,28,NULL,105,NULL,'2024-05-20 15:38:10','2024-05-20 15:38:10',NULL,'recommendation'),
(316,'BAJO','Lorem ipsum',1,28,NULL,106,NULL,'2024-05-20 15:38:11','2024-05-20 15:38:11',NULL,'recommendation'),
(317,'BSICO','Lorem ipsum',2,28,NULL,106,NULL,'2024-05-20 15:38:11','2024-05-20 15:38:11',NULL,'recommendation'),
(318,'ALTO','Lorem ipsum',3,28,NULL,106,NULL,'2024-05-20 15:38:11','2024-05-20 15:38:11',NULL,'recommendation'),
(319,'BAJO','Lorem ipsum',1,28,NULL,107,NULL,'2024-05-20 15:38:11','2024-05-20 15:38:11',NULL,'recommendation'),
(320,'BSICO','Lorem ipsum',2,28,NULL,107,NULL,'2024-05-20 15:38:11','2024-05-20 15:38:11',NULL,'recommendation'),
(321,'ALTO','Lorem ipsum',3,28,NULL,107,NULL,'2024-05-20 15:38:11','2024-05-20 15:38:11',NULL,'recommendation'),
(322,'BAJO','Lorem ipsum',1,28,NULL,108,NULL,'2024-05-20 15:38:12','2024-05-20 15:38:12',NULL,'recommendation'),
(323,'BSICO','Lorem ipsum',2,28,NULL,108,NULL,'2024-05-20 15:38:12','2024-05-20 15:38:12',NULL,'recommendation'),
(324,'ALTO','Lorem ipsum',3,28,NULL,108,NULL,'2024-05-20 15:38:12','2024-05-20 15:38:12',NULL,'recommendation'),
(325,'BAJO','Lorem ipsum',1,29,NULL,109,NULL,'2024-05-20 15:38:12','2024-05-20 15:38:12',NULL,'recommendation'),
(326,'BSICO','Lorem ipsum',2,29,NULL,109,NULL,'2024-05-20 15:38:12','2024-05-20 15:38:12',NULL,'recommendation'),
(327,'ALTO','Lorem ipsum',3,29,NULL,109,NULL,'2024-05-20 15:38:12','2024-05-20 15:38:12',NULL,'recommendation'),
(328,'BAJO','Lorem ipsum',1,29,NULL,110,NULL,'2024-05-20 15:38:13','2024-05-20 15:38:13',NULL,'recommendation'),
(329,'BSICO','Lorem ipsum',2,29,NULL,110,NULL,'2024-05-20 15:38:13','2024-05-20 15:38:13',NULL,'recommendation'),
(330,'ALTO','Lorem ipsum',3,29,NULL,110,NULL,'2024-05-20 15:38:13','2024-05-20 15:38:13',NULL,'recommendation'),
(331,'BAJO','Lorem ipsum',1,29,NULL,111,NULL,'2024-05-20 15:38:13','2024-05-20 15:38:13',NULL,'recommendation'),
(332,'BSICO','Lorem ipsum',2,29,NULL,111,NULL,'2024-05-20 15:38:13','2024-05-20 15:38:13',NULL,'recommendation'),
(333,'ALTO','Lorem ipsum',3,29,NULL,111,NULL,'2024-05-20 15:38:13','2024-05-20 15:38:13',NULL,'recommendation'),
(334,'BAJO','Lorem ipsum',1,29,NULL,112,NULL,'2024-05-20 15:38:14','2024-05-20 15:38:14',NULL,'recommendation'),
(335,'BSICO','Lorem ipsum',2,29,NULL,112,NULL,'2024-05-20 15:38:14','2024-05-20 15:38:14',NULL,'recommendation'),
(336,'ALTO','Lorem ipsum',3,29,NULL,112,NULL,'2024-05-20 15:38:14','2024-05-20 15:38:14',NULL,'recommendation'),
(337,'BAJO','Lorem ipsum',1,30,NULL,113,NULL,'2024-05-20 15:38:14','2024-05-20 15:38:14',NULL,'recommendation'),
(338,'BSICO','Lorem ipsum',2,30,NULL,113,NULL,'2024-05-20 15:38:14','2024-05-20 15:38:14',NULL,'recommendation'),
(339,'ALTO','Lorem ipsum',3,30,NULL,113,NULL,'2024-05-20 15:38:14','2024-05-20 15:38:14',NULL,'recommendation'),
(340,'BAJO','Lorem ipsum',1,30,NULL,114,NULL,'2024-05-20 15:38:14','2024-05-20 15:38:14',NULL,'recommendation'),
(341,'BSICO','Lorem ipsum',2,30,NULL,114,NULL,'2024-05-20 15:38:15','2024-05-20 15:38:15',NULL,'recommendation'),
(342,'ALTO','Lorem ipsum',3,30,NULL,114,NULL,'2024-05-20 15:38:15','2024-05-20 15:38:15',NULL,'recommendation'),
(343,'BAJO','Lorem ipsum',1,30,NULL,115,NULL,'2024-05-20 15:38:15','2024-05-20 15:38:15',NULL,'recommendation'),
(344,'BSICO','Lorem ipsum',2,30,NULL,115,NULL,'2024-05-20 15:38:15','2024-05-20 15:38:15',NULL,'recommendation'),
(345,'ALTO','Lorem ipsum',3,30,NULL,115,NULL,'2024-05-20 15:38:15','2024-05-20 15:38:15',NULL,'recommendation'),
(346,'BAJO','Lorem ipsum',1,30,NULL,116,NULL,'2024-05-20 15:38:15','2024-05-20 15:38:15',NULL,'recommendation'),
(347,'BSICO','Lorem ipsum',2,30,NULL,116,NULL,'2024-05-20 15:38:16','2024-05-20 15:38:16',NULL,'recommendation'),
(348,'ALTO','Lorem ipsum',3,30,NULL,116,NULL,'2024-05-20 15:38:16','2024-05-20 15:38:16',NULL,'recommendation'),
(349,'BAJO','Lorem ipsum',1,31,NULL,117,NULL,'2024-05-20 15:38:16','2024-05-20 15:38:16',NULL,'recommendation'),
(350,'BSICO','Lorem ipsum',2,31,NULL,117,NULL,'2024-05-20 15:38:16','2024-05-20 15:38:16',NULL,'recommendation'),
(351,'ALTO','Lorem ipsum',3,31,NULL,117,NULL,'2024-05-20 15:38:16','2024-05-20 15:38:16',NULL,'recommendation'),
(352,'BAJO','Lorem ipsum',1,31,NULL,118,NULL,'2024-05-20 15:38:16','2024-05-20 15:38:16',NULL,'recommendation'),
(353,'BSICO','Lorem ipsum',2,31,NULL,118,NULL,'2024-05-20 15:38:17','2024-05-20 15:38:17',NULL,'recommendation'),
(354,'ALTO','Lorem ipsum',3,31,NULL,118,NULL,'2024-05-20 15:38:17','2024-05-20 15:38:17',NULL,'recommendation'),
(355,'BAJO','Lorem ipsum',1,31,NULL,119,NULL,'2024-05-20 15:38:17','2024-05-20 15:38:17',NULL,'recommendation'),
(356,'BSICO','Lorem ipsum',2,31,NULL,119,NULL,'2024-05-20 15:38:17','2024-05-20 15:38:17',NULL,'recommendation'),
(357,'ALTO','Lorem ipsum',3,31,NULL,119,NULL,'2024-05-20 15:38:17','2024-05-20 15:38:17',NULL,'recommendation'),
(358,'BAJO','Lorem ipsum',1,31,NULL,120,NULL,'2024-05-20 15:38:17','2024-05-20 15:38:17',NULL,'recommendation'),
(359,'BSICO','Lorem ipsum',2,31,NULL,120,NULL,'2024-05-20 15:38:18','2024-05-20 15:38:18',NULL,'recommendation'),
(360,'ALTO','Lorem ipsum',3,31,NULL,120,NULL,'2024-05-20 15:38:18','2024-05-20 15:38:18',NULL,'recommendation'),
(361,'BAJO','Lorem ipsum',1,26,NULL,121,NULL,'2024-05-20 15:38:18','2024-05-20 15:38:18',NULL,'recommendation'),
(362,'BSICO','Lorem ipsum',2,26,NULL,121,NULL,'2024-05-20 15:38:18','2024-05-20 15:38:18',NULL,'recommendation'),
(363,'ALTO','Lorem ipsum',3,26,NULL,121,NULL,'2024-05-20 15:38:18','2024-05-20 15:38:18',NULL,'recommendation'),
(364,'BAJO','Lorem ipsum',1,26,NULL,122,NULL,'2024-05-20 15:38:18','2024-05-20 15:38:18',NULL,'recommendation'),
(365,'BSICO','Lorem ipsum',2,26,NULL,122,NULL,'2024-05-20 15:38:19','2024-05-20 15:38:19',NULL,'recommendation'),
(366,'ALTO','Lorem ipsum',3,26,NULL,122,NULL,'2024-05-20 15:38:19','2024-05-20 15:38:19',NULL,'recommendation'),
(367,'BAJO','Lorem ipsum',1,26,NULL,123,NULL,'2024-05-20 15:38:19','2024-05-20 15:38:19',NULL,'recommendation'),
(368,'BSICO','Lorem ipsum',2,26,NULL,123,NULL,'2024-05-20 15:38:19','2024-05-20 15:38:19',NULL,'recommendation'),
(369,'ALTO','Lorem ipsum',3,26,NULL,123,NULL,'2024-05-20 15:38:19','2024-05-20 15:38:19',NULL,'recommendation'),
(370,'BAJO','Lorem ipsum',1,26,NULL,124,NULL,'2024-05-20 15:38:19','2024-05-20 15:38:19',NULL,'recommendation'),
(371,'BSICO','Lorem ipsum',2,26,NULL,124,NULL,'2024-05-20 15:38:20','2024-05-20 15:38:20',NULL,'recommendation'),
(372,'ALTO','Lorem ipsum',3,26,NULL,124,NULL,'2024-05-20 15:38:20','2024-05-20 15:38:20',NULL,'recommendation'),
(373,'BAJO','Lorem ipsum',1,27,NULL,125,NULL,'2024-05-20 15:38:20','2024-05-20 15:38:20',NULL,'recommendation'),
(374,'BSICO','Lorem ipsum',2,27,NULL,125,NULL,'2024-05-20 15:38:20','2024-05-20 15:38:20',NULL,'recommendation'),
(375,'ALTO','Lorem ipsum',3,27,NULL,125,NULL,'2024-05-20 15:38:20','2024-05-20 15:38:20',NULL,'recommendation'),
(376,'BAJO','Lorem ipsum',1,27,NULL,126,NULL,'2024-05-20 15:38:20','2024-05-20 15:38:20',NULL,'recommendation'),
(377,'BSICO','Lorem ipsum',2,27,NULL,126,NULL,'2024-05-20 15:38:20','2024-05-20 15:38:20',NULL,'recommendation'),
(378,'ALTO','Lorem ipsum',3,27,NULL,126,NULL,'2024-05-20 15:38:21','2024-05-20 15:38:21',NULL,'recommendation'),
(379,'BAJO','Lorem ipsum',1,27,NULL,127,NULL,'2024-05-20 15:38:21','2024-05-20 15:38:21',NULL,'recommendation'),
(380,'BSICO','Lorem ipsum',2,27,NULL,127,NULL,'2024-05-20 15:38:21','2024-05-20 15:38:21',NULL,'recommendation'),
(381,'ALTO','Lorem ipsum',3,27,NULL,127,NULL,'2024-05-20 15:38:21','2024-05-20 15:38:21',NULL,'recommendation'),
(382,'BAJO','Lorem ipsum',1,27,NULL,128,NULL,'2024-05-20 15:38:21','2024-05-20 15:38:21',NULL,'recommendation'),
(383,'BSICO','Lorem ipsum',2,27,NULL,128,NULL,'2024-05-20 15:38:21','2024-05-20 15:38:21',NULL,'recommendation'),
(384,'ALTO','Lorem ipsum',3,27,NULL,128,NULL,'2024-05-20 15:38:22','2024-05-20 15:38:22',NULL,'recommendation'),
(385,'BAJO','Lorem ipsum',1,28,NULL,129,NULL,'2024-05-20 15:38:22','2024-05-20 15:38:22',NULL,'recommendation'),
(386,'BSICO','Lorem ipsum',2,28,NULL,129,NULL,'2024-05-20 15:38:22','2024-05-20 15:38:22',NULL,'recommendation'),
(387,'ALTO','Lorem ipsum',3,28,NULL,129,NULL,'2024-05-20 15:38:22','2024-05-20 15:38:22',NULL,'recommendation'),
(388,'BAJO','Lorem ipsum',1,28,NULL,130,NULL,'2024-05-20 15:38:22','2024-05-20 15:38:22',NULL,'recommendation'),
(389,'BSICO','Lorem ipsum',2,28,NULL,130,NULL,'2024-05-20 15:38:22','2024-05-20 15:38:22',NULL,'recommendation'),
(390,'ALTO','Lorem ipsum',3,28,NULL,130,NULL,'2024-05-20 15:38:23','2024-05-20 15:38:23',NULL,'recommendation'),
(391,'BAJO','Lorem ipsum',1,28,NULL,131,NULL,'2024-05-20 15:38:23','2024-05-20 15:38:23',NULL,'recommendation'),
(392,'BSICO','Lorem ipsum',2,28,NULL,131,NULL,'2024-05-20 15:38:23','2024-05-20 15:38:23',NULL,'recommendation'),
(393,'ALTO','Lorem ipsum',3,28,NULL,131,NULL,'2024-05-20 15:38:23','2024-05-20 15:38:23',NULL,'recommendation'),
(394,'BAJO','Lorem ipsum',1,28,NULL,132,NULL,'2024-05-20 15:38:23','2024-05-20 15:38:23',NULL,'recommendation'),
(395,'BSICO','Lorem ipsum',2,28,NULL,132,NULL,'2024-05-20 15:38:23','2024-05-20 15:38:23',NULL,'recommendation'),
(396,'ALTO','Lorem ipsum',3,28,NULL,132,NULL,'2024-05-20 15:38:24','2024-05-20 15:38:24',NULL,'recommendation'),
(397,'BAJO','Lorem ipsum',1,29,NULL,133,NULL,'2024-05-20 15:38:24','2024-05-20 15:38:24',NULL,'recommendation'),
(398,'BSICO','Lorem ipsum',2,29,NULL,133,NULL,'2024-05-20 15:38:24','2024-05-20 15:38:24',NULL,'recommendation'),
(399,'ALTO','Lorem ipsum',3,29,NULL,133,NULL,'2024-05-20 15:38:24','2024-05-20 15:38:24',NULL,'recommendation'),
(400,'BAJO','Lorem ipsum',1,29,NULL,134,NULL,'2024-05-20 15:38:24','2024-05-20 15:38:24',NULL,'recommendation'),
(401,'BSICO','Lorem ipsum',2,29,NULL,134,NULL,'2024-05-20 15:38:24','2024-05-20 15:38:24',NULL,'recommendation'),
(402,'ALTO','Lorem ipsum',3,29,NULL,134,NULL,'2024-05-20 15:38:24','2024-05-20 15:38:24',NULL,'recommendation'),
(403,'BAJO','Lorem ipsum',1,29,NULL,135,NULL,'2024-05-20 15:38:25','2024-05-20 15:38:25',NULL,'recommendation'),
(404,'BSICO','Lorem ipsum',2,29,NULL,135,NULL,'2024-05-20 15:38:25','2024-05-20 15:38:25',NULL,'recommendation'),
(405,'ALTO','Lorem ipsum',3,29,NULL,135,NULL,'2024-05-20 15:38:25','2024-05-20 15:38:25',NULL,'recommendation'),
(406,'BAJO','Lorem ipsum',1,29,NULL,136,NULL,'2024-05-20 15:38:25','2024-05-20 15:38:25',NULL,'recommendation'),
(407,'BSICO','Lorem ipsum',2,29,NULL,136,NULL,'2024-05-20 15:38:25','2024-05-20 15:38:25',NULL,'recommendation'),
(408,'ALTO','Lorem ipsum',3,29,NULL,136,NULL,'2024-05-20 15:38:25','2024-05-20 15:38:25',NULL,'recommendation'),
(409,'BAJO','Lorem ipsum',1,30,NULL,137,NULL,'2024-05-20 15:38:26','2024-05-20 15:38:26',NULL,'recommendation'),
(410,'BSICO','Lorem ipsum',2,30,NULL,137,NULL,'2024-05-20 15:38:26','2024-05-20 15:38:26',NULL,'recommendation'),
(411,'ALTO','Lorem ipsum',3,30,NULL,137,NULL,'2024-05-20 15:38:26','2024-05-20 15:38:26',NULL,'recommendation'),
(412,'BAJO','Lorem ipsum',1,30,NULL,138,NULL,'2024-05-20 15:38:26','2024-05-20 15:38:26',NULL,'recommendation'),
(413,'BSICO','Lorem ipsum',2,30,NULL,138,NULL,'2024-05-20 15:38:26','2024-05-20 15:38:26',NULL,'recommendation'),
(414,'ALTO','Lorem ipsum',3,30,NULL,138,NULL,'2024-05-20 15:38:26','2024-05-20 15:38:26',NULL,'recommendation'),
(415,'BAJO','Lorem ipsum',1,30,NULL,139,NULL,'2024-05-20 15:38:27','2024-05-20 15:38:27',NULL,'recommendation'),
(416,'BSICO','Lorem ipsum',2,30,NULL,139,NULL,'2024-05-20 15:38:27','2024-05-20 15:38:27',NULL,'recommendation'),
(417,'ALTO','Lorem ipsum',3,30,NULL,139,NULL,'2024-05-20 15:38:27','2024-05-20 15:38:27',NULL,'recommendation'),
(418,'BAJO','Lorem ipsum',1,30,NULL,140,NULL,'2024-05-20 15:38:27','2024-05-20 15:38:27',NULL,'recommendation'),
(419,'BSICO','Lorem ipsum',2,30,NULL,140,NULL,'2024-05-20 15:38:27','2024-05-20 15:38:27',NULL,'recommendation'),
(420,'ALTO','Lorem ipsum',3,30,NULL,140,NULL,'2024-05-20 15:38:27','2024-05-20 15:38:27',NULL,'recommendation'),
(421,'BAJO','Lorem ipsum',1,31,NULL,141,NULL,'2024-05-20 15:38:28','2024-05-20 15:38:28',NULL,'recommendation'),
(422,'BSICO','Lorem ipsum',2,31,NULL,141,NULL,'2024-05-20 15:38:28','2024-05-20 15:38:28',NULL,'recommendation'),
(423,'ALTO','Lorem ipsum',3,31,NULL,141,NULL,'2024-05-20 15:38:28','2024-05-20 15:38:28',NULL,'recommendation'),
(424,'BAJO','Lorem ipsum',1,31,NULL,142,NULL,'2024-05-20 15:38:28','2024-05-20 15:38:28',NULL,'recommendation'),
(425,'BSICO','Lorem ipsum',2,31,NULL,142,NULL,'2024-05-20 15:38:28','2024-05-20 15:38:28',NULL,'recommendation'),
(426,'ALTO','Lorem ipsum',3,31,NULL,142,NULL,'2024-05-20 15:38:28','2024-05-20 15:38:28',NULL,'recommendation'),
(427,'BAJO','Lorem ipsum',1,31,NULL,143,NULL,'2024-05-20 15:38:29','2024-05-20 15:38:29',NULL,'recommendation'),
(428,'BSICO','Lorem ipsum',2,31,NULL,143,NULL,'2024-05-20 15:38:29','2024-05-20 15:38:29',NULL,'recommendation'),
(429,'ALTO','Lorem ipsum',3,31,NULL,143,NULL,'2024-05-20 15:38:29','2024-05-20 15:38:29',NULL,'recommendation'),
(430,'BAJO','Lorem ipsum',1,31,NULL,144,NULL,'2024-05-20 15:38:29','2024-05-20 15:38:29',NULL,'recommendation'),
(431,'BSICO','Lorem ipsum',2,31,NULL,144,NULL,'2024-05-20 15:38:29','2024-05-20 15:38:29',NULL,'recommendation'),
(432,'ALTO','Lorem ipsum',3,31,NULL,144,NULL,'2024-05-20 15:38:29','2024-05-20 15:38:29',NULL,'recommendation');
/*!40000 ALTER TABLE `recommendation` ENABLE KEYS */;
UNLOCK TABLES;

--
-- Table structure for table `rol`
--

DROP TABLE IF EXISTS `rol`;
/*!40101 SET @saved_cs_client     = @@character_set_client */;
/*!40101 SET character_set_client = utf8 */;
CREATE TABLE `rol` (
  `rol_id` int NOT NULL AUTO_INCREMENT,
  `name` varchar(255) NOT NULL,
  `date_creation` datetime NOT NULL DEFAULT CURRENT_TIMESTAMP,
  `date_modification` datetime NOT NULL DEFAULT CURRENT_TIMESTAMP,
  `date_delete` datetime DEFAULT NULL,
  PRIMARY KEY (`rol_id`),
  UNIQUE KEY `name` (`name`)
) ENGINE=InnoDB AUTO_INCREMENT=9 DEFAULT CHARSET=utf8mb4 COLLATE=utf8mb4_0900_ai_ci;
/*!40101 SET character_set_client = @saved_cs_client */;

--
-- Dumping data for table `rol`
--

LOCK TABLES `rol` WRITE;
/*!40000 ALTER TABLE `rol` DISABLE KEYS */;
INSERT INTO `rol` VALUES
(1,'Superadmin','2022-10-01 01:46:35','2022-10-01 01:46:35',NULL),
(2,'Administrador','2022-10-28 05:15:48','2022-10-28 05:15:48',NULL),
(3,'Estudiante','2022-10-28 05:16:18','2023-05-26 14:49:22',NULL),
(4,'Institucin Educativa','2022-10-28 05:16:32','2023-06-23 14:52:20',NULL),
(5,'Secretara','2022-10-28 05:16:41','2022-10-28 05:16:41',NULL),
(6,'Docente','2023-09-04 20:15:23','2023-09-04 20:15:23',NULL),
(7,'Coordinador','2023-09-04 20:15:23','2023-09-04 20:15:23',NULL),
(8,'Sistema','2024-06-14 20:38:02','2024-06-14 20:38:02',NULL);
/*!40000 ALTER TABLE `rol` ENABLE KEYS */;
UNLOCK TABLES;

--
-- Table structure for table `rol_permission`
--

DROP TABLE IF EXISTS `rol_permission`;
/*!40101 SET @saved_cs_client     = @@character_set_client */;
/*!40101 SET character_set_client = utf8 */;
CREATE TABLE `rol_permission` (
  `rolper_id` int NOT NULL AUTO_INCREMENT,
  `rol_id` int NOT NULL,
  `permission_id` int NOT NULL,
  `date_creation` datetime NOT NULL DEFAULT CURRENT_TIMESTAMP,
  `date_modification` datetime NOT NULL DEFAULT CURRENT_TIMESTAMP,
  `date_delete` datetime DEFAULT NULL,
  PRIMARY KEY (`rolper_id`),
  KEY `rol_id` (`rol_id`),
  KEY `permission_id` (`permission_id`),
  CONSTRAINT `rol_permission_ibfk_1` FOREIGN KEY (`rol_id`) REFERENCES `rol` (`rol_id`),
  CONSTRAINT `rol_permission_ibfk_2` FOREIGN KEY (`permission_id`) REFERENCES `permission` (`permission_id`)
) ENGINE=InnoDB AUTO_INCREMENT=210 DEFAULT CHARSET=utf8mb4 COLLATE=utf8mb4_0900_ai_ci;
/*!40101 SET character_set_client = @saved_cs_client */;

--
-- Dumping data for table `rol_permission`
--

LOCK TABLES `rol_permission` WRITE;
/*!40000 ALTER TABLE `rol_permission` DISABLE KEYS */;
/*!40000 ALTER TABLE `rol_permission` ENABLE KEYS */;
UNLOCK TABLES;

--
-- Table structure for table `school_year`
--

DROP TABLE IF EXISTS `school_year`;
/*!40101 SET @saved_cs_client     = @@character_set_client */;
/*!40101 SET character_set_client = utf8 */;
CREATE TABLE `school_year` (
  `schyea_id` int NOT NULL AUTO_INCREMENT,
  `name` varchar(255) NOT NULL,
  `date_creation` datetime NOT NULL DEFAULT CURRENT_TIMESTAMP,
  `date_modification` datetime NOT NULL DEFAULT CURRENT_TIMESTAMP,
  `date_delete` datetime DEFAULT NULL,
  PRIMARY KEY (`schyea_id`),
  UNIQUE KEY `name` (`name`),
  KEY `idx_school_year_date_delete` (`date_delete`)
) ENGINE=InnoDB AUTO_INCREMENT=4 DEFAULT CHARSET=utf8mb4 COLLATE=utf8mb4_0900_ai_ci;
/*!40101 SET character_set_client = @saved_cs_client */;

--
-- Dumping data for table `school_year`
--

LOCK TABLES `school_year` WRITE;
/*!40000 ALTER TABLE `school_year` DISABLE KEYS */;
INSERT INTO `school_year` VALUES
(1,'2022','2023-04-19 00:49:17','2023-04-19 00:49:17',NULL),
(2,'2023','2023-04-19 00:49:29','2023-04-19 00:49:29',NULL),
(3,'2024','2024-02-06 19:51:41','2024-02-06 19:51:41',NULL);
/*!40000 ALTER TABLE `school_year` ENABLE KEYS */;
UNLOCK TABLES;

--
-- Table structure for table `town`
--

DROP TABLE IF EXISTS `town`;
/*!40101 SET @saved_cs_client     = @@character_set_client */;
/*!40101 SET character_set_client = utf8 */;
CREATE TABLE `town` (
  `town_id` int NOT NULL AUTO_INCREMENT,
  `name` varchar(255) NOT NULL,
  `code_dane` varchar(100) DEFAULT NULL,
  `department_id` int DEFAULT NULL,
  `zone_id` int DEFAULT NULL,
  `date_creation` datetime NOT NULL DEFAULT CURRENT_TIMESTAMP,
  `date_modification` datetime NOT NULL DEFAULT CURRENT_TIMESTAMP,
  `date_delete` datetime DEFAULT NULL,
  PRIMARY KEY (`town_id`),
  UNIQUE KEY `name` (`name`),
  UNIQUE KEY `town_dane_unique` (`code_dane`),
  KEY `department_id` (`department_id`),
  KEY `zone_id` (`zone_id`),
  KEY `idx_town_date_delete` (`date_delete`),
  CONSTRAINT `town_ibfk_1` FOREIGN KEY (`department_id`) REFERENCES `department` (`department_id`),
  CONSTRAINT `town_ibfk_2` FOREIGN KEY (`zone_id`) REFERENCES `zone` (`zone_id`)
) ENGINE=InnoDB AUTO_INCREMENT=40 DEFAULT CHARSET=utf8mb4 COLLATE=utf8mb4_0900_ai_ci;
/*!40101 SET character_set_client = @saved_cs_client */;

--
-- Dumping data for table `town`
--

LOCK TABLES `town` WRITE;
/*!40000 ALTER TABLE `town` DISABLE KEYS */;
INSERT INTO `town` VALUES
(1,'FLORIDA',NULL,1,1,'2023-04-11 23:06:33','2023-04-11 23:06:33',NULL),
(2,'ANDALUCA',NULL,1,1,'2023-04-11 23:06:33','2023-04-11 23:06:33',NULL),
(3,'PRADERA',NULL,1,1,'2023-04-11 23:06:33','2023-04-11 23:06:33',NULL),
(4,'RIOFRO',NULL,1,1,'2023-04-11 23:06:33','2023-04-11 23:06:33',NULL),
(5,'SEVILLA',NULL,1,1,'2023-04-11 23:06:33','2023-04-11 23:06:33',NULL),
(6,'CAICEDONIA',NULL,1,1,'2023-04-11 23:06:33','2023-04-11 23:06:33',NULL),
(7,'VIJES',NULL,1,1,'2023-04-11 23:06:33','2023-04-11 23:06:33',NULL),
(8,'BUGALAGRANDE',NULL,1,1,'2023-04-11 23:06:33','2023-04-11 23:06:33',NULL),
(9,'ZARZAL',NULL,1,1,'2023-04-11 23:06:33','2023-04-11 23:06:33',NULL),
(10,'SAN PEDRO',NULL,1,1,'2023-04-11 23:06:33','2023-04-11 23:06:33',NULL),
(11,'RESTREPO',NULL,1,1,'2023-04-11 23:06:33','2023-04-11 23:06:33',NULL),
(12,'ANSERMANUEVO',NULL,1,1,'2023-04-11 23:06:33','2023-04-11 23:06:33',NULL),
(13,'LA UNIN',NULL,1,1,'2023-04-11 23:06:33','2023-04-11 23:06:33',NULL),
(14,'ALCAL',NULL,1,1,'2023-04-11 23:06:33','2023-04-11 23:06:33',NULL),
(15,'EL DOVIO',NULL,1,1,'2023-04-11 23:06:33','2023-04-11 23:06:33',NULL),
(16,'TRUJILLO',NULL,1,1,'2023-04-11 23:06:33','2023-04-11 23:06:33',NULL),
(17,'ROLDANILLO',NULL,1,1,'2023-04-11 23:06:33','2023-04-11 23:06:33',NULL),
(18,'TORO',NULL,1,1,'2023-04-11 23:06:33','2023-04-11 23:06:33',NULL),
(19,'DAGUA',NULL,1,2,'2023-04-11 23:06:33','2023-04-11 23:06:33',NULL),
(20,'GINEBRA',NULL,1,2,'2023-04-11 23:06:33','2023-04-11 23:06:33',NULL),
(21,'VERSALLES',NULL,1,2,'2023-04-11 23:06:33','2023-04-11 23:06:33',NULL),
(22,'EL CERRITO',NULL,1,2,'2023-04-11 23:06:33','2023-04-11 23:06:33',NULL),
(23,'BOLVAR',NULL,1,2,'2023-04-11 23:06:33','2023-04-11 23:06:33',NULL),
(24,'LA CUMBRE',NULL,1,2,'2023-04-11 23:06:33','2023-04-11 23:06:33',NULL),
(25,'LA VICTORIA',NULL,1,2,'2023-04-11 23:06:33','2023-04-11 23:06:33',NULL),
(26,'EL GUILA',NULL,1,2,'2023-04-11 23:06:33','2023-04-11 23:06:33',NULL),
(27,'CALIMA EL DARIEN',NULL,1,2,'2023-04-11 23:06:33','2023-04-11 23:06:33',NULL),
(28,'CANDELARIA',NULL,1,2,'2023-04-11 23:06:33','2023-04-11 23:06:33',NULL),
(29,'YOTOCO',NULL,1,2,'2023-04-11 23:06:33','2023-04-11 23:06:33',NULL),
(30,'GUACAR',NULL,1,2,'2023-04-11 23:06:33','2023-04-11 23:06:33',NULL),
(31,'EL CAIRO',NULL,1,2,'2023-04-11 23:06:33','2023-04-11 23:06:33',NULL),
(32,'ARGELIA',NULL,1,2,'2023-04-11 23:06:33','2023-04-11 23:06:33',NULL),
(33,'OBANDO',NULL,1,2,'2023-04-11 23:06:33','2023-04-11 23:06:33',NULL),
(34,'ULLOA',NULL,1,2,'2023-04-11 23:06:33','2023-04-11 23:06:33',NULL),
(35,'CORPORACION',NULL,1,2,'2023-04-11 23:06:33','2023-04-11 23:06:33',NULL),
(36,'POPAYN',NULL,2,2,'2023-04-11 23:06:33','2023-04-11 23:06:33',NULL),
(37,'PASTO',NULL,3,1,'2023-04-11 23:06:33','2023-04-11 23:06:33',NULL),
(38,'CHACHAG',NULL,3,1,'2023-04-11 23:06:33','2023-04-11 23:06:33',NULL),
(39,'PIENDAM',NULL,2,2,'2023-04-11 23:06:33','2023-04-11 23:06:33',NULL);
/*!40000 ALTER TABLE `town` ENABLE KEYS */;
UNLOCK TABLES;

--
-- Table structure for table `user`
--

DROP TABLE IF EXISTS `user`;
/*!40101 SET @saved_cs_client     = @@character_set_client */;
/*!40101 SET character_set_client = utf8 */;
CREATE TABLE `user` (
  `user_id` char(36) NOT NULL DEFAULT (uuid()),
  `keycloak_id` varchar(36) DEFAULT NULL,
  `username` varchar(255) NOT NULL,
  `first_name` varchar(255) NOT NULL,
  `second_name` varchar(255) DEFAULT NULL,
  `first_lastname` varchar(255) NOT NULL,
  `second_lastname` varchar(255) DEFAULT NULL,
  `email` varchar(255) DEFAULT NULL,
  `password` varchar(255) CHARACTER SET utf8mb4 COLLATE utf8mb4_0900_ai_ci DEFAULT NULL,
  `password_hint` text,
  `reset_key` varchar(255) DEFAULT NULL,
  `avatar_id` int DEFAULT NULL,
  `document_type_id` int DEFAULT NULL,
  `date_creation` datetime NOT NULL DEFAULT CURRENT_TIMESTAMP,
  `date_modification` datetime NOT NULL DEFAULT CURRENT_TIMESTAMP,
  `date_delete` datetime DEFAULT NULL,
  `status` int DEFAULT NULL,
  `document` varchar(20) DEFAULT NULL,
  PRIMARY KEY (`user_id`),
  UNIQUE KEY `username` (`username`),
  KEY `avatar_id` (`avatar_id`),
  KEY `document_type_id` (`document_type_id`),
  KEY `idx_user_date_delete` (`date_delete`),
  CONSTRAINT `user_ibfk_1` FOREIGN KEY (`avatar_id`) REFERENCES `avatar` (`avatar_id`),
  CONSTRAINT `user_ibfk_2` FOREIGN KEY (`document_type_id`) REFERENCES `document_type` (`document_type_id`)
) ENGINE=InnoDB DEFAULT CHARSET=utf8mb4 COLLATE=utf8mb4_0900_ai_ci;
/*!40101 SET character_set_client = @saved_cs_client */;

--
-- Dumping data for table `user`
--

LOCK TABLES `user` WRITE;
/*!40000 ALTER TABLE `user` DISABLE KEYS */;
INSERT INTO `user` VALUES
('07d8c7ab-8070-4856-a72a-0c52c9ef2b45','648daee4-c126-47cb-a1c2-8b3a636e29bf','carla.giraldo','CARLA','','GIRALDO','','carla.giraldo@yopmail.com',NULL,'dHJpYW5nbGU=',NULL,NULL,2,'2024-06-07 14:22:36','2024-06-07 14:22:54',NULL,1,'23429811'),
('090f6f72-eb8d-40a5-ae95-00108f2e5bcb','03fcdd36-6140-46ff-8143-9c5e26ff48ba','aprendiz.soportejj','JOSUELO','GREGORIO','CDCCD','','aprendiz.soportejj@talentum.edu.co',NULL,NULL,NULL,NULL,2,'2024-06-06 15:13:35','2024-06-06 15:15:20',NULL,1,'11145543322'),
('0b5b5f29-9529-4641-9418-4860417424a7','b69ab408-6989-4294-8d8a-b05b109e923b','password.image.4','PASSWORD','IMAGE','CUATRO','','password.image.4@yopmail.com',NULL,'dHJpYW5nbGU=',NULL,NULL,1,'2024-05-30 22:55:29','2024-05-30 22:55:29',NULL,1,'12312309'),
('126ede31-3205-42fe-bd99-ad5897c797ff','d429ed65-c31e-48f5-a228-cbf1faada8db','estudiante.contrasena','ESTUDIANTE','','CONTRASENA','','estudiante.contrasena@yopmail.com',NULL,'c3F1YXJl',NULL,NULL,1,'2024-06-06 14:09:13','2024-06-06 14:09:13',NULL,1,'111355678654'),
('1cca1d26-8069-453f-b86d-80b88151bf68','7d31faec-4180-4291-89f4-65d9abd68f1e','aprendiz.soporte','DIANA','LUCIA','BARRIOS','NUEZ','aprendiz.soporte@talentum.edu.co',NULL,NULL,NULL,NULL,2,'2024-05-30 14:18:23','2024-05-30 14:23:44',NULL,1,'1061234567'),
('1e2c4bf2-2a8b-11ef-a668-42010a38f005','965141a7-abe0-4817-839a-7931edbe2bb1','system.regional','SYSTEM',NULL,'API',NULL,'system.regional@yopmail.com',NULL,NULL,NULL,NULL,1,'2024-06-14 20:17:26','2024-06-14 20:17:26',NULL,1,NULL),
('2c9646fd-e050-489c-a823-65823093960a','e4ed9a81-8086-4034-aceb-32877b82a314','docente1','ARMANDO','HERNEY','HOYOS','ZUIGA','docente1@yopmail.com',NULL,NULL,NULL,NULL,1,'2024-05-30 14:20:12','2024-05-30 14:20:12',NULL,1,'4627586'),
('34186a12-1bea-4164-9067-89fc86a3540c','51b5964a-662e-4535-ba3c-5233ebac9155','sagrado123','JORGE','ANDRES','ARIAS','RAMIREZ','sagrado123@gmail.com',NULL,NULL,NULL,NULL,2,'2024-06-06 15:11:50','2024-06-06 15:11:50',NULL,1,'1112892234'),
('384199e9-6098-416a-9a26-9657ad87fc37','805e10e2-6ec1-4c1a-adb9-03a64b0cff7a','angie.medina','ANGIE','','MEDINA','VARGAS','angie.medina@yopmail.com',NULL,'c3F1YXJl',NULL,NULL,2,'2024-05-29 12:52:45','2024-05-29 12:52:45',NULL,1,'112312312'),
('40ae1771-5924-4c83-9950-d6a4fdb8676d','dacf47ca-e857-4227-a9db-b492f31de9a1','docenteN1ggg','ALBERT','','RODRIGUEZ','RENDON','docenteN1ggg@yopmail.com',NULL,'dHJpYW5nbGU=',NULL,NULL,1,'2024-06-06 15:11:51','2024-06-06 15:11:51',NULL,1,'1112398471'),
('4303b59e-0892-4ff4-b168-ffcdb051a41b','7585e09b-bebc-4c47-b85e-b9e33c2a384f','isabela.sanchez','ISABELA','','SANCHEZ','','isabela.sanchez@yopmail.com',NULL,NULL,NULL,NULL,1,'2024-05-30 15:23:40','2024-05-30 15:23:40',NULL,1,'11223431'),
('47c290e4-b251-4c24-bbaa-ca075c2adfff','80add0de-c8b0-4397-8ac0-2a907944c2b7','mariaperez','MARIA','LUCIA','PEREZ','','mariaperez@gmail.com',NULL,NULL,NULL,NULL,2,'2024-05-30 14:18:43','2024-05-30 14:22:29',NULL,1,'1062764698'),
('4de83546-205c-4157-9a25-b1a5ebe8ef2e','55eadc3f-ceb5-49a1-9001-f562ebc0c3ba','angelito013','LAUREN','SOFIA','OLIVARES','ORTIZ','angelito013@gmail.com',NULL,'dHJpYW5nbGU=',NULL,NULL,5,'2024-06-06 15:10:44','2024-06-06 15:15:07',NULL,1,'1114459848'),
('5357a0e2-5928-449c-828b-38e9151250e1','5059ca45-50fa-4416-95e8-0eb6d92400a9','angel.acosta','ANGEL','','ACOSTA','','angel.acosta@yopmail.com',NULL,'dHJpYW5nbGU=',NULL,NULL,1,'2024-06-06 13:57:19','2024-06-06 13:57:19',NULL,1,'1223423415'),
('545f8615-9cc4-4c49-a448-a244170c86f6','42ff0fd2-c3d4-4edf-bb1f-80443e8650f3','estudiante.nuevo','ESTUDIANTE','','NUEVO','','estudiante.nuevo@yopmail.com',NULL,NULL,NULL,NULL,1,'2024-06-06 14:07:11','2024-06-06 14:07:11',NULL,1,'3424323423423432'),
('67db7737-403e-4cc9-aa14-e6281db07fe7','fb1a13e6-891c-4a9f-bb75-53d8d64dc8d3','Correo','A','A','S','F','Correo@correo.com',NULL,NULL,NULL,NULL,2,'2024-06-06 14:21:06','2024-06-06 14:21:06',NULL,1,'55555555'),
('72403188-55c2-45fd-8c0c-f4cefc43289b','ea88f7eb-e576-45ab-b59d-22cd42dc1c0c','alejandra.guzman','ALEJANDRA','','GUZMAN','','alejandra.guzman@yopmail.com',NULL,'Y2lyY2xl',NULL,NULL,1,'2024-05-29 13:35:09','2024-05-29 13:35:09',NULL,1,'56564635'),
('726b9183-24a4-42fd-8a32-fe35006a172d','32733d05-b2c0-4dc2-90d7-ba39b82725a1','miguel.angel','MIGUEL','ANGEL','GUEVARA','PATIO','miguel.angel@yopmail.com',NULL,'dHJpYW5nbGU=',NULL,NULL,2,'2024-06-17 16:17:30','2024-06-17 16:18:24',NULL,1,'2347238729'),
('76a818a1-507c-4710-a881-4376b9537c32','4f95c6e3-cfe8-4c0d-a72e-bee793b66ff4','lizgomez','LIZ','','GOMZ','NARIO','lizgomez@yopmail.com',NULL,'Y2lyY2xl',NULL,NULL,1,'2024-06-10 20:37:09','2024-06-10 20:37:09',NULL,1,'122'),
('7b9c3b89-eb87-44d8-ae43-b2ab20796642','6f5271e3-909f-401d-a38c-9eb41a1e81b0','david.perdomo','DAVID','','PERDOMO','','david.perdomo@yopmail.com',NULL,NULL,NULL,NULL,1,'2024-06-07 21:51:15','2024-06-07 21:51:15',NULL,1,'112231210'),
('7e85ee9f-1394-4025-9fcf-2d3b7fd14222','02e3b196-b475-40ff-9d92-36d3e1737cfe','prueba.edit','PRUEBA','EDIT','PASSWORD','IMAGE','prueba.edit@yopmail.com','Y2lyY2xl','dHJpYW5nbGU=',NULL,NULL,1,'2024-05-29 20:41:55','2024-05-29 20:50:02',NULL,1,'12243304'),
('8005ea11-b060-4420-bf44-bb827929179f','f5f74d64-8d49-420c-9906-bdfe82172a5d','estudiantev1','USUARIO','','PRUEBAV','','estudiantev1@yopmail.com',NULL,NULL,NULL,NULL,1,'2024-06-06 14:58:56','2024-06-06 14:58:56',NULL,1,'123659196849'),
('82e72c1b-b41f-4772-9c18-40a26687de20','49e7cfa7-16e6-41c9-a3d0-6311ca810032','pabloperez','PABLO','','PEREZ','','pabloperez@yopmail.com',NULL,NULL,NULL,NULL,1,'2024-06-10 13:43:34','2024-06-10 13:43:34',NULL,1,'123'),
('8359896a-65ee-4528-b4c8-8d08db9eed92','a965ae6f-b24e-40df-86c0-7e1d0607badd','passwor.image.tres','PASSWORD','IMAGE','TRES','','passwor.image.tres@yopmail.com',NULL,'dHJpYW5nbGU=',NULL,NULL,1,'2024-05-30 22:54:03','2024-05-30 22:54:03',NULL,1,'23423412'),
('86a72317-f8ab-4443-9723-77e07c7c5696','16003bb0-854d-411a-b23c-f658eb33772f','colegio','CARLOS','ADRIANO','MUELAS','MUOZ','colegio@gmail.com',NULL,NULL,NULL,NULL,5,'2024-05-30 14:20:42','2024-05-30 14:21:20',NULL,1,'1063567898'),
('884e40c2-d82b-4084-9f87-c5c13a7a4542','caadbd8a-e8df-433e-9e06-566210465713','juancamilo.benitez','JUAN','CAMILO','BENITEZ','','juancamilo.benitez@yopmail.com',NULL,NULL,NULL,NULL,1,'2024-05-29 13:33:26','2024-05-29 13:33:26',NULL,1,'2423416'),
('8cec3884-8a7f-4a68-9744-2e2df0017c1e','791f4166-1d93-4098-8a12-95dd373430e1','pedromarin','PEDRO','','MARN','','pedromarin@yopmail.com',NULL,NULL,NULL,NULL,1,'2024-05-28 22:07:11','2024-05-28 22:08:13',NULL,1,'1115736364'),
('8e03a466-240b-11ef-a668-42010a38f005','01f78740-8664-4eac-af0c-89eefafb289c','giselle','GISELLE','','BENITEZ','','giselle@yopmail.com',NULL,NULL,NULL,NULL,1,'2024-06-06 13:49:11','2024-06-06 13:49:11',NULL,1,'2342342343254'),
('8f118a39-8091-4abb-971a-9786da38d62c','1a6245d4-28cd-45be-a912-e48f2270f010','pablito.prueba','PABLITO','','MARTINEZ','','pablito.prueba@yopmail.com',NULL,'dHJpYW5nbGU=',NULL,NULL,2,'2024-06-06 14:09:08','2024-06-06 14:09:08',NULL,1,'155555550'),
('954846d3-8f1b-45d2-af0f-e819eeadeb9c','e61a43c4-6b8e-46df-b866-7aa74685ce76','rabbit1718747324','ELENA',NULL,'PEREZ',NULL,'rabbit1718747324@yopmail.com',NULL,NULL,NULL,NULL,1,'2024-06-18 21:48:56','2024-06-18 21:48:56',NULL,1,'1718747324'),
('9777dad8-ee60-49ba-a2d0-a87500206e47','56e1744f-84ef-4d1b-86e2-554745fe7901','password.image.cinco','PASSWORD','IMAGE','CINCO','','password.image.cinco@yopmail.com',NULL,'dHJpYW5nbGU=',NULL,9,1,'2024-05-31 18:11:34','2024-06-05 15:32:46',NULL,1,'3234234'),
('993e884b-a233-4d26-943f-e03076c6d125','c4d7ff3f-dbac-49a6-a812-6529e8f0dc56','steven.piedraita','STEVEN','','PIEDRAITA','','steven.piedraita@yopmail.com',NULL,NULL,NULL,NULL,1,'2024-06-13 18:56:22','2024-06-13 18:56:22',NULL,1,'234823098101'),
('9bda2534-3b98-4b3d-a0dc-abaf28bd20eb','89b7fe9c-df72-4489-b7de-74d8c4170712','joseospina','JOSE','','OSPINA','','joseospina@yopmail.com',NULL,NULL,NULL,NULL,1,'2024-06-10 14:48:34','2024-06-10 14:48:34',NULL,1,'123'),
('a1a890df-78db-4d07-b46f-f29508aec15f','c94ba7c0-c3ef-4646-a1fd-038983c70da3','gardocente1','YERNEY','JAIR','MENDEZ','LUNA','gardocente1@yahoo.com',NULL,NULL,NULL,NULL,2,'2024-05-30 14:24:21','2024-05-30 14:24:47',NULL,1,'123456756'),
('ca240fcd-00cb-4bfb-8335-9826ebe12b5b','a9923fd3-5d93-4e6c-afe6-3674244a196b','password.image','PRIMERO','','IMAGE','','password.image@yopmail.com','dHJpYW5nbGU=','cmhvbWJ1cw==',NULL,NULL,1,'2024-05-28 22:20:28','2024-05-30 15:17:02',NULL,1,'12312311'),
('cbadffd1-1c4b-11ef-9214-42010a8e0014','25bfc9e3-60e0-424e-92de-0f6d18c82bfc','superadmin.regional','SUPERADMINN','SUPERADMIN','SUPERADMIN','SUPERADMIN','superadmin.regional@yopmail.com',NULL,NULL,NULL,NULL,1,'2024-02-06 15:10:00','2024-05-30 14:00:54',NULL,1,'1234567890'),
('cbae073a-1c4b-11ef-9214-42010a8e0014','733415bf-7a92-48e3-a040-a4fe4aed5f2f','estudiante.regional','JUANITO','','PEREZ','','estudiante.regional@yopmail.com',NULL,NULL,'$2b$10$MOrgjZ5eVdAMihNilHcTteY22SKo0Rixr2UuA9Ydm7.T1EXbZBmCe',1,1,'2024-02-06 15:13:26','2024-05-16 19:22:43',NULL,1,'9876543210'),
('cbae0828-1c4b-11ef-9214-42010a8e0014','5bfe59e7-e008-4745-b2da-a2bcddbf6a1d','docente.regional','JUANITO','','PEREZ','','docente.regional@yopmail.com',NULL,NULL,'$2b$10$XTyrntcCyI.UTA//vPrxOujXabRkmiSc0I29sg.4pbRPfai1iiJKq',NULL,1,'2024-02-09 21:08:55','2024-05-28 14:07:23',NULL,1,'11157634366'),
('cbae08ce-1c4b-11ef-9214-42010a8e0014','474681f4-b61e-4740-ab8e-59ac2ae82a06','institucional.regional','ANDRES','','VELEZ','','institucional.regional@yopmail.com',NULL,NULL,NULL,NULL,1,'2024-02-09 21:08:55','2024-05-23 00:00:24',NULL,1,'111223454'),
('cbae09a3-1c4b-11ef-9214-42010a8e0014','650c4f87-ef2b-4f50-9ac7-be7aba48a6d3','administrador.regional','ADMINN','','ADMIN','','administrador.regional@yopmail.com',NULL,NULL,NULL,NULL,1,'2024-02-06 15:10:00','2024-04-25 20:54:02',NULL,1,'1234567891'),
('cbae0bf0-1c4b-11ef-9214-42010a8e0014','a05de10d-ffcb-4a25-9036-d753878b6f9f','estoesunaprueba','MARIA','','SEGURA','','estoesunaprueba@yopmail.com',NULL,NULL,NULL,NULL,1,'2024-03-20 17:36:15','2024-05-27 15:11:34',NULL,1,'11146572344'),
('cbae0d58-1c4b-11ef-9214-42010a8e0014','66e2a633-fd06-4935-8ed3-0b7c0c1c4254','nicolperez','NICOLE','','PEREZ','','nicolperez@yopmail.com',NULL,NULL,NULL,NULL,1,'2024-04-10 21:37:14','2024-05-30 14:00:38',NULL,1,'1110988342'),
('cbae0de3-1c4b-11ef-9214-42010a8e0014','23dc6e35-5123-49dd-855a-6bbc89e7cc8f','CamiloCuevas','Camilo','Andres','Cuevas','','camilo@yopmail.com',NULL,NULL,NULL,NULL,1,'2024-04-12 13:51:15','2024-04-12 15:54:16',NULL,1,'12345654'),
('cbae0e6b-1c4b-11ef-9214-42010a8e0014','1e1d0fbb-e9a6-4c49-ab05-7a2e85aa87cf','Pepito33','PEPITO','','PEREZ','','Pepito33@yopmail.com',NULL,NULL,NULL,NULL,1,'2024-04-12 15:28:58','2024-05-16 19:22:43',NULL,1,'1712935737'),
('cbae0ef0-1c4b-11ef-9214-42010a8e0014','884e45fe-2db9-45b4-966b-cb37517f2ea0','secretaria.cauca','SECRETARIA','','CAUCA','','secretaria.cauca@yopmail.com',NULL,NULL,NULL,NULL,1,'2024-04-12 21:38:31','2024-05-16 17:45:14',NULL,1,'1114567272'),
('cbae110b-1c4b-11ef-9214-42010a8e0014','dfcf8074-02c5-4545-b648-5953717c4d21','secretaria.valle','SECRETARIA','','VALLE','','secretaria.valle@yopmail.com',NULL,NULL,NULL,NULL,1,'2024-04-12 21:40:03','2024-04-23 17:31:17',NULL,1,'1114674873'),
('cbae118f-1c4b-11ef-9214-42010a8e0014','15718055-3738-4e99-85ec-594f8b307122','secretaria.narino','SECRETARIA','','NARINO','','secretaria.narino@yopmail.com',NULL,NULL,NULL,NULL,1,'2024-04-12 21:40:07','2024-04-15 20:40:52',NULL,1,'1114765231'),
('cbae1323-1c4b-11ef-9214-42010a8e0014','b803f43f-5fa7-4aea-b076-3ad85bce6585','institucion.educativa','JUAN','','PEREZ','','institucion.educativa@yopmail.com',NULL,NULL,NULL,NULL,1,'2024-04-12 21:41:10','2024-05-23 00:00:35',NULL,1,'11456398'),
('cbae13b6-1c4b-11ef-9214-42010a8e0014','52d5bd1f-dd8b-4ac9-b650-108e8dc1765a','maria.castro','MARIA','','CASTRO','','maria.castro@yopmail.com',NULL,NULL,NULL,NULL,1,'2024-04-15 19:22:10','2024-05-28 14:07:39',NULL,1,'1111765436'),
('cbae15a1-1c4b-11ef-9214-42010a8e0014','e82f596a-d606-48b3-b735-f4701b5fa930','mariocasas','MARIO','','CASAS','','mariocasas@yopmail.com',NULL,NULL,NULL,NULL,1,'2024-04-15 19:25:13','2024-05-16 19:22:43',NULL,1,'112056479'),
('cbae1637-1c4b-11ef-9214-42010a8e0014','0b712472-2dc1-4a11-bfc5-79dae2f1f407','angie','ANGIE','','VIDAL','','angie@yopmail.com',NULL,NULL,NULL,NULL,2,'2024-04-16 02:10:33','2024-05-16 19:22:43',NULL,1,'1110674965'),
('cbae16d4-1c4b-11ef-9214-42010a8e0014','5988b29b-dbae-4d50-ab58-20e9a9695f6d','emirato','SOCRATES','','EMIRATO','','emirato@yopmail.com',NULL,NULL,NULL,NULL,1,'2024-04-16 11:31:15','2024-05-28 14:07:39',NULL,1,'1112543565'),
('cbae175d-1c4b-11ef-9214-42010a8e0014','f699754d-3106-456c-b6fb-82842131ce70','juancastro','JUAN','','CASTRO','','juancastro@yopmail.com',NULL,NULL,'$2b$10$zdJ3/mu3jhdNA55tSSZeT.cnYtwPSJpTxlcmvWG2vHi8//KT.UE9.',NULL,1,'2024-04-16 14:02:46','2024-05-30 15:21:18',NULL,1,'1113456784'),
('cbae1b6e-1c4b-11ef-9214-42010a8e0014','091d1ef6-ac17-400c-a48d-dae43a5f52b5','johanaperez','JOHANA','','PEREZ','','johanaperez@yopmail.com',NULL,NULL,NULL,NULL,1,'2024-04-16 14:06:17','2024-05-16 19:22:43',NULL,1,'1148764132'),
('cbae1c4d-1c4b-11ef-9214-42010a8e0014','34afd408-2820-484a-9681-9b875d80bcd6','jose.escobar','JOSE','','ESCOBAR','','jose.escobar@yopmail.com',NULL,NULL,NULL,NULL,1,'2024-04-16 15:20:05','2024-05-16 19:22:43',NULL,1,'38867264'),
('cbae1cdb-1c4b-11ef-9214-42010a8e0014','1efa5c4f-60ec-41d1-b9bb-92210aa2560f','juan.pedroza','JUAN','DAVID','PEDROZA','','juan.pedroza@yopmail.com',NULL,NULL,NULL,NULL,1,'2024-04-16 15:36:59','2024-05-29 19:23:56',NULL,1,'111456789'),
('cbae1f8a-1c4b-11ef-9214-42010a8e0014','2af08086-5b2d-4464-a2eb-9f0a85372011','edwin.fajardo','EDWIN','','FAJARDO','','edwin.fajardo@yopmail.com',NULL,NULL,NULL,NULL,1,'2024-04-16 16:10:14','2024-05-29 16:25:12',NULL,1,'1114873652'),
('cbae2040-1c4b-11ef-9214-42010a8e0014','61059eb2-95f8-4d4c-80b7-5d8d6474fcf3','alejandra.velazquez','ALEJANDRA','','VELAZQUEZ','','alejandra.velazquez@yopmail.com',NULL,NULL,NULL,NULL,1,'2024-04-16 16:56:56','2024-05-28 14:07:43',NULL,1,'1114567123'),
('cbae2254-1c4b-11ef-9214-42010a8e0014','efa60f8f-2b72-4dff-bf5c-d3a747d8fa08','sulesy.guzman','SULESY','','GUZMAN','','sulesy.guzman@yopmail.com',NULL,NULL,NULL,NULL,1,'2024-04-16 17:02:30','2024-05-23 00:00:35',NULL,1,'1114567321'),
('cbae22fb-1c4b-11ef-9214-42010a8e0014','63d44b1c-b79d-4fe6-a420-cb36c24d1bab','henrry','HENRRY','','PIEDRAITA','','henrry@yopmail.com',NULL,NULL,NULL,NULL,1,'2024-04-16 18:46:13','2024-05-23 00:00:24',NULL,1,'11223456'),
('cbae2554-1c4b-11ef-9214-42010a8e0014','c223d845-28d1-40b1-adae-89ad5cd9a3aa','lola','LOLA','','FAJARDO','','lola@yopmail.com',NULL,NULL,NULL,NULL,1,'2024-04-16 18:50:48','2024-05-16 19:22:43',NULL,1,'1112345220'),
('cbae2768-1c4b-11ef-9214-42010a8e0014','3a8a0a88-ed37-48bc-a271-1e05bf5ebbbc','angela','ANGELA','','GONZALES','','angela@yopmail.com',NULL,NULL,NULL,NULL,1,'2024-04-16 18:52:00','2024-05-22 23:04:05',NULL,1,'432123'),
('cbae297a-1c4b-11ef-9214-42010a8e0014','165558c1-79ed-48e1-b2d9-bb6b004242f1','luisa','LUISA','','ALZATE','','luisa@yopmail.com',NULL,NULL,NULL,NULL,1,'2024-04-16 18:56:22','2024-04-30 15:11:12',NULL,1,'1112353'),
('cbae2b96-1c4b-11ef-9214-42010a8e0014','72ee82f2-1197-4f7d-8bae-c9eccaf52821','juan.rodriguez','JUAN','JOSE','RODRIGUEZ','','juan.rodriguez@yopmail.com',NULL,NULL,NULL,NULL,1,'2024-04-16 19:27:10','2024-06-06 14:30:36',NULL,1,'1114567824'),
('cbae2dd9-1c4b-11ef-9214-42010a8e0014','1215bbd5-f7a9-46f5-a075-038b3d860367','juan.reyes','JUAN','PABLO','REYES','','juan.reyes@yopmail.com',NULL,NULL,NULL,NULL,1,'2024-04-16 19:28:32','2024-05-22 22:48:00',NULL,1,'111464748'),
('cbae349c-1c4b-11ef-9214-42010a8e0014','e4e8223b-c613-46d6-bf2a-43e167a0586a','malory','MALORY','','LASO','','malory@yopmail.com',NULL,NULL,NULL,NULL,1,'2024-04-16 20:24:56','2024-04-30 15:12:42',NULL,1,'1123563'),
('cbae352e-1c4b-11ef-9214-42010a8e0014','4fdd3a5f-9118-460a-94de-580387545e59','tatianagonza','TATIANA','','GONZALES','','tatianagonza@yopmail.com',NULL,NULL,NULL,NULL,1,'2024-04-16 20:58:44','2024-04-30 15:13:12',NULL,1,'11120348'),
('cbae35b8-1c4b-11ef-9214-42010a8e0014','5ea24cee-ec94-4bcb-938a-fde68c09b174','angel','ANGEL','','ARICAPA','','angel@yopmail.com',NULL,NULL,NULL,NULL,1,'2024-04-16 21:00:04','2024-04-30 15:13:42',NULL,1,'1123545'),
('cbae363a-1c4b-11ef-9214-42010a8e0014','23876565-b218-4170-aeb1-602484f62367','rodolfo','RODOLFO','','VANEGAS','','rodolfo@yopmail.com',NULL,NULL,NULL,NULL,1,'2024-04-17 00:25:40','2024-05-22 22:54:07',NULL,1,'1112343542'),
('cbae36be-1c4b-11ef-9214-42010a8e0014','955dbf89-0e83-488f-9541-b26cc4a41494','nixon','NIXON','','AYALA','','nixon@yopmail.com',NULL,NULL,NULL,NULL,1,'2024-04-17 00:26:40','2024-04-30 15:14:34',NULL,1,'1234353'),
('cbae3741-1c4b-11ef-9214-42010a8e0014','7b9993cc-2d01-4d63-9093-2177c614d407','yuri','YURI','','ROA','','yuri@yopmail.com',NULL,NULL,NULL,NULL,1,'2024-04-17 00:27:49','2024-04-30 15:14:53',NULL,1,'12345346'),
('cbae37c5-1c4b-11ef-9214-42010a8e0014','4c460c7d-23d9-4f32-80a6-958826a65ac6','andrea','ANDREA','','VARGAS','','andrea@yopmail.com',NULL,NULL,NULL,NULL,2,'2024-04-17 14:23:50','2024-05-22 22:48:00',NULL,1,'1110049332'),
('cbae3846-1c4b-11ef-9214-42010a8e0014','16fa502c-57cf-4055-9543-a0eacc6291e8','pedro.guzman','PEDRO','','GUZMAN','','pedro.guzman@yopmail.com',NULL,NULL,NULL,NULL,1,'2024-04-17 15:35:15','2024-05-22 22:48:00',NULL,1,'1113653765'),
('cbae38c8-1c4b-11ef-9214-42010a8e0014','6933834e-59b1-4f18-b82d-9eb9c4728c98','lina.asprilla','LINA','','ASPRILLA','','lina.asprilla@yopmail.com',NULL,NULL,'$2b$10$v/t36TxflenxNIFsE5ZkwOBXlHU530ba6bPfuxalk/O27xnjqFqBa',NULL,1,'2024-04-17 16:22:42','2024-06-06 14:29:10',NULL,1,'1115676789'),
('cbae3966-1c4b-11ef-9214-42010a8e0014','e1566680-d554-4636-ab44-b79fcfbe5d7f','tatiana','TATIANA','','CAICEDO','','tatiana@yopmail.com',NULL,NULL,NULL,NULL,1,'2024-04-17 16:26:16','2024-04-30 15:16:19',NULL,1,'11123342'),
('cbae39e8-1c4b-11ef-9214-42010a8e0014','1ed7195c-9659-4831-984a-ff734c85a886','sofia','SOFIA','','SEGURA','','sofia@yopmail.com',NULL,NULL,NULL,NULL,1,'2024-04-17 16:28:01','2024-04-30 15:16:39',NULL,1,'111065473'),
('cbae3a68-1c4b-11ef-9214-42010a8e0014','2e55e737-747c-4051-869d-c077e9217664','cristian','CRISTIAN','','CASTRO','','cristian@yopmail.com',NULL,NULL,NULL,NULL,2,'2024-04-18 13:47:38','2024-04-30 15:17:12',NULL,1,'1244567'),
('cbae3aea-1c4b-11ef-9214-42010a8e0014','62e188c9-8ad7-4f6b-a927-cf1854cbd68d','angie.santos','ANGIE','','SANTOS','','angie.santos@yopmail.com',NULL,NULL,NULL,NULL,2,'2024-04-18 14:01:15','2024-04-30 15:17:32',NULL,1,'11103534'),
('cbae3b6b-1c4b-11ef-9214-42010a8e0014','e4a6d2e1-8228-4eda-b8a6-7ad349be1ecd','andros','ANDROS','GIO','GONZALES','','andros@yopmail.com',NULL,NULL,NULL,NULL,1,'2024-04-18 14:02:54','2024-06-06 14:56:21',NULL,1,'111368345'),
('cbae3be9-1c4b-11ef-9214-42010a8e0014','6d5806d4-7049-4170-a86d-7f5e0e653f2e','giss','GISS','','FAJARDO','','giss@yopmail.com',NULL,NULL,NULL,NULL,1,'2024-04-18 14:04:45','2024-05-23 00:00:24',NULL,1,'101023423'),
('cbae3c6a-1c4b-11ef-9214-42010a8e0014','0bcfbeff-daab-4f14-9bfd-4179bc5dacf3','edwin','EDWIN','','CASTRO','','edwin@yopmail.com',NULL,NULL,NULL,NULL,1,'2024-04-18 14:08:51','2024-04-30 15:18:56',NULL,1,'11113234'),
('cbae3cea-1c4b-11ef-9214-42010a8e0014','6c3ad97b-ada6-49b0-a57b-ca93c357a4b0','jhosua.molina','JHOSUA','','MOLINA','','jhosua.molina@yopmail.com',NULL,NULL,NULL,NULL,1,'2024-04-18 14:10:18','2024-05-22 22:48:00',NULL,1,'111180343'),
('cbae3d87-1c4b-11ef-9214-42010a8e0014','55a9ef32-1560-41de-8752-084bc7e58494','ANGIED','Pepito',NULL,'Perez',NULL,'ANGIED@Yopmail.com',NULL,NULL,NULL,NULL,1,'2024-04-18 14:24:09','2024-04-18 14:24:09',NULL,1,'1713450247'),
('cbae3e12-1c4b-11ef-9214-42010a8e0014','25ced1d6-dddb-4758-9716-adc20b739eb5','katy','KATY','','PIEDRAITA','','katy@yopmail.com',NULL,NULL,NULL,NULL,1,'2024-04-18 15:30:30','2024-04-30 15:20:31',NULL,1,'1113545'),
('cbae3e93-1c4b-11ef-9214-42010a8e0014','0c2f832a-9252-4573-aa75-d43ceac78ca8','jenny','JENNY','','POTES','','jenny@yopmail.com',NULL,NULL,NULL,NULL,1,'2024-04-18 15:31:38','2024-04-30 15:20:54',NULL,1,'11223'),
('cbae3f16-1c4b-11ef-9214-42010a8e0014','fa06e958-cde8-4fc2-baed-da2062e20a4f','carlos','CARLOS','','CABRERA','','carlos@yopmail.com',NULL,NULL,NULL,NULL,1,'2024-04-18 15:36:02','2024-04-30 15:21:13',NULL,1,'1012343'),
('cbae3f95-1c4b-11ef-9214-42010a8e0014','f5b7c025-5680-43be-a093-28d99b475386','docente-peer1','MAURICIO','','PEREZ','','docente-peer1@yopmail.com',NULL,NULL,NULL,NULL,1,'2024-04-18 15:38:31','2024-04-30 15:21:48',NULL,1,'1223543'),
('cbae40b6-1c4b-11ef-9214-42010a8e0014','1d56cc28-3106-47c6-ae22-5eefa83015a8','pedroperez','PEDRO','','SANTOS','','pedroperez@yopmail.com',NULL,NULL,NULL,NULL,1,'2024-04-18 15:39:53','2024-04-30 15:22:21',NULL,1,'1123432'),
('cbae43ef-1c4b-11ef-9214-42010a8e0014','1c0e10c9-5865-4287-b7aa-2f3f95cb6ad2','mariapie','MARIA','','PIEDRAITA','','mariapie@yopmail.com',NULL,NULL,NULL,NULL,1,'2024-04-18 15:42:04','2024-04-30 15:22:42',NULL,1,'11124234'),
('cbae447c-1c4b-11ef-9214-42010a8e0014','14a27dff-9d31-4008-924b-20ce531aaead','mariopayan','MARIO','','PAYAN','','mariopayan@yopmail.com',NULL,NULL,NULL,NULL,1,'2024-04-18 16:06:24','2024-05-23 00:00:24',NULL,1,'1953674'),
('cbae44ff-1c4b-11ef-9214-42010a8e0014','5ed10d1e-01ec-4d28-9af3-ca35d791bf8e','ELENA','ELENA','','PEREZ','','ELENA@yopmail.com',NULL,NULL,'$2b$10$BSzKt1OREClikLQToEH.VO9N1RxjT10iPzF0hZ08tKoGubgTfNkau',NULL,1,'2024-04-18 16:45:04','2024-05-22 22:49:06',NULL,1,'1713458701'),
('cbae458a-1c4b-11ef-9214-42010a8e0014','24454791-6aa2-4067-b158-8b13a4808ca9','andrea.solarte','ANDREA','','SOLARTE','','andrea.solarte@yopmail.com',NULL,NULL,NULL,NULL,2,'2024-04-18 18:07:19','2024-05-23 00:00:24',NULL,1,'11102343'),
('cbae460d-1c4b-11ef-9214-42010a8e0014','348847b5-391a-4ace-b46f-4611dee37aa9','mariana.cuevas','MARIANA','','CUEVAS','','mariana.cuevas@yopmail.com',NULL,NULL,NULL,NULL,2,'2024-04-18 18:08:52','2024-05-23 00:00:24',NULL,1,'1101323'),
('cbae468f-1c4b-11ef-9214-42010a8e0014','c0ec4e2b-9e77-4567-9bb0-80a5cd82bbde','camila.marino','CAMILA','','MARINO','','camila.marino@yopmail.com',NULL,NULL,NULL,NULL,1,'2024-04-18 18:11:54','2024-05-23 00:00:24',NULL,1,'1122343'),
('cbae4712-1c4b-11ef-9214-42010a8e0014','c85c3e28-058e-4172-ad3b-31a0f9b877ad','miriam','MIRIAM','','POTES','','miriam@yopmail.com',NULL,NULL,NULL,NULL,2,'2024-04-18 19:03:26','2024-04-30 15:26:18',NULL,1,'110342'),
('cbae4792-1c4b-11ef-9214-42010a8e0014','bdd8865d-d55e-41bc-818a-0793d42d4804','dianamaru','DIANA','','MARULANDA','','dianamaru@yopmail.com',NULL,NULL,NULL,NULL,1,'2024-04-18 19:04:57','2024-04-30 15:26:35',NULL,1,'1113244'),
('cbae4811-1c4b-11ef-9214-42010a8e0014','1426fc20-d890-4ac1-b17b-b8591e688509','sisifo','SISIFO','','PEREZ','','sisifo@yopmail.com',NULL,NULL,NULL,NULL,1,'2024-04-18 20:25:44','2024-05-29 22:00:48',NULL,1,'11023341'),
('cbae488e-1c4b-11ef-9214-42010a8e0014','d4120265-1938-49dd-8f23-72d4ee67fdfd','julian.martinez','JULIAN','','MARTINEZ','','julian.martinez@yopmail.com',NULL,NULL,NULL,NULL,1,'2024-04-18 20:39:05','2024-04-30 15:30:55',NULL,1,'1110342'),
('cbae490f-1c4b-11ef-9214-42010a8e0014','013ff66c-bf50-4505-b2ef-fad3f99d7c6e','nancy','NANCY','','REYES','','nancy@yopmail.com',NULL,NULL,NULL,NULL,1,'2024-04-18 20:41:54','2024-05-22 22:07:50',NULL,1,'11012324'),
('cbae498d-1c4b-11ef-9214-42010a8e0014','ce1ad31a-f6d2-49d1-ad7b-35503ae4874f','sophiasegura','SOPHIA','','SEGURA','','sophiasegura@yopmail.com',NULL,NULL,NULL,NULL,1,'2024-04-23 14:11:29','2024-04-30 15:32:24',NULL,1,'11012342'),
('cbae4a0c-1c4b-11ef-9214-42010a8e0014','70007130-64a0-4d8b-b7ed-ea913dfac04b','nicolperezz','NICOLE','','PEREZ','','nicolperezz@yopmail.com',NULL,NULL,NULL,NULL,1,'2024-05-02 14:32:00','2024-05-02 14:32:00',NULL,1,'45353453'),
('cbae4a8f-1c4b-11ef-9214-42010a8e0014','19487b26-a45c-49d5-af8d-66f0203c2595','mariorodriguez','MARIO','','RODRIGUEZ','','mariorodriguez@yopmail.com',NULL,NULL,NULL,NULL,1,'2024-05-02 15:23:38','2024-05-02 15:23:38',NULL,1,'4554654654'),
('cbae4b0c-1c4b-11ef-9214-42010a8e0014','3aec32aa-9c41-45a1-a9d8-ee2eaaa0acf7','mariorodriguezz','MARIO','','RODRIGUEZZ','','mariorodriguezz@yopmail.com',NULL,NULL,NULL,NULL,1,'2024-05-02 15:25:30','2024-05-02 15:25:30',NULL,1,'4554654654'),
('cbae4b8c-1c4b-11ef-9214-42010a8e0014','1f942eec-5cb1-4698-af00-586a0d6a263e','mariocasaas','MARIO','','CASAS','','mariocasaas@yopmail.com',NULL,NULL,NULL,NULL,1,'2024-05-02 15:36:16','2024-05-02 15:36:16',NULL,1,'4554654654'),
('cbae4c0b-1c4b-11ef-9214-42010a8e0014','cd8fe726-c7dd-4014-8a85-5b156e3db936','mariocasaaas','MARIO','','CASAS','','mariocasaaas@yopmail.com',NULL,NULL,NULL,NULL,1,'2024-05-02 15:39:28','2024-05-02 15:39:28',NULL,1,'4554654654'),
('cbae4c88-1c4b-11ef-9214-42010a8e0014','f6bd8c8c-5e71-41cd-8d73-6d6eb50d8b09','mariocaseas','MARIO','','CASAS','','mariocaseas@yopmail.com',NULL,NULL,NULL,NULL,1,'2024-05-02 17:10:40','2024-05-02 17:10:40',NULL,1,'4554654654'),
('cbae4d07-1c4b-11ef-9214-42010a8e0014','af141ff5-d16d-47a2-9643-1444059f8476','amariocaseas','MARIO','','CASAS','','amariocaseas@yopmail.com',NULL,NULL,NULL,NULL,1,'2024-05-02 17:11:24','2024-05-02 17:11:24',NULL,1,'4554654654'),
('cbae4d83-1c4b-11ef-9214-42010a8e0014','07198925-a1a9-43c3-b3b5-d324d0ee38b8','mariocaosas','MARIO','','CASAS','','mariocaosas@yopmail.com',NULL,NULL,NULL,NULL,1,'2024-05-02 17:15:15','2024-05-02 17:15:15',NULL,1,'4554654654'),
('cbae4e01-1c4b-11ef-9214-42010a8e0014','bb0a481e-668d-4487-8a0f-ce138ba4c59f','estoesunaprueba2','MARIA','FERNANDA','PEREZ','','estoesunaprueba2@yopmail.com',NULL,NULL,'$2b$10$Ok3u4fO/Y99eDtlmoeOafO9q9ku/wz7chukJRiIK8h03aBId68fEW',NULL,1,'2024-05-02 17:34:41','2024-06-07 21:48:24',NULL,1,'3243243432'),
('cbae4e82-1c4b-11ef-9214-42010a8e0014','337939ac-8e1f-4497-929d-e1096588d702','rodolfo.aricapa','RODOLFO','','ARICAPA','','rodolfo.aricapa@yopmail.com',NULL,NULL,NULL,NULL,1,'2024-05-02 20:38:30','2024-05-02 20:38:30',NULL,1,'112133242'),
('cbae4f01-1c4b-11ef-9214-42010a8e0014','3f5a88d3-0d6a-4da4-bfc2-9de3835c8cb1','usuariounity','USUARIO','','UNITY','','usuariounity@yopmail.com',NULL,NULL,NULL,8,2,'2024-05-06 19:55:49','2024-05-31 23:05:12',NULL,1,'123456789'),
('cbae4f7d-1c4b-11ef-9214-42010a8e0014','eedd37c5-15b0-48d9-a80d-4306241da853','julio.jaramillo','JULIO','','JARAMILLO','','julio.jaramillo@yopmail.com',NULL,NULL,NULL,NULL,1,'2024-05-06 20:41:23','2024-05-06 20:41:23',NULL,1,'1232423'),
('cbae4ffd-1c4b-11ef-9214-42010a8e0014','41ec1bd9-f26a-47d6-bca4-d9d71be87d0a','santiago.marin','SANTIAGO','','MARIN','','santiago.marin@yopmail.com',NULL,NULL,NULL,NULL,1,'2024-05-06 21:42:39','2024-05-06 21:42:39',NULL,1,'1113847648'),
('cbae507c-1c4b-11ef-9214-42010a8e0014','70936cfc-cfc3-4b73-9ebb-fca04511a122','maicol.dominguez','MAICOL','','DOMINGUEZ','','maicol.dominguez@yopmail.com',NULL,NULL,NULL,NULL,1,'2024-05-08 15:56:40','2024-05-08 15:56:40',NULL,1,'2223344343'),
('cbae524a-1c4b-11ef-9214-42010a8e0014','ca86dd04-d3a1-44f9-96bd-6af27acbfb04','manuel.perez','MANUEL','','PEREZ','','manuel.perez@yopmail.com',NULL,NULL,'$2b$10$oMH2Gyl7PLhZaZUgo3kLPu2tukT2GlmOJemq/KNbZcqB.XSgpkg1G',NULL,1,'2024-05-08 15:58:22','2024-05-31 14:40:16',NULL,1,'435335335'),
('cbae52c9-1c4b-11ef-9214-42010a8e0014','d47df20d-1474-4fda-b325-267527e61750','usuariocalidad1','USUARIO','','CALIDADUNO','','usuariocalidad1@yopmail.com',NULL,NULL,NULL,10,2,'2024-05-08 16:09:17','2024-06-12 20:03:12',NULL,1,'15621651651'),
('cbae5347-1c4b-11ef-9214-42010a8e0014','6ac01bc6-e22b-41e6-8115-ce9628c895d5','marcela-fuentes','MARCELA','','FUENTES','','marcela-fuentes@yopmail.com',NULL,NULL,NULL,NULL,1,'2024-05-08 18:21:54','2024-05-22 23:04:05',NULL,1,'11123423'),
('cbae548c-1c4b-11ef-9214-42010a8e0014','81189a1a-105e-4e2b-8769-b414e8c535fc','catalina.villegas','CATALINA','','VILLEGAS','','catalina.villegas@yopmail.com',NULL,NULL,NULL,NULL,2,'2024-05-08 18:23:40','2024-05-08 18:23:40',NULL,1,'11223422'),
('cbae554f-1c4b-11ef-9214-42010a8e0014','280de7d9-7b39-40e0-91e6-73d934a2e7c0','juan.benitez','JUAN','CARLOS','BENITEZ','','juan.benitez@yopmail.com',NULL,NULL,NULL,NULL,1,'2024-05-09 15:25:33','2024-05-09 15:25:33',NULL,1,'123412224'),
('cbae560e-1c4b-11ef-9214-42010a8e0014','4c18bb87-780b-4518-98ab-8183e1d9c056','supervision1','USUARIO','','SUPERVISIONUNO','','supervision1@yopmail.com',NULL,NULL,NULL,NULL,1,'2024-05-10 00:04:02','2024-05-10 00:04:02',NULL,1,'21213516516'),
('cbae56cd-1c4b-11ef-9214-42010a8e0014','13f378b1-2b68-4305-b7ab-e42b902e9e61','supervision2','USUARIO','','SUPERVISIONDOS','','supervision2@yopmail.com',NULL,NULL,NULL,NULL,1,'2024-05-10 00:04:42','2024-05-10 00:04:42',NULL,1,'2354776867'),
('cbae579d-1c4b-11ef-9214-42010a8e0014','5b1cc316-62aa-48cc-8f2b-9a3a75d2f0a7','interventoria1','USUARIO','','INTERVENTORIAUNO','','interventoria1@yopmail.com',NULL,NULL,NULL,NULL,1,'2024-05-10 00:06:04','2024-05-10 00:06:04',NULL,1,'654564165'),
('cbae586d-1c4b-11ef-9214-42010a8e0014','83e0952b-6abf-4e05-ad2b-4203440359d8','interventoria2','USUARIO','','INTERVENTORIADOS','','interventoria2@yopmail.com',NULL,NULL,NULL,NULL,1,'2024-05-10 00:09:06','2024-05-10 00:09:06',NULL,1,'23546679'),
('cbae593c-1c4b-11ef-9214-42010a8e0014','07c28a2e-345c-4269-b367-3cb6e483ccee','juan.dominguez','JUAN','','DOMINGUEZ','','juan.dominguez@yopmail.com',NULL,NULL,NULL,NULL,1,'2024-05-16 16:59:00','2024-05-16 16:59:00',NULL,1,'112248475'),
('cbae5a0b-1c4b-11ef-9214-42010a8e0014','f2d53503-ad13-4206-9016-111a0e124aaf','spark2','NICOLAS','CORTES','ANDRES','RIOS','spark2@yopmail.com',NULL,NULL,NULL,NULL,1,'2024-05-16 19:32:24','2024-05-16 19:41:45',NULL,1,'1100303135'),
('cbae5b69-1c4b-11ef-9214-42010a8e0014','f9646cdc-d011-4d2b-8e77-9683d9485157','jorge.erazo','JORGE','','ERAZO','','jorge.erazo@yopmail.com',NULL,NULL,NULL,NULL,1,'2024-05-20 21:02:59','2024-05-20 21:02:59',NULL,1,'12234231'),
('cbae5c2e-1c4b-11ef-9214-42010a8e0014','fe8c1817-ee19-4ee5-a98b-26f6eba227c9','marino.cuevas','MARINO','','CUEVAS','','marino.cuevas@yopmail.com',NULL,NULL,NULL,NULL,2,'2024-05-20 21:04:08','2024-05-20 21:04:08',NULL,1,'22311234'),
('cbae5cb3-1c4b-11ef-9214-42010a8e0014','2d8f843f-8e66-432f-ad97-cdfdfef67a6b','jaime.adames','JAIME','','ADAMES','','jaime.adames@yopmail.com',NULL,NULL,NULL,NULL,1,'2024-05-20 21:08:13','2024-05-20 21:08:13',NULL,1,'11112334522'),
('cbae5d36-1c4b-11ef-9214-42010a8e0014','3a06af98-7f3b-45d4-9956-78eb6cb2dac1','supervision.estudiante2','SUPERVISIONESTUDIANTEDOS','','SUPERVISIONESTUDIANTEDOS','','supervision.estudiante2@yopmail.com',NULL,NULL,NULL,NULL,1,'2024-05-20 22:10:26','2024-05-20 22:10:48',NULL,1,'111345554463'),
('cbae5dc0-1c4b-11ef-9214-42010a8e0014','e03c9ee7-1733-492b-a495-594b67392280','estudiante.interventoria1','ESTUDIANTE','','INTERVENTORIAUNO','','estudiante.interventoria1@yopmail.com',NULL,NULL,NULL,NULL,1,'2024-05-20 22:12:16','2024-05-20 22:12:16',NULL,1,'11232423'),
('cbae5e44-1c4b-11ef-9214-42010a8e0014','bed26e83-627b-43c1-87ee-faa094c69909','supervision.estudiante1','SUPERVISIONESTUDIANTEUNO','','SUPERVISIONESTUDIANTEUNO','','supervision.estudiante1@yopmail.com',NULL,NULL,NULL,NULL,1,'2024-05-20 22:12:58','2024-05-20 22:12:58',NULL,1,'1134663455'),
('cbae5ec8-1c4b-11ef-9214-42010a8e0014','0b36810e-f04d-4019-9aa9-099d089260ae','estudiante.interventoria2','ESTUDIANTE','','INTERVENTORIADOS','','estudiante.interventoria2@yopmail.com',NULL,NULL,NULL,NULL,1,'2024-05-20 22:14:17','2024-05-20 22:14:17',NULL,1,'1121420'),
('cbae5f4c-1c4b-11ef-9214-42010a8e0014','f7ab8ec5-e8fa-4916-942a-ee0f24a5117a','docenteN1','DOCENTE','','UNO','','docenteN1@yopmail.com',NULL,NULL,NULL,NULL,1,'2024-05-22 18:12:25','2024-05-22 18:17:05',NULL,1,'111223433'),
('cbae610a-1c4b-11ef-9214-42010a8e0014','0191549c-b4c1-41ef-a55a-b3b53859c433','docenteN2','DOCENTE','','DOS','','docenteN2@yopmail.com',NULL,NULL,NULL,NULL,1,'2024-05-22 18:13:39','2024-05-22 18:17:28',NULL,1,'11242423'),
('cbae618b-1c4b-11ef-9214-42010a8e0014','75008614-ff47-44aa-9e46-61c0f0389953','docenteN3','DOCENTE','','TRES','','docenteN3@yopmail.com',NULL,NULL,NULL,NULL,1,'2024-05-22 18:14:37','2024-05-22 18:17:48',NULL,1,'11233241'),
('cbae620e-1c4b-11ef-9214-42010a8e0014','035b10a5-5a57-4109-b6e5-58e83a41c496','docenteN4','DOCENTE','','CUATRO','','docenteN4@yopmail.com',NULL,NULL,NULL,NULL,1,'2024-05-22 18:16:20','2024-05-22 18:16:20',NULL,1,'11223432'),
('cbae6290-1c4b-11ef-9214-42010a8e0014','925d19eb-3206-4a7a-9d99-219a3f82c12b','docenteN5','DOCENTE','','CINCO','','docenteN5@yopmail.com',NULL,NULL,NULL,NULL,1,'2024-05-22 18:19:09','2024-05-22 18:19:09',NULL,1,'11124233'),
('cbae630f-1c4b-11ef-9214-42010a8e0014','e58ce787-4046-4abe-923f-a912815b6f28','docenteN6','DOCENTE','','SEIS','','docenteN6@yopmail.com',NULL,NULL,NULL,NULL,1,'2024-05-22 18:20:18','2024-05-22 18:20:18',NULL,1,'2212321'),
('cbae6391-1c4b-11ef-9214-42010a8e0014','ae72dcfe-2dcc-4a1f-b931-3df25ac2f2c6','estudianteN1','ESTUDIANTE','','UNO','','estudianteN1@yopmail.com',NULL,NULL,NULL,NULL,2,'2024-05-22 18:23:18','2024-06-06 13:43:25',NULL,1,'1112233'),
('cbae644f-1c4b-11ef-9214-42010a8e0014','f1cc39c3-627e-46a4-866e-c855cd614192','estudianteN2','ESTUDIANTE','','DOS','','estudianteN2@yopmail.com',NULL,NULL,NULL,NULL,1,'2024-05-22 18:27:02','2024-05-22 18:27:02',NULL,1,'11243452'),
('cbae64d0-1c4b-11ef-9214-42010a8e0014','68cea77d-6e1e-42eb-abd5-6d4abd5a3efd','estudianteN3','ESTUDIANTE','','TRES','','estudianteN3@yopmail.com',NULL,NULL,NULL,NULL,1,'2024-05-22 18:28:08','2024-05-22 18:28:08',NULL,1,'234352'),
('cbae6552-1c4b-11ef-9214-42010a8e0014','f303d92c-1307-4f8c-81c0-7716654c0e5a','estudianteN4','ESTUDIANTE','','CUATRO','','estudianteN4@yopmail.com',NULL,NULL,NULL,NULL,2,'2024-05-22 18:30:00','2024-05-22 18:30:00',NULL,1,'54321322'),
('cbae65d5-1c4b-11ef-9214-42010a8e0014','e44ea30e-2c92-4be3-bfa5-fe904b7fc17d','estudianteN5','ESTUDIANTE','','CINCO','','estudianteN5@yopmail.com',NULL,NULL,NULL,NULL,2,'2024-05-22 18:30:58','2024-05-22 18:30:58',NULL,1,'1242311'),
('cbae6654-1c4b-11ef-9214-42010a8e0014','e6759928-1740-492a-aee0-dda5cde4cefa','estudianteN6','ESTUDIANTE','','SEIS','','estudianteN6@yopmail.com',NULL,NULL,NULL,NULL,2,'2024-05-22 18:32:05','2024-05-22 18:32:23',NULL,1,'543121422'),
('cbae66d2-1c4b-11ef-9214-42010a8e0014','cba635e3-d5e9-4fa7-a57f-75d50134ab2a','estudianteN7','ESTUDIANTE','','SIETE','','estudianteN7@yopmail.com',NULL,NULL,NULL,NULL,1,'2024-05-22 18:33:46','2024-05-22 18:33:46',NULL,1,'124312312'),
('cbae67ee-1c4b-11ef-9214-42010a8e0014','d72d2312-a69a-4531-9490-ac895934a10c','eduardo.perea','EDUARDO','','PEREA','','eduardo.perea@yopmail.com',NULL,NULL,NULL,NULL,1,'2024-05-22 19:01:53','2024-05-22 22:20:30',NULL,1,'122342121'),
('cbae686e-1c4b-11ef-9214-42010a8e0014','4cfd6767-855c-4847-a726-a1d5af24904c','henry1','PEPITOS','PEPITO','PEREZZ','PEREZ','henry1@yopmail.com',NULL,NULL,'$2b$10$kROeK8ZRZpc0PguuboEkveQphmlG.39/2lT8IAvMPEWyctMWJBnha',NULL,1,'2024-05-22 21:49:57','2024-05-22 22:41:24',NULL,1,'123456'),
('cbae68fa-1c4b-11ef-9214-42010a8e0014','3d47428e-a4a5-45fe-9b84-69211387e812','drosal','PRUEBA','PRUEBA','PRUEBA','PRUEBA','drosal@yomail.com',NULL,NULL,NULL,NULL,1,'2024-05-23 13:18:22','2024-05-23 13:20:10',NULL,0,'99999999999'),
('cbae697f-1c4b-11ef-9214-42010a8e0014','511051be-8c83-45be-b4c9-822647b58ac9','JOKB202','JAIRO','ORLANDO','CARDENAS','BENAVIDES','JOKB202@HOTMAIL.COM',NULL,NULL,NULL,NULL,1,'2024-05-23 13:20:23','2024-05-23 13:20:23',NULL,1,'12987194'),
('cbae6b28-1c4b-11ef-9214-42010a8e0014','372b8deb-5717-4e23-a1d9-5e404a5eda8d','juancasatro','JUAN','MIGUEL','ARTURO','CASTRO','juancasatro@gmail.com',NULL,NULL,NULL,NULL,2,'2024-05-23 13:20:32','2024-05-23 13:20:32',NULL,1,'1000431234'),
('cbae6bad-1c4b-11ef-9214-42010a8e0014','81bfca7e-1213-404e-ab5e-d46f78a6b240','dporpasto','VICTOR','WILLIAM','SOLARTE','ANDRADE','dporpasto@hotmail.com',NULL,NULL,NULL,NULL,1,'2024-05-23 14:04:30','2024-05-23 14:04:30',NULL,1,'98146920'),
('cbae6c32-1c4b-11ef-9214-42010a8e0014','91c7e988-2e94-41a7-b82a-52cc65b5c311','julianvilla','JAIME','JAVIER','ZAMORA','MONCAYO','julianvilla@gmail.com',NULL,NULL,NULL,NULL,1,'2024-05-23 14:07:09','2024-05-23 14:07:09',NULL,1,'12967592'),
('cbae6cb6-1c4b-11ef-9214-42010a8e0014','a8a25637-77a2-4734-9b21-17a63a6080e5','juan','CARLOS','MANUEL','CARMONA','ENRIQUEZ','juan@gmail.com',NULL,NULL,NULL,NULL,2,'2024-05-23 14:49:10','2024-05-23 14:54:34',NULL,1,'10932780003'),
('cbae6d3a-1c4b-11ef-9214-42010a8e0014','15e0ab82-5518-40f2-83ad-7d4801520b41','docenteN2ssss','GUSTAVO','ERNESTO','SOLARTE','LUNAS','docenteN2ssss@yopmail.com',NULL,NULL,NULL,NULL,1,'2024-05-23 14:51:37','2024-05-23 14:53:54',NULL,1,'2945743'),
('cbae6dbb-1c4b-11ef-9214-42010a8e0014','13f96781-987b-4ad2-9713-74fcf62e8829','estudiantespecial','ESTUDIANTE','','ESPECIAL','','estudiantespecial@yopmail.com','','cmhvbWJvaWQ=',NULL,7,1,'2024-05-24 14:29:55','2024-05-28 17:12:26',NULL,1,'11111111111111'),
('cbae6e59-1c4b-11ef-9214-42010a8e0014','b61087a0-5a1f-4de3-a534-0e0cde9334bc','johana.prado','JOHANA','','PRADO','','johana.prado@yopmail.com',NULL,NULL,NULL,NULL,2,'2024-05-24 15:47:46','2024-05-24 15:47:46',NULL,1,'11242120'),
('cbae701b-1c4b-11ef-9214-42010a8e0014','5fe59f21-5600-430b-9b7c-2f239727e1e9','especialdosestudiante','ESTUDIANTEESPECIAL','','DOS','','especialdosestudiante@yopmail.com',NULL,NULL,NULL,NULL,1,'2024-05-24 20:14:16','2024-05-24 20:58:47',NULL,1,'22222222222222'),
('cbae70ab-1c4b-11ef-9214-42010a8e0014','3324511b-2f8d-448b-892f-25f857a503d4','camiloprimero','CAMILO','JUAN','RENGIFO','MUNOZ','camiloprimero@yopmail.com',NULL,NULL,NULL,NULL,5,'2024-05-25 17:49:14','2024-05-25 17:49:14',NULL,1,'1061818546'),
('cbae7133-1c4b-11ef-9214-42010a8e0014','57df4412-71c6-4122-bab7-c25f15762eff','sebastianprimero','SEBASTIAN','','RENGIFO','MUNOZ','sebastianprimero@yopmail.com',NULL,NULL,NULL,NULL,6,'2024-05-25 17:52:00','2024-05-25 17:52:00',NULL,1,'1059234239'),
('cbae71c1-1c4b-11ef-9214-42010a8e0014','c9c15bc1-c4c8-4803-b326-7029b200e86d','henrydocente','HENRY','','RENGIFO','','henrydocente@yopmail.com',NULL,NULL,NULL,NULL,1,'2024-05-25 18:29:22','2024-05-25 18:29:22',NULL,1,'123'),
('cbae724b-1c4b-11ef-9214-42010a8e0014','c6e6b4f6-43a1-4d4b-b3cd-6ebe217c23fc','jeronimo','JERONIMO','','OSPINA','','jeronimo@yopmail.com',NULL,NULL,NULL,NULL,2,'2024-05-25 19:39:53','2024-05-25 19:39:53',NULL,1,'123'),
('cbae73a3-1c4b-11ef-9214-42010a8e0014','b6441a09-8195-482d-9dde-446c1c995bc7','julietaprimero','JULIETA','','OSPINA','','julietaprimero@yopmail.com',NULL,NULL,NULL,NULL,1,'2024-05-25 21:44:32','2024-05-25 21:44:32',NULL,1,'123'),
('cbae75d9-1c4b-11ef-9214-42010a8e0014','eb5df34c-a0f4-4296-957b-83f1da6e288d','julietasegundo','JULIET','','OSPINA','','julietasegundo@yopmail.com',NULL,NULL,NULL,NULL,2,'2024-05-25 21:47:40','2024-05-25 21:47:40',NULL,1,'122'),
('cbae765e-1c4b-11ef-9214-42010a8e0014','3ae3bb30-495b-4b34-a10a-daffae687b6a','joselitodocente','JOSELITO','','OSPINA','','joselitodocente@yopmail.com',NULL,NULL,NULL,NULL,1,'2024-05-25 22:34:43','2024-05-25 22:34:43',NULL,1,'123'),
('cbae7db4-1c4b-11ef-9214-42010a8e0014','35daef6f-2cb9-4f13-a509-68a58af4adc3','nicolasnino','NICOLAS','','NIO','LPEZ','nicolasnino@yopmail.com',NULL,NULL,NULL,NULL,1,'2024-05-27 14:49:44','2024-05-27 14:49:44',NULL,1,'1113576378'),
('de4dbfb1-5daa-4314-9c7c-4773d223b069','9ecbe786-985e-4797-b0b9-2265046576ae','johana.bahamon','JOHANA','','BAHAMON','','johana.bahamon@yopmail.com',NULL,NULL,NULL,NULL,1,'2024-06-06 15:26:10','2024-06-06 15:48:47',NULL,1,'1412312311'),
('e6433700-6642-4122-a425-cdbc43fca895','0ee263d7-6a84-4f49-9d82-516c58d6d1ee','prueba.dos.password','PRUEBA','PASSWORD','DOS','IMAGE','prueba.dos.password@yopmail.com','dHJpYW5nbGU=','c3F1YXJl',NULL,NULL,1,'2024-05-28 22:22:43','2024-05-30 22:52:49',NULL,1,'12312311'),
('e9342da0-c946-499e-ba0e-5c68b98da01b','db3b6fe6-7c1f-4f06-8ce5-9ba9a4c7eb51','george.santos','GEORGE','','SANTOS','','george.santos@yopmail.com',NULL,NULL,NULL,NULL,1,'2024-05-28 22:14:09','2024-05-28 22:14:09',NULL,1,'23423422'),
('ec2bdefa-7fbd-4943-8ec9-7e7ac993ec3b','0338153c-c9bb-4180-90b2-4190324a3377','julio.cesar','JULIO','','CESAR','','julio.cesar@yopmail.com',NULL,NULL,NULL,NULL,1,'2024-05-29 12:51:28','2024-05-29 12:51:28',NULL,1,'112342341'),
('f3454c42-c040-4d00-88e6-dee6d185e23e','bcd00946-3eaa-4b2e-b06c-b029c3fb85b9','carlos.vargas','CARLOS','','VARGAS','','carlos.vargas@yopmail.com',NULL,'dHJpYW5nbGU=',NULL,NULL,1,'2024-06-06 14:13:18','2024-06-06 14:13:18',NULL,1,'458345831'),
('f6ec0f9b-18da-4b9f-a050-71b802cddb0d','be9909fc-13f6-4fff-baa3-e1346683522a','lina.password.image','LINA','','JARAMILLO','PASSWORDIMAGE','lina.password.image@yopmail.com',NULL,'dHJpYW5nbGU=',NULL,NULL,2,'2024-05-30 15:19:24','2024-05-30 15:19:24',NULL,1,'11223418'),
('fc368c60-1363-4e8c-a983-c77fd08de226','8c547b32-b654-4481-9128-96eb039ff339','JULIETAPEREZ123','JULIETA','','PEREZ','','JULIETAPEREZ123@GMAIL.COM',NULL,'cmhvbWJ1cw==',NULL,NULL,5,'2024-06-06 15:09:53','2024-06-06 15:13:36',NULL,1,'931222831746');
/*!40000 ALTER TABLE `user` ENABLE KEYS */;
UNLOCK TABLES;

--
-- Table structure for table `user_branch`
--

DROP TABLE IF EXISTS `user_branch`;
/*!40101 SET @saved_cs_client     = @@character_set_client */;
/*!40101 SET character_set_client = utf8 */;
CREATE TABLE `user_branch` (
  `usebra_id` int NOT NULL AUTO_INCREMENT,
  `user_id` char(36) DEFAULT NULL,
  `branch_id` int NOT NULL,
  `date_creation` datetime NOT NULL DEFAULT CURRENT_TIMESTAMP,
  `date_modification` datetime NOT NULL DEFAULT CURRENT_TIMESTAMP,
  `date_delete` datetime DEFAULT NULL,
  PRIMARY KEY (`usebra_id`),
  KEY `user_id` (`user_id`),
  KEY `branch_id` (`branch_id`),
  KEY `idx_user_id_branch_id` (`user_id`,`branch_id`),
  KEY `idx_user_id` (`user_id`),
  CONSTRAINT `fk_user_branch_user` FOREIGN KEY (`user_id`) REFERENCES `user` (`user_id`),
  CONSTRAINT `user_branch_ibfk_2` FOREIGN KEY (`branch_id`) REFERENCES `branch` (`branch_id`)
) ENGINE=InnoDB AUTO_INCREMENT=242 DEFAULT CHARSET=utf8mb4 COLLATE=utf8mb4_0900_ai_ci;
/*!40101 SET character_set_client = @saved_cs_client */;

--
-- Dumping data for table `user_branch`
--

LOCK TABLES `user_branch` WRITE;
/*!40000 ALTER TABLE `user_branch` DISABLE KEYS */;
INSERT INTO `user_branch` VALUES
(6,'cbae0bf0-1c4b-11ef-9214-42010a8e0014',21,'2024-03-20 17:36:15','2024-03-20 17:36:15','2024-04-15 19:56:17'),
(33,'cbae0828-1c4b-11ef-9214-42010a8e0014',52,'2024-03-27 15:33:47','2024-03-27 15:33:47','2024-04-15 18:57:31'),
(85,'cbae0de3-1c4b-11ef-9214-42010a8e0014',10,'2024-04-12 13:51:15','2024-04-12 13:51:15',NULL),
(86,'cbae0de3-1c4b-11ef-9214-42010a8e0014',162,'2024-04-12 13:51:15','2024-04-12 13:51:15',NULL),
(93,'cbae0ef0-1c4b-11ef-9214-42010a8e0014',277,'2024-04-12 21:38:31','2024-04-12 21:38:31','2024-04-16 15:19:45'),
(94,'cbae110b-1c4b-11ef-9214-42010a8e0014',1,'2024-04-12 21:40:03','2024-04-12 21:40:03',NULL),
(95,'cbae118f-1c4b-11ef-9214-42010a8e0014',278,'2024-04-12 21:40:07','2024-04-12 21:40:07',NULL),
(96,'cbae1323-1c4b-11ef-9214-42010a8e0014',1,'2024-04-12 21:41:10','2024-04-12 21:41:10',NULL),
(97,'cbae13b6-1c4b-11ef-9214-42010a8e0014',2,'2024-04-15 19:22:11','2024-04-15 19:22:11','2024-05-08 16:36:58'),
(98,'cbae0bf0-1c4b-11ef-9214-42010a8e0014',124,'2024-04-15 19:56:17','2024-04-15 19:56:17','2024-04-16 17:29:20'),
(99,'cbae0828-1c4b-11ef-9214-42010a8e0014',266,'2024-04-15 19:56:47','2024-04-15 19:56:47','2024-04-15 20:58:31'),
(103,'cbae08ce-1c4b-11ef-9214-42010a8e0014',78,'2024-04-15 20:57:05','2024-04-15 20:57:05','2024-05-08 15:30:05'),
(104,'cbae0828-1c4b-11ef-9214-42010a8e0014',211,'2024-04-15 20:58:31','2024-04-15 20:58:31','2024-04-15 21:03:40'),
(105,'cbae0828-1c4b-11ef-9214-42010a8e0014',2,'2024-04-15 21:03:39','2024-04-15 21:03:39','2024-04-15 21:22:19'),
(106,'cbae0828-1c4b-11ef-9214-42010a8e0014',122,'2024-04-15 21:22:19','2024-04-15 21:22:19','2024-04-15 21:56:25'),
(107,'cbae0828-1c4b-11ef-9214-42010a8e0014',2,'2024-04-15 21:56:25','2024-04-15 21:56:25','2024-04-16 12:52:43'),
(113,'cbae16d4-1c4b-11ef-9214-42010a8e0014',122,'2024-04-16 11:31:15','2024-04-16 11:31:15','2024-05-08 18:18:25'),
(114,'cbae0828-1c4b-11ef-9214-42010a8e0014',172,'2024-04-16 12:52:43','2024-04-16 12:52:43','2024-05-08 16:11:24'),
(115,'cbae175d-1c4b-11ef-9214-42010a8e0014',277,'2024-04-16 14:02:46','2024-04-16 14:02:46',NULL),
(118,'cbae0ef0-1c4b-11ef-9214-42010a8e0014',1,'2024-04-16 15:19:45','2024-04-16 15:19:45','2024-04-16 15:19:59'),
(119,'cbae0ef0-1c4b-11ef-9214-42010a8e0014',277,'2024-04-16 15:19:59','2024-04-16 15:19:59','2024-04-16 15:38:19'),
(121,'cbae0ef0-1c4b-11ef-9214-42010a8e0014',1,'2024-04-16 15:38:19','2024-04-16 15:38:19','2024-04-16 15:38:35'),
(122,'cbae0ef0-1c4b-11ef-9214-42010a8e0014',277,'2024-04-16 15:38:35','2024-04-16 15:38:35','2024-04-16 19:45:24'),
(124,'cbae2040-1c4b-11ef-9214-42010a8e0014',278,'2024-04-16 16:56:56','2024-04-16 16:56:56',NULL),
(125,'cbae2254-1c4b-11ef-9214-42010a8e0014',278,'2024-04-16 17:02:30','2024-04-16 17:02:30',NULL),
(126,'cbae0bf0-1c4b-11ef-9214-42010a8e0014',10,'2024-04-16 17:29:20','2024-04-16 17:29:20','2024-05-08 16:52:47'),
(128,'cbae22fb-1c4b-11ef-9214-42010a8e0014',277,'2024-04-16 18:46:13','2024-04-16 18:46:13',NULL),
(129,'cbae2b96-1c4b-11ef-9214-42010a8e0014',1,'2024-04-16 19:27:11','2024-04-16 19:27:11','2024-05-09 15:51:27'),
(130,'cbae0ef0-1c4b-11ef-9214-42010a8e0014',278,'2024-04-16 19:45:24','2024-04-16 19:45:24','2024-04-16 19:45:48'),
(131,'cbae0ef0-1c4b-11ef-9214-42010a8e0014',277,'2024-04-16 19:45:48','2024-04-16 19:45:48','2024-04-16 20:24:26'),
(132,'cbae0ef0-1c4b-11ef-9214-42010a8e0014',278,'2024-04-16 20:24:26','2024-04-16 20:24:26','2024-04-16 20:24:39'),
(133,'cbae0ef0-1c4b-11ef-9214-42010a8e0014',277,'2024-04-16 20:24:39','2024-04-16 20:24:39','2024-04-16 20:45:36'),
(134,'cbae0ef0-1c4b-11ef-9214-42010a8e0014',278,'2024-04-16 20:45:36','2024-04-16 20:45:36','2024-04-16 20:45:44'),
(135,'cbae0ef0-1c4b-11ef-9214-42010a8e0014',277,'2024-04-16 20:45:44','2024-04-16 20:45:44','2024-04-16 20:46:45'),
(136,'cbae0ef0-1c4b-11ef-9214-42010a8e0014',278,'2024-04-16 20:46:44','2024-04-16 20:46:44','2024-04-16 20:46:54'),
(137,'cbae0ef0-1c4b-11ef-9214-42010a8e0014',277,'2024-04-16 20:46:54','2024-04-16 20:46:54','2024-04-23 14:09:58'),
(138,'cbae363a-1c4b-11ef-9214-42010a8e0014',266,'2024-04-17 00:25:40','2024-04-17 00:25:40','2024-05-08 18:25:30'),
(139,'cbae38c8-1c4b-11ef-9214-42010a8e0014',1,'2024-04-17 16:22:43','2024-04-17 16:22:43',NULL),
(140,'cbae3b6b-1c4b-11ef-9214-42010a8e0014',90,'2024-04-18 14:02:54','2024-04-18 14:02:54',NULL),
(141,'cbae3be9-1c4b-11ef-9214-42010a8e0014',124,'2024-04-18 14:04:45','2024-04-18 14:04:45',NULL),
(142,'cbae3c6a-1c4b-11ef-9214-42010a8e0014',1,'2024-04-18 14:08:51','2024-04-18 14:08:51','2024-05-08 16:53:18'),
(143,'cbae3d87-1c4b-11ef-9214-42010a8e0014',152,'2024-04-18 14:24:10','2024-04-18 14:24:10',NULL),
(144,'cbae3e12-1c4b-11ef-9214-42010a8e0014',1,'2024-04-18 15:30:30','2024-04-18 15:30:30',NULL),
(145,'cbae3e93-1c4b-11ef-9214-42010a8e0014',1,'2024-04-18 15:31:39','2024-04-18 15:31:39',NULL),
(146,'cbae3f16-1c4b-11ef-9214-42010a8e0014',277,'2024-04-18 15:36:02','2024-04-18 15:36:02',NULL),
(147,'cbae3f95-1c4b-11ef-9214-42010a8e0014',277,'2024-04-18 15:38:31','2024-04-18 15:38:31',NULL),
(148,'cbae40b6-1c4b-11ef-9214-42010a8e0014',277,'2024-04-18 15:39:53','2024-04-18 15:39:53',NULL),
(149,'cbae43ef-1c4b-11ef-9214-42010a8e0014',277,'2024-04-18 15:42:05','2024-04-18 15:42:05',NULL),
(150,'cbae447c-1c4b-11ef-9214-42010a8e0014',277,'2024-04-18 16:06:24','2024-04-18 16:06:24',NULL),
(152,'cbae458a-1c4b-11ef-9214-42010a8e0014',277,'2024-04-18 18:07:19','2024-04-18 18:07:19',NULL),
(153,'cbae460d-1c4b-11ef-9214-42010a8e0014',277,'2024-04-18 18:08:52','2024-04-18 18:08:52',NULL),
(154,'cbae468f-1c4b-11ef-9214-42010a8e0014',277,'2024-04-18 18:11:55','2024-04-18 18:11:55',NULL),
(155,'cbae4811-1c4b-11ef-9214-42010a8e0014',211,'2024-04-18 20:25:44','2024-04-18 20:25:44',NULL),
(156,'cbae488e-1c4b-11ef-9214-42010a8e0014',277,'2024-04-18 20:39:06','2024-04-18 20:39:06',NULL),
(157,'cbae490f-1c4b-11ef-9214-42010a8e0014',278,'2024-04-18 20:41:54','2024-04-18 20:41:54',NULL),
(158,'cbae0ef0-1c4b-11ef-9214-42010a8e0014',278,'2024-04-23 14:09:58','2024-04-23 14:09:58','2024-04-23 14:10:07'),
(159,'cbae0ef0-1c4b-11ef-9214-42010a8e0014',277,'2024-04-23 14:10:07','2024-04-23 14:10:07','2024-04-24 13:44:49'),
(160,'cbae498d-1c4b-11ef-9214-42010a8e0014',266,'2024-04-23 14:11:29','2024-04-23 14:11:29',NULL),
(161,'cbae0ef0-1c4b-11ef-9214-42010a8e0014',278,'2024-04-24 13:44:49','2024-04-24 13:44:49','2024-04-24 13:44:59'),
(162,'cbae0ef0-1c4b-11ef-9214-42010a8e0014',277,'2024-04-24 13:44:59','2024-04-24 13:44:59','2024-05-08 15:24:42'),
(163,'cbae4e01-1c4b-11ef-9214-42010a8e0014',21,'2024-05-02 17:34:42','2024-05-02 17:34:42',NULL),
(164,'cbae4e82-1c4b-11ef-9214-42010a8e0014',269,'2024-05-02 20:38:30','2024-05-02 20:38:30','2024-05-09 15:30:09'),
(165,'cbae4f7d-1c4b-11ef-9214-42010a8e0014',277,'2024-05-06 20:41:24','2024-05-06 20:41:24',NULL),
(166,'cbae0ef0-1c4b-11ef-9214-42010a8e0014',3,'2024-05-08 15:24:42','2024-05-08 15:24:42','2024-05-08 15:25:13'),
(167,'cbae0ef0-1c4b-11ef-9214-42010a8e0014',2,'2024-05-08 15:25:13','2024-05-08 15:25:13','2024-05-08 15:27:05'),
(168,'cbae0ef0-1c4b-11ef-9214-42010a8e0014',277,'2024-05-08 15:27:05','2024-05-08 15:27:05','2024-05-08 16:19:40'),
(169,'cbae08ce-1c4b-11ef-9214-42010a8e0014',277,'2024-05-08 15:30:05','2024-05-08 15:30:05','2024-05-08 16:52:01'),
(171,'cbae524a-1c4b-11ef-9214-42010a8e0014',278,'2024-05-08 15:58:22','2024-05-08 15:58:22',NULL),
(172,'cbae0828-1c4b-11ef-9214-42010a8e0014',277,'2024-05-08 16:11:24','2024-05-08 16:11:24','2024-05-08 16:11:43'),
(174,'cbae0828-1c4b-11ef-9214-42010a8e0014',190,'2024-05-08 16:11:43','2024-05-08 16:11:43','2024-05-10 18:15:08'),
(176,'cbae0ef0-1c4b-11ef-9214-42010a8e0014',278,'2024-05-08 16:19:40','2024-05-08 16:19:40','2024-05-08 16:19:58'),
(177,'cbae0ef0-1c4b-11ef-9214-42010a8e0014',277,'2024-05-08 16:19:58','2024-05-08 16:19:58','2024-05-08 18:10:38'),
(182,'cbae13b6-1c4b-11ef-9214-42010a8e0014',277,'2024-05-08 16:36:58','2024-05-08 16:36:58',NULL),
(186,'cbae08ce-1c4b-11ef-9214-42010a8e0014',278,'2024-05-08 16:52:01','2024-05-08 16:52:01',NULL),
(187,'cbae0bf0-1c4b-11ef-9214-42010a8e0014',278,'2024-05-08 16:52:47','2024-05-08 16:52:47','2024-05-09 19:26:44'),
(188,'cbae3c6a-1c4b-11ef-9214-42010a8e0014',278,'2024-05-08 16:53:18','2024-05-08 16:53:18',NULL),
(189,'cbae0ef0-1c4b-11ef-9214-42010a8e0014',278,'2024-05-08 18:10:38','2024-05-08 18:10:38','2024-05-08 18:10:51'),
(190,'cbae0ef0-1c4b-11ef-9214-42010a8e0014',277,'2024-05-08 18:10:51','2024-05-08 18:10:51',NULL),
(191,'cbae16d4-1c4b-11ef-9214-42010a8e0014',172,'2024-05-08 18:18:25','2024-05-08 18:18:25',NULL),
(192,'cbae363a-1c4b-11ef-9214-42010a8e0014',278,'2024-05-08 18:25:30','2024-05-08 18:25:30',NULL),
(193,'cbae554f-1c4b-11ef-9214-42010a8e0014',277,'2024-05-09 15:25:34','2024-05-09 15:25:34',NULL),
(194,'cbae4e82-1c4b-11ef-9214-42010a8e0014',2,'2024-05-09 15:30:09','2024-05-09 15:30:09','2024-05-09 15:30:31'),
(195,'cbae4e82-1c4b-11ef-9214-42010a8e0014',88,'2024-05-09 15:30:31','2024-05-09 15:30:31',NULL),
(196,'cbae2b96-1c4b-11ef-9214-42010a8e0014',278,'2024-05-09 15:51:27','2024-05-09 15:51:27','2024-05-09 15:51:56'),
(197,'cbae2b96-1c4b-11ef-9214-42010a8e0014',277,'2024-05-09 15:51:56','2024-05-09 15:51:56','2024-05-29 16:23:05'),
(198,'cbae0bf0-1c4b-11ef-9214-42010a8e0014',277,'2024-05-09 19:26:44','2024-05-09 19:26:44',NULL),
(199,'cbae0828-1c4b-11ef-9214-42010a8e0014',2,'2024-05-10 18:15:08','2024-05-10 18:15:08','2024-05-14 12:21:39'),
(200,'cbae0828-1c4b-11ef-9214-42010a8e0014',21,'2024-05-14 12:21:39','2024-05-14 12:21:39','2024-05-29 20:53:34'),
(202,'cbae560e-1c4b-11ef-9214-42010a8e0014',266,'2024-05-20 20:31:41','2024-05-20 20:31:41','2024-05-20 20:32:16'),
(203,'cbae560e-1c4b-11ef-9214-42010a8e0014',278,'2024-05-20 20:32:16','2024-05-20 20:32:16','2024-05-20 21:35:50'),
(204,'cbae56cd-1c4b-11ef-9214-42010a8e0014',277,'2024-05-20 20:32:44','2024-05-20 20:32:44','2024-05-20 21:37:18'),
(205,'cbae579d-1c4b-11ef-9214-42010a8e0014',93,'2024-05-20 20:33:10','2024-05-20 20:33:10','2024-05-20 20:42:21'),
(206,'cbae586d-1c4b-11ef-9214-42010a8e0014',277,'2024-05-20 20:33:32','2024-05-20 20:33:32','2024-05-20 20:43:17'),
(207,'cbae579d-1c4b-11ef-9214-42010a8e0014',21,'2024-05-20 20:42:21','2024-05-20 20:42:21','2024-05-20 21:40:35'),
(208,'cbae586d-1c4b-11ef-9214-42010a8e0014',278,'2024-05-20 20:43:17','2024-05-20 20:43:17','2024-05-20 21:38:40'),
(209,'cbae5b69-1c4b-11ef-9214-42010a8e0014',21,'2024-05-20 21:02:59','2024-05-20 21:02:59','2024-05-20 21:05:19'),
(210,'cbae5b69-1c4b-11ef-9214-42010a8e0014',124,'2024-05-20 21:05:19','2024-05-20 21:05:19',NULL),
(211,'cbae560e-1c4b-11ef-9214-42010a8e0014',4,'2024-05-20 21:35:50','2024-05-20 21:35:50',NULL),
(212,'cbae56cd-1c4b-11ef-9214-42010a8e0014',5,'2024-05-20 21:37:18','2024-05-20 21:37:18',NULL),
(213,'cbae586d-1c4b-11ef-9214-42010a8e0014',17,'2024-05-20 21:38:40','2024-05-20 21:38:40',NULL),
(214,'cbae579d-1c4b-11ef-9214-42010a8e0014',101,'2024-05-20 21:40:34','2024-05-20 21:40:34',NULL),
(215,'cbae5f4c-1c4b-11ef-9214-42010a8e0014',279,'2024-05-22 18:12:25','2024-05-22 18:12:25',NULL),
(216,'cbae610a-1c4b-11ef-9214-42010a8e0014',279,'2024-05-22 18:13:39','2024-05-22 18:13:39',NULL),
(217,'cbae618b-1c4b-11ef-9214-42010a8e0014',279,'2024-05-22 18:14:37','2024-05-22 18:14:37',NULL),
(218,'cbae620e-1c4b-11ef-9214-42010a8e0014',279,'2024-05-22 18:16:20','2024-05-22 18:16:20',NULL),
(219,'cbae6290-1c4b-11ef-9214-42010a8e0014',279,'2024-05-22 18:19:09','2024-05-22 18:19:09',NULL),
(220,'cbae630f-1c4b-11ef-9214-42010a8e0014',279,'2024-05-22 18:20:18','2024-05-22 18:20:18',NULL),
(221,'cbae67ee-1c4b-11ef-9214-42010a8e0014',279,'2024-05-22 19:01:54','2024-05-22 19:01:54',NULL),
(222,'cbae686e-1c4b-11ef-9214-42010a8e0014',59,'2024-05-22 21:49:57','2024-05-22 21:49:57',NULL),
(223,'cbae68fa-1c4b-11ef-9214-42010a8e0014',278,'2024-05-23 13:18:22','2024-05-23 13:18:22','2024-05-23 13:19:29'),
(224,'cbae68fa-1c4b-11ef-9214-42010a8e0014',3,'2024-05-23 13:19:29','2024-05-23 13:19:29','2024-05-23 13:20:10'),
(225,'cbae68fa-1c4b-11ef-9214-42010a8e0014',1,'2024-05-23 13:20:10','2024-05-23 13:20:10',NULL),
(226,'cbae71c1-1c4b-11ef-9214-42010a8e0014',277,'2024-05-25 18:29:22','2024-05-25 18:29:22',NULL),
(227,'cbae765e-1c4b-11ef-9214-42010a8e0014',1,'2024-05-25 22:34:43','2024-05-25 22:34:43',NULL),
(230,'ec2bdefa-7fbd-4943-8ec9-7e7ac993ec3b',90,'2024-05-29 12:51:28','2024-05-29 12:51:28',NULL),
(231,'cbae2b96-1c4b-11ef-9214-42010a8e0014',21,'2024-05-29 16:23:05','2024-05-29 16:23:05',NULL),
(232,'cbae0828-1c4b-11ef-9214-42010a8e0014',124,'2024-05-29 20:53:34','2024-05-29 20:53:34',NULL),
(233,'4303b59e-0892-4ff4-b168-ffcdb051a41b',277,'2024-05-30 15:23:40','2024-05-30 15:23:40',NULL),
(235,NULL,10,'2024-06-06 13:49:11','2024-06-06 13:49:11',NULL),
(236,'de4dbfb1-5daa-4314-9c7c-4773d223b069',156,'2024-06-06 15:26:10','2024-06-06 15:26:10',NULL),
(237,'7b9c3b89-eb87-44d8-ae43-b2ab20796642',277,'2024-06-07 21:51:15','2024-06-07 21:51:15',NULL),
(238,'82e72c1b-b41f-4772-9c18-40a26687de20',247,'2024-06-10 13:43:34','2024-06-10 13:43:34',NULL),
(239,'9bda2534-3b98-4b3d-a0dc-abaf28bd20eb',247,'2024-06-10 14:48:34','2024-06-10 14:48:34',NULL),
(240,'993e884b-a233-4d26-943f-e03076c6d125',23,'2024-06-13 18:56:22','2024-06-13 18:56:22',NULL),
(241,'954846d3-8f1b-45d2-af0f-e819eeadeb9c',59,'2024-06-18 21:48:56','2024-06-18 21:48:56',NULL);
/*!40000 ALTER TABLE `user_branch` ENABLE KEYS */;
UNLOCK TABLES;

--
-- Table structure for table `user_rol`
--

DROP TABLE IF EXISTS `user_rol`;
/*!40101 SET @saved_cs_client     = @@character_set_client */;
/*!40101 SET character_set_client = utf8 */;
CREATE TABLE `user_rol` (
  `userol_id` int NOT NULL AUTO_INCREMENT,
  `user_id` char(36) DEFAULT NULL,
  `rol_id` int NOT NULL,
  `date_creation` datetime NOT NULL DEFAULT CURRENT_TIMESTAMP,
  `date_modification` datetime NOT NULL DEFAULT CURRENT_TIMESTAMP,
  `date_delete` datetime DEFAULT NULL,
  PRIMARY KEY (`userol_id`),
  KEY `user_id` (`user_id`),
  KEY `rol_id` (`rol_id`),
  KEY `idx_rol_id` (`rol_id`),
  KEY `idx_rol_id_user_id` (`rol_id`,`user_id`),
  CONSTRAINT `fk_user_rol_user` FOREIGN KEY (`user_id`) REFERENCES `user` (`user_id`),
  CONSTRAINT `user_rol_ibfk_2` FOREIGN KEY (`rol_id`) REFERENCES `rol` (`rol_id`)
) ENGINE=InnoDB AUTO_INCREMENT=247 DEFAULT CHARSET=utf8mb4 COLLATE=utf8mb4_0900_ai_ci;
/*!40101 SET character_set_client = @saved_cs_client */;

--
-- Dumping data for table `user_rol`
--

LOCK TABLES `user_rol` WRITE;
/*!40000 ALTER TABLE `user_rol` DISABLE KEYS */;
INSERT INTO `user_rol` VALUES
(1,'cbadffd1-1c4b-11ef-9214-42010a8e0014',1,'2024-02-06 19:41:35','2024-02-06 19:41:35',NULL),
(2,'cbae073a-1c4b-11ef-9214-42010a8e0014',3,'2024-02-06 19:41:35','2024-02-06 19:41:35',NULL),
(3,'cbae0828-1c4b-11ef-9214-42010a8e0014',6,'2024-02-09 21:38:22','2024-02-09 21:38:22',NULL),
(6,'cbae08ce-1c4b-11ef-9214-42010a8e0014',4,'2024-02-09 21:38:22','2024-02-09 21:38:22',NULL),
(10,'cbae09a3-1c4b-11ef-9214-42010a8e0014',2,'2024-03-12 22:18:24','2024-03-12 22:18:24',NULL),
(11,'cbae0bf0-1c4b-11ef-9214-42010a8e0014',6,'2024-03-20 17:36:15','2024-03-20 17:36:15',NULL),
(30,'cbae0d58-1c4b-11ef-9214-42010a8e0014',3,'2024-04-10 21:37:14','2024-04-10 21:37:14',NULL),
(32,'cbae0de3-1c4b-11ef-9214-42010a8e0014',7,'2024-04-12 13:51:15','2024-04-12 13:51:15',NULL),
(33,'cbae0e6b-1c4b-11ef-9214-42010a8e0014',3,'2024-04-12 15:28:58','2024-04-12 15:28:58',NULL),
(35,'cbae0ef0-1c4b-11ef-9214-42010a8e0014',5,'2024-04-12 21:38:31','2024-04-12 21:38:31',NULL),
(36,'cbae110b-1c4b-11ef-9214-42010a8e0014',5,'2024-04-12 21:40:03','2024-04-12 21:40:03',NULL),
(37,'cbae118f-1c4b-11ef-9214-42010a8e0014',5,'2024-04-12 21:40:07','2024-04-12 21:40:07',NULL),
(38,'cbae1323-1c4b-11ef-9214-42010a8e0014',4,'2024-04-12 21:41:10','2024-04-12 21:41:10',NULL),
(39,'cbae13b6-1c4b-11ef-9214-42010a8e0014',6,'2024-04-15 19:22:11','2024-04-15 19:22:11',NULL),
(40,'cbae15a1-1c4b-11ef-9214-42010a8e0014',3,'2024-04-15 19:25:14','2024-04-15 19:25:14',NULL),
(44,'cbae1637-1c4b-11ef-9214-42010a8e0014',3,'2024-04-16 02:10:33','2024-04-16 02:10:33',NULL),
(45,'cbae16d4-1c4b-11ef-9214-42010a8e0014',6,'2024-04-16 11:31:15','2024-04-16 11:31:15',NULL),
(46,'cbae175d-1c4b-11ef-9214-42010a8e0014',6,'2024-04-16 14:02:46','2024-04-16 14:02:46',NULL),
(47,'cbae1b6e-1c4b-11ef-9214-42010a8e0014',3,'2024-04-16 14:06:17','2024-04-16 14:06:17',NULL),
(57,'cbae1c4d-1c4b-11ef-9214-42010a8e0014',3,'2024-04-16 15:20:05','2024-04-16 15:20:05',NULL),
(64,'cbae1cdb-1c4b-11ef-9214-42010a8e0014',3,'2024-04-16 15:36:59','2024-04-16 15:36:59',NULL),
(66,'cbae1f8a-1c4b-11ef-9214-42010a8e0014',3,'2024-04-16 16:10:15','2024-04-16 16:10:15',NULL),
(67,'cbae2040-1c4b-11ef-9214-42010a8e0014',6,'2024-04-16 16:56:56','2024-04-16 16:56:56',NULL),
(68,'cbae2254-1c4b-11ef-9214-42010a8e0014',4,'2024-04-16 17:02:30','2024-04-16 17:02:30',NULL),
(70,'cbae22fb-1c4b-11ef-9214-42010a8e0014',4,'2024-04-16 18:46:13','2024-04-16 18:46:13',NULL),
(71,'cbae2554-1c4b-11ef-9214-42010a8e0014',3,'2024-04-16 18:50:48','2024-04-16 18:50:48',NULL),
(72,'cbae2768-1c4b-11ef-9214-42010a8e0014',3,'2024-04-16 18:52:00','2024-04-16 18:52:00',NULL),
(73,'cbae297a-1c4b-11ef-9214-42010a8e0014',3,'2024-04-16 18:56:22','2024-04-16 18:56:22',NULL),
(74,'cbae2b96-1c4b-11ef-9214-42010a8e0014',6,'2024-04-16 19:27:11','2024-04-16 19:27:11',NULL),
(75,'cbae2dd9-1c4b-11ef-9214-42010a8e0014',3,'2024-04-16 19:28:32','2024-04-16 19:28:32',NULL),
(76,'cbae349c-1c4b-11ef-9214-42010a8e0014',3,'2024-04-16 20:24:56','2024-04-16 20:24:56',NULL),
(77,'cbae352e-1c4b-11ef-9214-42010a8e0014',3,'2024-04-16 20:58:44','2024-04-16 20:58:44',NULL),
(78,'cbae35b8-1c4b-11ef-9214-42010a8e0014',3,'2024-04-16 21:00:04','2024-04-16 21:00:04',NULL),
(79,'cbae363a-1c4b-11ef-9214-42010a8e0014',6,'2024-04-17 00:25:40','2024-04-17 00:25:40',NULL),
(80,'cbae36be-1c4b-11ef-9214-42010a8e0014',3,'2024-04-17 00:26:40','2024-04-17 00:26:40',NULL),
(81,'cbae3741-1c4b-11ef-9214-42010a8e0014',3,'2024-04-17 00:27:49','2024-04-17 00:27:49',NULL),
(83,'cbae37c5-1c4b-11ef-9214-42010a8e0014',3,'2024-04-17 14:23:50','2024-04-17 14:23:50',NULL),
(84,'cbae3846-1c4b-11ef-9214-42010a8e0014',3,'2024-04-17 15:35:15','2024-04-17 15:35:15',NULL),
(85,'cbae38c8-1c4b-11ef-9214-42010a8e0014',6,'2024-04-17 16:22:43','2024-04-17 16:22:43',NULL),
(86,'cbae3966-1c4b-11ef-9214-42010a8e0014',3,'2024-04-17 16:26:16','2024-04-17 16:26:16',NULL),
(87,'cbae39e8-1c4b-11ef-9214-42010a8e0014',3,'2024-04-17 16:28:01','2024-04-17 16:28:01',NULL),
(88,'cbae3a68-1c4b-11ef-9214-42010a8e0014',3,'2024-04-18 13:47:38','2024-04-18 13:47:38',NULL),
(89,'cbae3aea-1c4b-11ef-9214-42010a8e0014',3,'2024-04-18 14:01:15','2024-04-18 14:01:15',NULL),
(90,'cbae3b6b-1c4b-11ef-9214-42010a8e0014',6,'2024-04-18 14:02:54','2024-04-18 14:02:54',NULL),
(91,'cbae3be9-1c4b-11ef-9214-42010a8e0014',4,'2024-04-18 14:04:45','2024-04-18 14:04:45',NULL),
(92,'cbae3c6a-1c4b-11ef-9214-42010a8e0014',6,'2024-04-18 14:08:51','2024-04-18 14:08:51',NULL),
(93,'cbae3cea-1c4b-11ef-9214-42010a8e0014',3,'2024-04-18 14:10:18','2024-04-18 14:10:18',NULL),
(94,'cbae3d87-1c4b-11ef-9214-42010a8e0014',1,'2024-04-18 14:24:10','2024-04-18 14:24:10',NULL),
(95,'cbae3e12-1c4b-11ef-9214-42010a8e0014',6,'2024-04-18 15:30:30','2024-04-18 15:30:30',NULL),
(96,'cbae3e93-1c4b-11ef-9214-42010a8e0014',6,'2024-04-18 15:31:39','2024-04-18 15:31:39',NULL),
(97,'cbae3f16-1c4b-11ef-9214-42010a8e0014',6,'2024-04-18 15:36:02','2024-04-18 15:36:02',NULL),
(98,'cbae3f95-1c4b-11ef-9214-42010a8e0014',6,'2024-04-18 15:38:31','2024-04-18 15:38:31',NULL),
(99,'cbae40b6-1c4b-11ef-9214-42010a8e0014',6,'2024-04-18 15:39:53','2024-04-18 15:39:53',NULL),
(100,'cbae43ef-1c4b-11ef-9214-42010a8e0014',6,'2024-04-18 15:42:05','2024-04-18 15:42:05',NULL),
(101,'cbae447c-1c4b-11ef-9214-42010a8e0014',4,'2024-04-18 16:06:24','2024-04-18 16:06:24',NULL),
(102,'cbae44ff-1c4b-11ef-9214-42010a8e0014',3,'2024-04-18 16:45:04','2024-04-18 16:45:04',NULL),
(103,'cbae458a-1c4b-11ef-9214-42010a8e0014',4,'2024-04-18 18:07:19','2024-04-18 18:07:19',NULL),
(104,'cbae460d-1c4b-11ef-9214-42010a8e0014',4,'2024-04-18 18:08:52','2024-04-18 18:08:52',NULL),
(105,'cbae468f-1c4b-11ef-9214-42010a8e0014',4,'2024-04-18 18:11:55','2024-04-18 18:11:55',NULL),
(106,'cbae4712-1c4b-11ef-9214-42010a8e0014',3,'2024-04-18 19:03:26','2024-04-18 19:03:26',NULL),
(107,'cbae4792-1c4b-11ef-9214-42010a8e0014',3,'2024-04-18 19:04:57','2024-04-18 19:04:57',NULL),
(108,'cbae4811-1c4b-11ef-9214-42010a8e0014',4,'2024-04-18 20:25:44','2024-04-18 20:25:44',NULL),
(109,'cbae488e-1c4b-11ef-9214-42010a8e0014',6,'2024-04-18 20:39:05','2024-04-18 20:39:05',NULL),
(110,'cbae490f-1c4b-11ef-9214-42010a8e0014',6,'2024-04-18 20:41:54','2024-04-18 20:41:54',NULL),
(111,'cbae498d-1c4b-11ef-9214-42010a8e0014',4,'2024-04-23 14:11:29','2024-04-23 14:11:29',NULL),
(113,'cbae4a0c-1c4b-11ef-9214-42010a8e0014',3,'2024-05-02 14:32:00','2024-05-02 14:32:00',NULL),
(114,'cbae4a8f-1c4b-11ef-9214-42010a8e0014',3,'2024-05-02 15:23:38','2024-05-02 15:23:38',NULL),
(115,'cbae4b0c-1c4b-11ef-9214-42010a8e0014',3,'2024-05-02 15:25:31','2024-05-02 15:25:31',NULL),
(116,'cbae4b8c-1c4b-11ef-9214-42010a8e0014',3,'2024-05-02 15:36:16','2024-05-02 15:36:16',NULL),
(117,'cbae4c0b-1c4b-11ef-9214-42010a8e0014',3,'2024-05-02 15:39:28','2024-05-02 15:39:28',NULL),
(118,'cbae4c88-1c4b-11ef-9214-42010a8e0014',3,'2024-05-02 17:10:40','2024-05-02 17:10:40',NULL),
(119,'cbae4d07-1c4b-11ef-9214-42010a8e0014',3,'2024-05-02 17:11:24','2024-05-02 17:11:24',NULL),
(120,'cbae4d83-1c4b-11ef-9214-42010a8e0014',3,'2024-05-02 17:15:15','2024-05-02 17:15:15',NULL),
(121,'cbae4e01-1c4b-11ef-9214-42010a8e0014',6,'2024-05-02 17:34:42','2024-05-02 17:34:42',NULL),
(122,'cbae4e82-1c4b-11ef-9214-42010a8e0014',4,'2024-05-02 20:38:30','2024-05-02 20:38:30',NULL),
(123,'cbae4f01-1c4b-11ef-9214-42010a8e0014',3,'2024-05-06 19:55:49','2024-05-06 19:55:49',NULL),
(124,'cbae4f7d-1c4b-11ef-9214-42010a8e0014',4,'2024-05-06 20:41:24','2024-05-06 20:41:24',NULL),
(125,'cbae4ffd-1c4b-11ef-9214-42010a8e0014',3,'2024-05-06 21:42:39','2024-05-06 21:42:39',NULL),
(127,'cbae507c-1c4b-11ef-9214-42010a8e0014',3,'2024-05-08 15:56:40','2024-05-08 15:56:40',NULL),
(128,'cbae524a-1c4b-11ef-9214-42010a8e0014',6,'2024-05-08 15:58:22','2024-05-08 15:58:22',NULL),
(129,'cbae52c9-1c4b-11ef-9214-42010a8e0014',3,'2024-05-08 16:09:17','2024-05-08 16:09:17',NULL),
(130,'cbae5347-1c4b-11ef-9214-42010a8e0014',3,'2024-05-08 18:21:54','2024-05-08 18:21:54',NULL),
(131,'cbae548c-1c4b-11ef-9214-42010a8e0014',3,'2024-05-08 18:23:40','2024-05-08 18:23:40',NULL),
(132,'cbae554f-1c4b-11ef-9214-42010a8e0014',4,'2024-05-09 15:25:34','2024-05-09 15:25:34',NULL),
(133,'cbae560e-1c4b-11ef-9214-42010a8e0014',6,'2024-05-10 00:04:02','2024-05-10 00:04:02',NULL),
(134,'cbae56cd-1c4b-11ef-9214-42010a8e0014',4,'2024-05-10 00:04:42','2024-05-10 00:04:42',NULL),
(135,'cbae579d-1c4b-11ef-9214-42010a8e0014',4,'2024-05-10 00:06:04','2024-05-10 00:06:04',NULL),
(136,'cbae586d-1c4b-11ef-9214-42010a8e0014',6,'2024-05-10 00:09:06','2024-05-10 00:09:06',NULL),
(137,'cbae593c-1c4b-11ef-9214-42010a8e0014',3,'2024-05-16 16:59:00','2024-05-16 16:59:00',NULL),
(139,'cbae5a0b-1c4b-11ef-9214-42010a8e0014',3,'2024-05-16 19:32:24','2024-05-16 19:32:24',NULL),
(140,'cbae5b69-1c4b-11ef-9214-42010a8e0014',6,'2024-05-20 21:02:59','2024-05-20 21:02:59',NULL),
(141,'cbae5c2e-1c4b-11ef-9214-42010a8e0014',3,'2024-05-20 21:04:09','2024-05-20 21:04:09',NULL),
(142,'cbae5cb3-1c4b-11ef-9214-42010a8e0014',3,'2024-05-20 21:08:14','2024-05-20 21:08:14',NULL),
(143,'cbae5d36-1c4b-11ef-9214-42010a8e0014',3,'2024-05-20 22:10:26','2024-05-20 22:10:26',NULL),
(144,'cbae5dc0-1c4b-11ef-9214-42010a8e0014',3,'2024-05-20 22:12:17','2024-05-20 22:12:17',NULL),
(145,'cbae5e44-1c4b-11ef-9214-42010a8e0014',3,'2024-05-20 22:12:58','2024-05-20 22:12:58',NULL),
(146,'cbae5ec8-1c4b-11ef-9214-42010a8e0014',3,'2024-05-20 22:14:17','2024-05-20 22:14:17',NULL),
(147,'cbae5f4c-1c4b-11ef-9214-42010a8e0014',6,'2024-05-22 18:12:25','2024-05-22 18:12:25',NULL),
(148,'cbae610a-1c4b-11ef-9214-42010a8e0014',6,'2024-05-22 18:13:39','2024-05-22 18:13:39',NULL),
(149,'cbae618b-1c4b-11ef-9214-42010a8e0014',6,'2024-05-22 18:14:37','2024-05-22 18:14:37',NULL),
(150,'cbae620e-1c4b-11ef-9214-42010a8e0014',6,'2024-05-22 18:16:20','2024-05-22 18:16:20',NULL),
(151,'cbae6290-1c4b-11ef-9214-42010a8e0014',6,'2024-05-22 18:19:09','2024-05-22 18:19:09',NULL),
(152,'cbae630f-1c4b-11ef-9214-42010a8e0014',6,'2024-05-22 18:20:18','2024-05-22 18:20:18',NULL),
(153,'cbae6391-1c4b-11ef-9214-42010a8e0014',3,'2024-05-22 18:23:19','2024-05-22 18:23:19',NULL),
(154,'cbae644f-1c4b-11ef-9214-42010a8e0014',3,'2024-05-22 18:27:02','2024-05-22 18:27:02',NULL),
(155,'cbae64d0-1c4b-11ef-9214-42010a8e0014',3,'2024-05-22 18:28:09','2024-05-22 18:28:09',NULL),
(156,'cbae6552-1c4b-11ef-9214-42010a8e0014',3,'2024-05-22 18:30:00','2024-05-22 18:30:00',NULL),
(157,'cbae65d5-1c4b-11ef-9214-42010a8e0014',3,'2024-05-22 18:30:59','2024-05-22 18:30:59',NULL),
(158,'cbae6654-1c4b-11ef-9214-42010a8e0014',3,'2024-05-22 18:32:06','2024-05-22 18:32:06',NULL),
(159,'cbae66d2-1c4b-11ef-9214-42010a8e0014',3,'2024-05-22 18:33:47','2024-05-22 18:33:47',NULL),
(160,'cbae67ee-1c4b-11ef-9214-42010a8e0014',4,'2024-05-22 19:01:54','2024-05-22 19:01:54',NULL),
(161,'cbae686e-1c4b-11ef-9214-42010a8e0014',6,'2024-05-22 21:49:57','2024-05-22 21:49:57',NULL),
(162,'cbae68fa-1c4b-11ef-9214-42010a8e0014',5,'2024-05-23 13:18:22','2024-05-23 13:18:22',NULL),
(163,'cbae697f-1c4b-11ef-9214-42010a8e0014',3,'2024-05-23 13:20:23','2024-05-23 13:20:23',NULL),
(164,'cbae6b28-1c4b-11ef-9214-42010a8e0014',3,'2024-05-23 13:20:32','2024-05-23 13:20:32',NULL),
(165,'cbae6bad-1c4b-11ef-9214-42010a8e0014',3,'2024-05-23 14:04:30','2024-05-23 14:04:30',NULL),
(166,'cbae6c32-1c4b-11ef-9214-42010a8e0014',3,'2024-05-23 14:07:09','2024-05-23 14:07:09',NULL),
(167,'cbae6cb6-1c4b-11ef-9214-42010a8e0014',3,'2024-05-23 14:49:10','2024-05-23 14:49:10',NULL),
(168,'cbae6d3a-1c4b-11ef-9214-42010a8e0014',3,'2024-05-23 14:51:37','2024-05-23 14:51:37',NULL),
(169,'cbae6dbb-1c4b-11ef-9214-42010a8e0014',3,'2024-05-24 14:29:55','2024-05-24 14:29:55',NULL),
(170,'cbae6e59-1c4b-11ef-9214-42010a8e0014',3,'2024-05-24 15:47:46','2024-05-24 15:47:46',NULL),
(171,'cbae701b-1c4b-11ef-9214-42010a8e0014',3,'2024-05-24 20:14:16','2024-05-24 20:14:16',NULL),
(172,'cbae70ab-1c4b-11ef-9214-42010a8e0014',3,'2024-05-25 17:49:14','2024-05-25 17:49:14',NULL),
(173,'cbae7133-1c4b-11ef-9214-42010a8e0014',3,'2024-05-25 17:52:00','2024-05-25 17:52:00',NULL),
(174,'cbae71c1-1c4b-11ef-9214-42010a8e0014',6,'2024-05-25 18:29:22','2024-05-25 18:29:22',NULL),
(175,'cbae724b-1c4b-11ef-9214-42010a8e0014',3,'2024-05-25 19:39:53','2024-05-25 19:39:53',NULL),
(176,'cbae73a3-1c4b-11ef-9214-42010a8e0014',3,'2024-05-25 21:44:32','2024-05-25 21:44:32',NULL),
(177,'cbae75d9-1c4b-11ef-9214-42010a8e0014',3,'2024-05-25 21:47:40','2024-05-25 21:47:40',NULL),
(178,'cbae765e-1c4b-11ef-9214-42010a8e0014',6,'2024-05-25 22:34:43','2024-05-25 22:34:43',NULL),
(179,'cbae7db4-1c4b-11ef-9214-42010a8e0014',3,'2024-05-27 14:49:45','2024-05-27 14:49:45',NULL),
(188,'8cec3884-8a7f-4a68-9744-2e2df0017c1e',3,'2024-05-28 22:07:11','2024-05-28 22:07:11',NULL),
(189,'e9342da0-c946-499e-ba0e-5c68b98da01b',3,'2024-05-28 22:14:09','2024-05-28 22:14:09',NULL),
(190,'ca240fcd-00cb-4bfb-8335-9826ebe12b5b',3,'2024-05-28 22:20:28','2024-05-28 22:20:28',NULL),
(191,'e6433700-6642-4122-a425-cdbc43fca895',3,'2024-05-28 22:22:43','2024-05-28 22:22:43',NULL),
(192,'ec2bdefa-7fbd-4943-8ec9-7e7ac993ec3b',6,'2024-05-29 12:51:28','2024-05-29 12:51:28',NULL),
(193,'384199e9-6098-416a-9a26-9657ad87fc37',3,'2024-05-29 12:52:45','2024-05-29 12:52:45',NULL),
(194,'884e40c2-d82b-4084-9f87-c5c13a7a4542',3,'2024-05-29 13:33:26','2024-05-29 13:33:26',NULL),
(195,'72403188-55c2-45fd-8c0c-f4cefc43289b',3,'2024-05-29 13:35:09','2024-05-29 13:35:09',NULL),
(196,'7e85ee9f-1394-4025-9fcf-2d3b7fd14222',3,'2024-05-29 20:41:55','2024-05-29 20:41:55',NULL),
(197,'1cca1d26-8069-453f-b86d-80b88151bf68',3,'2024-05-30 14:18:23','2024-05-30 14:18:23',NULL),
(198,'47c290e4-b251-4c24-bbaa-ca075c2adfff',3,'2024-05-30 14:18:43','2024-05-30 14:18:43',NULL),
(199,'2c9646fd-e050-489c-a823-65823093960a',3,'2024-05-30 14:20:12','2024-05-30 14:20:12',NULL),
(200,'86a72317-f8ab-4443-9723-77e07c7c5696',3,'2024-05-30 14:20:42','2024-05-30 14:20:42',NULL),
(201,'a1a890df-78db-4d07-b46f-f29508aec15f',3,'2024-05-30 14:24:21','2024-05-30 14:24:21',NULL),
(202,'f6ec0f9b-18da-4b9f-a050-71b802cddb0d',3,'2024-05-30 15:19:24','2024-05-30 15:19:24',NULL),
(203,'4303b59e-0892-4ff4-b168-ffcdb051a41b',6,'2024-05-30 15:23:40','2024-05-30 15:23:40',NULL),
(208,'8359896a-65ee-4528-b4c8-8d08db9eed92',3,'2024-05-30 22:54:03','2024-05-30 22:54:03',NULL),
(209,'0b5b5f29-9529-4641-9418-4860417424a7',3,'2024-05-30 22:55:29','2024-05-30 22:55:29',NULL),
(210,'9777dad8-ee60-49ba-a2d0-a87500206e47',3,'2024-05-31 18:11:34','2024-05-31 18:11:34',NULL),
(219,NULL,6,'2024-06-06 13:49:11','2024-06-06 13:49:11',NULL),
(224,'5357a0e2-5928-449c-828b-38e9151250e1',3,'2024-06-06 13:57:19','2024-06-06 13:57:19',NULL),
(226,'545f8615-9cc4-4c49-a448-a244170c86f6',3,'2024-06-06 14:07:12','2024-06-06 14:07:12',NULL),
(227,'8f118a39-8091-4abb-971a-9786da38d62c',3,'2024-06-06 14:09:08','2024-06-06 14:09:08',NULL),
(228,'126ede31-3205-42fe-bd99-ad5897c797ff',3,'2024-06-06 14:09:13','2024-06-06 14:09:13',NULL),
(229,'f3454c42-c040-4d00-88e6-dee6d185e23e',3,'2024-06-06 14:13:18','2024-06-06 14:13:18',NULL),
(230,'67db7737-403e-4cc9-aa14-e6281db07fe7',3,'2024-06-06 14:21:06','2024-06-06 14:21:06',NULL),
(231,'8005ea11-b060-4420-bf44-bb827929179f',3,'2024-06-06 14:58:56','2024-06-06 14:58:56',NULL),
(232,'fc368c60-1363-4e8c-a983-c77fd08de226',3,'2024-06-06 15:09:53','2024-06-06 15:09:53',NULL),
(233,'4de83546-205c-4157-9a25-b1a5ebe8ef2e',3,'2024-06-06 15:10:44','2024-06-06 15:10:44',NULL),
(234,'34186a12-1bea-4164-9067-89fc86a3540c',3,'2024-06-06 15:11:50','2024-06-06 15:11:50',NULL),
(235,'40ae1771-5924-4c83-9950-d6a4fdb8676d',3,'2024-06-06 15:11:51','2024-06-06 15:11:51',NULL),
(236,'090f6f72-eb8d-40a5-ae95-00108f2e5bcb',3,'2024-06-06 15:13:35','2024-06-06 15:13:35',NULL),
(237,'de4dbfb1-5daa-4314-9c7c-4773d223b069',6,'2024-06-06 15:26:10','2024-06-06 15:26:10',NULL),
(238,'07d8c7ab-8070-4856-a72a-0c52c9ef2b45',3,'2024-06-07 14:22:36','2024-06-07 14:22:36',NULL),
(239,'7b9c3b89-eb87-44d8-ae43-b2ab20796642',4,'2024-06-07 21:51:15','2024-06-07 21:51:15',NULL),
(240,'82e72c1b-b41f-4772-9c18-40a26687de20',6,'2024-06-10 13:43:34','2024-06-10 13:43:34',NULL),
(241,'9bda2534-3b98-4b3d-a0dc-abaf28bd20eb',4,'2024-06-10 14:48:34','2024-06-10 14:48:34',NULL),
(242,'76a818a1-507c-4710-a881-4376b9537c32',3,'2024-06-10 20:37:09','2024-06-10 20:37:09',NULL),
(243,'993e884b-a233-4d26-943f-e03076c6d125',4,'2024-06-13 18:56:22','2024-06-13 18:56:22',NULL),
(244,'1e2c4bf2-2a8b-11ef-a668-42010a38f005',8,'2024-06-14 20:40:07','2024-06-14 20:40:07',NULL),
(245,'726b9183-24a4-42fd-8a32-fe35006a172d',3,'2024-06-17 16:17:30','2024-06-17 16:17:30',NULL),
(246,'954846d3-8f1b-45d2-af0f-e819eeadeb9c',3,'2024-06-18 21:48:56','2024-06-18 21:48:56',NULL);
/*!40000 ALTER TABLE `user_rol` ENABLE KEYS */;
UNLOCK TABLES;

--
-- Table structure for table `user_value`
--

DROP TABLE IF EXISTS `user_value`;
/*!40101 SET @saved_cs_client     = @@character_set_client */;
/*!40101 SET character_set_client = utf8 */;
CREATE TABLE `user_value` (
  `useval_id` int NOT NULL AUTO_INCREMENT,
  `user_id` char(36) DEFAULT NULL,
  `value_id` int DEFAULT NULL,
  `date_creation` datetime NOT NULL DEFAULT CURRENT_TIMESTAMP,
  `date_modification` datetime NOT NULL DEFAULT CURRENT_TIMESTAMP,
  `date_delete` datetime DEFAULT NULL,
  PRIMARY KEY (`useval_id`),
  KEY `user_id` (`user_id`),
  KEY `value_id` (`value_id`),
  CONSTRAINT `fk_user_value_user` FOREIGN KEY (`user_id`) REFERENCES `user` (`user_id`),
  CONSTRAINT `user_value_ibfk_2` FOREIGN KEY (`value_id`) REFERENCES `value` (`value_id`)
) ENGINE=InnoDB DEFAULT CHARSET=utf8mb4 COLLATE=utf8mb4_0900_ai_ci;
/*!40101 SET character_set_client = @saved_cs_client */;

--
-- Dumping data for table `user_value`
--

LOCK TABLES `user_value` WRITE;
/*!40000 ALTER TABLE `user_value` DISABLE KEYS */;
/*!40000 ALTER TABLE `user_value` ENABLE KEYS */;
UNLOCK TABLES;

--
-- Table structure for table `value`
--

DROP TABLE IF EXISTS `value`;
/*!40101 SET @saved_cs_client     = @@character_set_client */;
/*!40101 SET character_set_client = utf8 */;
CREATE TABLE `value` (
  `value_id` int NOT NULL AUTO_INCREMENT,
  `name` varchar(255) NOT NULL,
  `characteristic_id` int DEFAULT NULL,
  `date_creation` datetime NOT NULL DEFAULT CURRENT_TIMESTAMP,
  `date_modification` datetime NOT NULL DEFAULT CURRENT_TIMESTAMP,
  `date_delete` datetime DEFAULT NULL,
  PRIMARY KEY (`value_id`),
  UNIQUE KEY `name` (`name`),
  KEY `characteristic_id` (`characteristic_id`),
  CONSTRAINT `value_ibfk_1` FOREIGN KEY (`characteristic_id`) REFERENCES `characteristic` (`characteristic_id`)
) ENGINE=InnoDB AUTO_INCREMENT=46 DEFAULT CHARSET=utf8mb4 COLLATE=utf8mb4_0900_ai_ci;
/*!40101 SET character_set_client = @saved_cs_client */;

--
-- Dumping data for table `value`
--

LOCK TABLES `value` WRITE;
/*!40000 ALTER TABLE `value` DISABLE KEYS */;
INSERT INTO `value` VALUES
(1,'Hombre',1,'2024-05-30 16:14:36','2024-05-30 16:14:36',NULL),
(2,'Mujer',1,'2024-05-30 16:14:36','2024-05-30 16:14:36',NULL),
(3,'Piel Afro',2,'2024-05-30 16:14:36','2024-05-30 16:14:36',NULL),
(4,'Piel Indigena',2,'2024-05-30 16:14:36','2024-05-30 16:14:36',NULL),
(5,'Piel Mestiza',2,'2024-05-30 16:14:36','2024-05-30 16:14:36',NULL),
(6,'Outfit Hombre Afro 1',4,'2024-05-30 16:14:37','2024-05-30 16:14:37',NULL),
(7,'Outfit Hombre Indigena 1',4,'2024-05-30 16:14:37','2024-05-30 16:14:37',NULL),
(8,'Outfit Hombre Mestizo 1',4,'2024-05-30 16:14:37','2024-05-30 16:14:37',NULL),
(9,'Outfit Hombre Afro 2',4,'2024-05-30 16:14:37','2024-05-30 16:14:37',NULL),
(10,'Outfit Hombre Indigena 2',4,'2024-05-30 16:14:37','2024-05-30 16:14:37',NULL),
(11,'Outfit Hombre Mestizo 2',4,'2024-05-30 16:14:38','2024-05-30 16:14:38',NULL),
(12,'Outfit Hombre Afro 3',4,'2024-05-30 16:14:38','2024-05-30 16:14:38',NULL),
(13,'Outfit Hombre Indigena 3',4,'2024-05-30 16:14:38','2024-05-30 16:14:38',NULL),
(14,'Outfit Hombre Mestizo 3',4,'2024-05-30 16:14:38','2024-05-30 16:14:38',NULL),
(15,'Outfit Mujer Afro 1',4,'2024-05-30 16:14:38','2024-05-30 16:14:38',NULL),
(16,'Outfit Mujer Indigena 1',4,'2024-05-30 16:14:38','2024-05-30 16:14:38',NULL),
(17,'Outfit Mujer Mestizo 1',4,'2024-05-30 16:14:39','2024-05-30 16:14:39',NULL),
(18,'Outfit Mujer Afro 2',4,'2024-05-30 16:14:39','2024-05-30 16:14:39',NULL),
(19,'Outfit Mujer Indigena 2',4,'2024-05-30 16:14:39','2024-05-30 16:14:39',NULL),
(20,'Outfit Mujer Mestizo 2',4,'2024-05-30 16:14:39','2024-05-30 16:14:39',NULL),
(21,'Outfit Mujer Afro 3',4,'2024-05-30 16:14:39','2024-05-30 16:14:39',NULL),
(22,'Outfit Mujer Indigena 3',4,'2024-05-30 16:14:40','2024-05-30 16:14:40',NULL),
(23,'Outfit Mujer Mestizo 3',4,'2024-05-30 16:14:40','2024-05-30 16:14:40',NULL),
(24,'Cabello Hombre Afro 1',3,'2024-05-30 16:14:40','2024-05-30 16:14:40',NULL),
(25,'Cabello Hombre Indigena 1',3,'2024-05-30 16:14:40','2024-05-30 16:14:40',NULL),
(26,'Cabello Hombre Mestizo 1',3,'2024-05-30 16:14:40','2024-05-30 16:14:40',NULL),
(27,'Cabello Hombre Afro 2',3,'2024-05-30 16:14:40','2024-05-30 16:14:40',NULL),
(28,'Cabello Hombre Indigena 2',3,'2024-05-30 16:14:41','2024-05-30 16:14:41',NULL),
(29,'Cabello Hombre Mestizo 2',3,'2024-05-30 16:14:41','2024-05-30 16:14:41',NULL),
(30,'Cabello Hombre Afro 3',3,'2024-05-30 16:14:41','2024-05-30 16:14:41',NULL),
(31,'Cabello Hombre Indigena 3',3,'2024-05-30 16:14:41','2024-05-30 16:14:41',NULL),
(32,'Cabello Hombre Mestizo 3',3,'2024-05-30 16:14:41','2024-05-30 16:14:41',NULL),
(33,'Cabello Mujer Afro 1',3,'2024-05-30 16:14:42','2024-05-30 16:14:42',NULL),
(34,'Cabello Mujer Indigena 1',3,'2024-05-30 16:14:42','2024-05-30 16:14:42',NULL),
(35,'Cabello Mujer Mestizo 1',3,'2024-05-30 16:14:42','2024-05-30 16:14:42',NULL),
(36,'Cabello Mujer Afro 2',3,'2024-05-30 16:14:42','2024-05-30 16:14:42',NULL),
(37,'Cabello Mujer Indigena 2',3,'2024-05-30 16:14:42','2024-05-30 16:14:42',NULL),
(38,'Cabello Mujer Mestizo 2',3,'2024-05-30 16:14:42','2024-05-30 16:14:42',NULL),
(39,'Cabello Mujer Afro 3',3,'2024-05-30 16:14:43','2024-05-30 16:14:43',NULL),
(40,'Cabello Mujer Indigena 3',3,'2024-05-30 16:14:43','2024-05-30 16:14:43',NULL),
(41,'Cabello Mujer Mestizo 3',3,'2024-05-30 16:14:43','2024-05-30 16:14:43',NULL),
(42,'Sin Accesorio',5,'2024-05-30 16:14:43','2024-05-30 16:14:43',NULL),
(43,'Mochila',5,'2024-05-30 16:14:43','2024-05-30 16:14:43',NULL),
(44,'Poncho',5,'2024-05-30 16:14:44','2024-05-30 16:14:44',NULL),
(45,'Sombrero',5,'2024-05-30 16:14:44','2024-05-30 16:14:44',NULL);
/*!40000 ALTER TABLE `value` ENABLE KEYS */;
UNLOCK TABLES;

--
-- Temporary table structure for view `view_indicator_minigame`
--

DROP TABLE IF EXISTS `view_indicator_minigame`;
/*!50001 DROP VIEW IF EXISTS `view_indicator_minigame`*/;
SET @saved_cs_client     = @@character_set_client;
SET character_set_client = utf8;
/*!50001 CREATE VIEW `view_indicator_minigame` AS SELECT
 1 AS `minigame_id`,
  1 AS `minigame_name`,
  1 AS `gameplay_score`,
  1 AS `gameplay_status_id`,
  1 AS `sigloxxi_score`,
  1 AS `steam_score`,
  1 AS `challenge_id`,
  1 AS `trajectory_id`,
  1 AS `department_id`,
  1 AS `department_name`,
  1 AS `town_id`,
  1 AS `town_name`,
  1 AS `institution_id`,
  1 AS `institution_name`,
  1 AS `branch_id`,
  1 AS `branch_name`,
  1 AS `grade_id`,
  1 AS `grade_name`,
  1 AS `group_id`,
  1 AS `group_name`,
  1 AS `user_first_name`,
  1 AS `user_first_lastname`,
  1 AS `user_email` */;
SET character_set_client = @saved_cs_client;

--
-- Temporary table structure for view `view_indicator_minigame_old`
--

DROP TABLE IF EXISTS `view_indicator_minigame_old`;
/*!50001 DROP VIEW IF EXISTS `view_indicator_minigame_old`*/;
SET @saved_cs_client     = @@character_set_client;
SET character_set_client = utf8;
/*!50001 CREATE VIEW `view_indicator_minigame_old` AS SELECT
 1 AS `minigame_id`,
  1 AS `minigame_name`,
  1 AS `minigame_num_round`,
  1 AS `minigame_date_creation`,
  1 AS `gameplay_score`,
  1 AS `gameplay_error`,
  1 AS `gameplay_play_round`,
  1 AS `gameplay_success`,
  1 AS `gameplay_exception`,
  1 AS `gameplay_bonus`,
  1 AS `gameplay_extra_information`,
  1 AS `gameplay_date_creation`,
  1 AS `gameplay_status_id`,
  1 AS `gameplay_status_name`,
  1 AS `gameplay_status_date_creation`,
  1 AS `sigloxxi_competence`,
  1 AS `sigloxxi_score`,
  1 AS `sigloxxi_date_creation`,
  1 AS `steam_competence`,
  1 AS `steam_score`,
  1 AS `steam_date_creation`,
  1 AS `enrolment_status`,
  1 AS `enrolment_date_creation`,
  1 AS `school_year_name`,
  1 AS `branch_id`,
  1 AS `branch_name`,
  1 AS `branch_consecutive_branch`,
  1 AS `town_id`,
  1 AS `town_name`,
  1 AS `town_consecutive_branch`,
  1 AS `department_id`,
  1 AS `department_name`,
  1 AS `zone_id`,
  1 AS `zone_name`,
  1 AS `grade_group_name`,
  1 AS `grade_group_display_name`,
  1 AS `grade_id`,
  1 AS `grade_name`,
  1 AS `group_id`,
  1 AS `group_name`,
  1 AS `institution_id`,
  1 AS `institution_name`,
  1 AS `institution_code_dane`,
  1 AS `user_username`,
  1 AS `user_first_name`,
  1 AS `user_second_name`,
  1 AS `user_first_lastname`,
  1 AS `user_second_lastname`,
  1 AS `user_email`,
  1 AS `user_status`,
  1 AS `user_document`,
  1 AS `user_date_creation`,
  1 AS `document_type_name`,
  1 AS `challenge_id`,
  1 AS `challenge_name`,
  1 AS `trajectory_id`,
  1 AS `trajectory_name`,
  1 AS `trajectory_description`,
  1 AS `cycle_id`,
  1 AS `cycle_name`,
  1 AS `cycle_description` */;
SET character_set_client = @saved_cs_client;

--
-- Table structure for table `zone`
--

DROP TABLE IF EXISTS `zone`;
/*!40101 SET @saved_cs_client     = @@character_set_client */;
/*!40101 SET character_set_client = utf8 */;
CREATE TABLE `zone` (
  `zone_id` int NOT NULL AUTO_INCREMENT,
  `name` varchar(255) NOT NULL,
  `date_creation` datetime NOT NULL DEFAULT CURRENT_TIMESTAMP,
  `date_modification` datetime NOT NULL DEFAULT CURRENT_TIMESTAMP,
  `date_delete` datetime DEFAULT NULL,
  PRIMARY KEY (`zone_id`),
  UNIQUE KEY `name` (`name`)
) ENGINE=InnoDB AUTO_INCREMENT=3 DEFAULT CHARSET=utf8mb4 COLLATE=utf8mb4_0900_ai_ci;
/*!40101 SET character_set_client = @saved_cs_client */;

--
-- Dumping data for table `zone`
--

LOCK TABLES `zone` WRITE;
/*!40000 ALTER TABLE `zone` DISABLE KEYS */;
INSERT INTO `zone` VALUES
(1,'ZONA 1','2024-03-11 20:37:47','2024-03-11 20:37:47',NULL),
(2,'ZONA 2','2024-03-11 20:37:47','2024-03-11 20:37:47',NULL);
/*!40000 ALTER TABLE `zone` ENABLE KEYS */;
UNLOCK TABLES;

--
-- Final view structure for view `view_indicator_minigame`
--

/*!50001 DROP VIEW IF EXISTS `view_indicator_minigame`*/;
/*!50001 SET @saved_cs_client          = @@character_set_client */;
/*!50001 SET @saved_cs_results         = @@character_set_results */;
/*!50001 SET @saved_col_connection     = @@collation_connection */;
/*!50001 SET character_set_client      = utf8mb4 */;
/*!50001 SET character_set_results     = utf8mb4 */;
/*!50001 SET collation_connection      = utf8mb4_0900_ai_ci */;
/*!50001 CREATE ALGORITHM=UNDEFINED */
/*!50013 DEFINER=`regional-fase2-si-backend`@`%` SQL SECURITY DEFINER */
/*!50001 VIEW `view_indicator_minigame` AS select `m`.`minigame_id` AS `minigame_id`,`m`.`name` AS `minigame_name`,`g`.`score` AS `gameplay_score`,`gs`.`gameplay_status_id` AS `gameplay_status_id`,`gmloqSIGLOXXI`.`score` AS `sigloxxi_score`,`gmloqSTEAM`.`score` AS `steam_score`,`challenge`.`attribute_id` AS `challenge_id`,`trajectory`.`attribute_id` AS `trajectory_id`,`d`.`department_id` AS `department_id`,`d`.`name` AS `department_name`,`t`.`town_id` AS `town_id`,`t`.`name` AS `town_name`,`i`.`institution_id` AS `institution_id`,`i`.`name` AS `institution_name`,`b`.`branch_id` AS `branch_id`,`b`.`name` AS `branch_name`,`gr`.`grade_id` AS `grade_id`,`gr`.`name` AS `grade_name`,`grp`.`group_id` AS `group_id`,`grp`.`name` AS `group_name`,`u`.`first_name` AS `user_first_name`,`u`.`first_lastname` AS `user_first_lastname`,`u`.`email` AS `user_email` from (((((((((((((((((((((((`minigame` `m` join `gameplay` `g` on(((`g`.`minigame_id` = `m`.`minigame_id`) and (`g`.`date_delete` is null)))) join `gameplay_status` `gs` on(((`gs`.`gameplay_status_id` = `g`.`gameplay_status_id`) and (`gs`.`date_delete` is null)))) join `gameplay_minigame_learning_outcome_qualifier` `gmloqSIGLOXXI` on(((`gmloqSIGLOXXI`.`gameplay_id` = `g`.`gameplay_id`) and (`gmloqSIGLOXXI`.`date_delete` is null)))) join `minigame_learning_outcome_qualifier` `mloqSIGLOXXI` on(((`mloqSIGLOXXI`.`minleaoutqua_id` = `gmloqSIGLOXXI`.`minleaoutqua_id`) and (`mloqSIGLOXXI`.`date_delete` is null)))) join `learning_outcome_qualifier` `loqSIGLOXXI` on(((`loqSIGLOXXI`.`leaoutqua_id` = `mloqSIGLOXXI`.`leaoutqua_id`) and (`loqSIGLOXXI`.`date_delete` is null) and (`loqSIGLOXXI`.`leaoutquatyp_id` = 1)))) join `gameplay_minigame_learning_outcome_qualifier` `gmloqSTEAM` on(((`gmloqSTEAM`.`gameplay_id` = `g`.`gameplay_id`) and (`gmloqSTEAM`.`date_delete` is null)))) join `minigame_learning_outcome_qualifier` `mloqSTEAM` on(((`mloqSTEAM`.`minleaoutqua_id` = `gmloqSTEAM`.`minleaoutqua_id`) and (`mloqSTEAM`.`date_delete` is null)))) join `learning_outcome_qualifier` `loqSTEAM` on(((`loqSTEAM`.`leaoutqua_id` = `mloqSTEAM`.`leaoutqua_id`) and (`loqSTEAM`.`date_delete` is null) and (`loqSTEAM`.`leaoutquatyp_id` = 2)))) join `enrolment` `e` on(((`e`.`enrolment_id` = `g`.`enrolment_id`) and (`e`.`date_delete` is null)))) join `school_year` `sy` on(((`sy`.`schyea_id` = `e`.`schyea_id`) and (`sy`.`date_delete` is null)))) join `branch` `b` on(((`b`.`branch_id` = `e`.`branch_id`) and (`b`.`date_delete` is null)))) join `town` `t` on(((`t`.`town_id` = `b`.`town_id`) and (`t`.`date_delete` is null)))) join `department` `d` on(((`d`.`department_id` = `t`.`department_id`) and (`d`.`date_delete` is null)))) join `grade_group` `gg` on(((`gg`.`gragro_id` = `e`.`gragro_id`) and (`gg`.`date_delete` is null)))) join `group` `grp` on(((`grp`.`group_id` = `gg`.`group_id`) and (`grp`.`date_delete` is null)))) join `grade` `gr` on(((`gr`.`grade_id` = `gg`.`grade_id`) and (`gr`.`date_delete` is null)))) join `institution` `i` on(((`i`.`institution_id` = `b`.`institution_id`) and (`i`.`date_delete` is null)))) join `user` `u` on(((`u`.`user_id` = `e`.`user_id`) and (`u`.`date_delete` is null)))) join `document_type` `dt` on(((`dt`.`document_type_id` = `u`.`document_type_id`) and (`dt`.`date_delete` is null)))) left join `minigame_attribute` `attribute1` on(((`attribute1`.`minigame_id` = `m`.`minigame_id`) and (`attribute1`.`attribute_id` in (32,33)) and (`attribute1`.`date_delete` is null)))) left join `attribute` `challenge` on(((`challenge`.`attribute_id` = `attribute1`.`attribute_id`) and (`challenge`.`date_delete` is null)))) left join `minigame_attribute` `attribute2` on(((`attribute2`.`minigame_id` = `m`.`minigame_id`) and (`attribute2`.`attribute_id` in (20,21,22,23,24,25)) and (`attribute2`.`date_delete` is null)))) left join `attribute` `trajectory` on(((`trajectory`.`attribute_id` = `attribute2`.`attribute_id`) and (`trajectory`.`date_delete` is null)))) */;
/*!50001 SET character_set_client      = @saved_cs_client */;
/*!50001 SET character_set_results     = @saved_cs_results */;
/*!50001 SET collation_connection      = @saved_col_connection */;

--
-- Final view structure for view `view_indicator_minigame_old`
--

/*!50001 DROP VIEW IF EXISTS `view_indicator_minigame_old`*/;
/*!50001 SET @saved_cs_client          = @@character_set_client */;
/*!50001 SET @saved_cs_results         = @@character_set_results */;
/*!50001 SET @saved_col_connection     = @@collation_connection */;
/*!50001 SET character_set_client      = utf8mb4 */;
/*!50001 SET character_set_results     = utf8mb4 */;
/*!50001 SET collation_connection      = utf8mb4_0900_ai_ci */;
/*!50001 CREATE ALGORITHM=UNDEFINED */
/*!50013 DEFINER=`regional-fase2-si-backend`@`%` SQL SECURITY DEFINER */
/*!50001 VIEW `view_indicator_minigame_old` AS select `m`.`minigame_id` AS `minigame_id`,`m`.`name` AS `minigame_name`,`m`.`num_round` AS `minigame_num_round`,`m`.`date_creation` AS `minigame_date_creation`,`g`.`score` AS `gameplay_score`,`g`.`error` AS `gameplay_error`,`g`.`play_round` AS `gameplay_play_round`,`g`.`success` AS `gameplay_success`,`g`.`exception` AS `gameplay_exception`,`g`.`bonus` AS `gameplay_bonus`,`g`.`extra_information` AS `gameplay_extra_information`,`g`.`date_creation` AS `gameplay_date_creation`,`gs`.`gameplay_status_id` AS `gameplay_status_id`,`gs`.`name` AS `gameplay_status_name`,`gs`.`date_creation` AS `gameplay_status_date_creation`,`loqSIGLOXXI`.`name` AS `sigloxxi_competence`,`gmloqSIGLOXXI`.`score` AS `sigloxxi_score`,`gmloqSIGLOXXI`.`date_creation` AS `sigloxxi_date_creation`,`loqSTEAM`.`name` AS `steam_competence`,`gmloqSTEAM`.`score` AS `steam_score`,`gmloqSTEAM`.`date_creation` AS `steam_date_creation`,`e`.`status` AS `enrolment_status`,`e`.`date_creation` AS `enrolment_date_creation`,`sy`.`name` AS `school_year_name`,`b`.`branch_id` AS `branch_id`,`b`.`name` AS `branch_name`,`b`.`consecutive_branch` AS `branch_consecutive_branch`,`t`.`town_id` AS `town_id`,`t`.`name` AS `town_name`,`t`.`code_dane` AS `town_consecutive_branch`,`d`.`department_id` AS `department_id`,`d`.`name` AS `department_name`,`z`.`zone_id` AS `zone_id`,`z`.`name` AS `zone_name`,`gg`.`name` AS `grade_group_name`,`gg`.`display_name` AS `grade_group_display_name`,`gr`.`grade_id` AS `grade_id`,`gr`.`name` AS `grade_name`,`grp`.`group_id` AS `group_id`,`grp`.`name` AS `group_name`,`i`.`institution_id` AS `institution_id`,`i`.`name` AS `institution_name`,`i`.`code_dane` AS `institution_code_dane`,`u`.`username` AS `user_username`,`u`.`first_name` AS `user_first_name`,`u`.`second_name` AS `user_second_name`,`u`.`first_lastname` AS `user_first_lastname`,`u`.`second_lastname` AS `user_second_lastname`,`u`.`email` AS `user_email`,`u`.`status` AS `user_status`,`u`.`document` AS `user_document`,`u`.`date_creation` AS `user_date_creation`,`dt`.`name` AS `document_type_name`,`challenge`.`attribute_id` AS `challenge_id`,`challenge`.`name` AS `challenge_name`,`trajectory`.`attribute_id` AS `trajectory_id`,`trajectory`.`name` AS `trajectory_name`,`trajectory`.`description` AS `trajectory_description`,`cycle`.`attribute_id` AS `cycle_id`,`cycle`.`name` AS `cycle_name`,`cycle`.`description` AS `cycle_description` from ((((((((((((((((((((((((((`minigame` `m` join `gameplay` `g` on(((`g`.`minigame_id` = `m`.`minigame_id`) and (`g`.`date_delete` is null)))) join `gameplay_status` `gs` on(((`gs`.`gameplay_status_id` = `g`.`gameplay_status_id`) and (`gs`.`date_delete` is null)))) join `gameplay_minigame_learning_outcome_qualifier` `gmloqSIGLOXXI` on(((`gmloqSIGLOXXI`.`gameplay_id` = `g`.`gameplay_id`) and (`gmloqSIGLOXXI`.`date_delete` is null)))) join `minigame_learning_outcome_qualifier` `mloqSIGLOXXI` on(((`mloqSIGLOXXI`.`minleaoutqua_id` = `gmloqSIGLOXXI`.`minleaoutqua_id`) and (`mloqSIGLOXXI`.`date_delete` is null)))) join `learning_outcome_qualifier` `loqSIGLOXXI` on(((`loqSIGLOXXI`.`leaoutqua_id` = `mloqSIGLOXXI`.`leaoutqua_id`) and (`loqSIGLOXXI`.`date_delete` is null) and (`loqSIGLOXXI`.`leaoutquatyp_id` = 1)))) join `gameplay_minigame_learning_outcome_qualifier` `gmloqSTEAM` on(((`gmloqSTEAM`.`gameplay_id` = `g`.`gameplay_id`) and (`gmloqSTEAM`.`date_delete` is null)))) join `minigame_learning_outcome_qualifier` `mloqSTEAM` on(((`mloqSTEAM`.`minleaoutqua_id` = `gmloqSTEAM`.`minleaoutqua_id`) and (`mloqSTEAM`.`date_delete` is null)))) join `learning_outcome_qualifier` `loqSTEAM` on(((`loqSTEAM`.`leaoutqua_id` = `mloqSTEAM`.`leaoutqua_id`) and (`loqSTEAM`.`date_delete` is null) and (`loqSTEAM`.`leaoutquatyp_id` = 2)))) join `enrolment` `e` on(((`e`.`enrolment_id` = `g`.`enrolment_id`) and (`e`.`date_delete` is null)))) join `school_year` `sy` on(((`sy`.`schyea_id` = `e`.`schyea_id`) and (`sy`.`date_delete` is null)))) join `branch` `b` on(((`b`.`branch_id` = `e`.`branch_id`) and (`b`.`date_delete` is null)))) join `town` `t` on(((`t`.`town_id` = `b`.`town_id`) and (`t`.`date_delete` is null)))) join `department` `d` on(((`d`.`department_id` = `t`.`department_id`) and (`d`.`date_delete` is null)))) join `zone` `z` on(((`t`.`zone_id` = `z`.`zone_id`) and (`z`.`date_delete` is null)))) join `grade_group` `gg` on(((`gg`.`gragro_id` = `e`.`gragro_id`) and (`gg`.`date_delete` is null)))) join `group` `grp` on(((`grp`.`group_id` = `gg`.`group_id`) and (`grp`.`date_delete` is null)))) join `grade` `gr` on(((`gr`.`grade_id` = `gg`.`grade_id`) and (`gr`.`date_delete` is null)))) join `institution` `i` on(((`i`.`institution_id` = `b`.`institution_id`) and (`i`.`date_delete` is null)))) join `user` `u` on(((`u`.`user_id` = `e`.`user_id`) and (`u`.`date_delete` is null)))) join `document_type` `dt` on(((`dt`.`document_type_id` = `u`.`document_type_id`) and (`dt`.`date_delete` is null)))) left join `minigame_attribute` `attribute1` on(((`attribute1`.`minigame_id` = `m`.`minigame_id`) and (`attribute1`.`attribute_id` in (32,33)) and (`attribute1`.`date_delete` is null)))) left join `attribute` `challenge` on(((`challenge`.`attribute_id` = `attribute1`.`attribute_id`) and (`challenge`.`date_delete` is null)))) left join `minigame_attribute` `attribute2` on(((`attribute2`.`minigame_id` = `m`.`minigame_id`) and (`attribute2`.`attribute_id` in (20,21,22,23,24,25)) and (`attribute2`.`date_delete` is null)))) left join `attribute` `trajectory` on(((`trajectory`.`attribute_id` = `attribute2`.`attribute_id`) and (`trajectory`.`date_delete` is null)))) left join `minigame_attribute` `attribute3` on(((`attribute3`.`minigame_id` = `m`.`minigame_id`) and (`attribute3`.`attribute_id` in (26,27,28,29,30,31)) and (`attribute3`.`date_delete` is null)))) left join `attribute` `cycle` on(((`cycle`.`attribute_id` = `attribute3`.`attribute_id`) and (`cycle`.`date_delete` is null)))) */;
/*!50001 SET character_set_client      = @saved_cs_client */;
/*!50001 SET character_set_results     = @saved_cs_results */;
/*!50001 SET collation_connection      = @saved_col_connection */;
/*!40103 SET TIME_ZONE=@OLD_TIME_ZONE */;

/*!40101 SET SQL_MODE=@OLD_SQL_MODE */;
/*!40014 SET FOREIGN_KEY_CHECKS=@OLD_FOREIGN_KEY_CHECKS */;
/*!40014 SET UNIQUE_CHECKS=@OLD_UNIQUE_CHECKS */;
/*!40101 SET CHARACTER_SET_CLIENT=@OLD_CHARACTER_SET_CLIENT */;
/*!40101 SET CHARACTER_SET_RESULTS=@OLD_CHARACTER_SET_RESULTS */;
/*!40101 SET COLLATION_CONNECTION=@OLD_COLLATION_CONNECTION */;
/*!40111 SET SQL_NOTES=@OLD_SQL_NOTES */;

-- Dump completed on 2024-06-19 15:01:51
